Надо брать	Текст сообщения	Дата	Время	Канал	Тайминг	Компания
	Сахалинэнерго Отчет МСФО Читать далее 👉 https://smartlab.news/i/202399 #SLEN	31.08.2026	2:32	Смарт Лаб	31.08.2026 2:32:00	
	ДЭК Отчет МСФО Читать далее 👉 https://smartlab.news/i/202400 #DVEC	31.08.2026	4:06	Смарт Лаб	31.08.2026 4:06:00	
Важно	⚠️🇷🇺#OZON Логистический центр OZON атакован в ростовской области. Возгорание потушено, пострадавших нет -- компания	31.08.2026	6:32	Market Twits	31.08.2026 6:32:00	
Не важно	mt в max 🗓КАЛЕНДАРЬ НА СЕГОДНЯ — 2026.08.31 🌎саммит ШОС в Бишкеке - день 1 🇬🇧Британия - нет торгов - Bank Holiday 🇨🇳КНР - Manufacturing/Services/Composite PMI (авг) - 04:30мск 🇩🇪Германия - потребинфляция (авг) - 15:00мск 🇷🇺пресс-конференция ЦБ РФ по проекту основных направлений единой государственной ДКП на 2027-2029гг 🇺🇸США - Chicago PMI (авг) - 16:45мск 🇺🇸США - Dallas Fed Mfg Business Index (авг) - 17:30мск 🇷🇺СД по дивилдендам: #BTBR попсовые отчетности: 🇷🇺МСФО: #AFLT #PRMD #DATA #GLRX	31.08.2026	6:50	Market Twits	31.08.2026 6:50:00	
Не важно	🌎#markets	31.08.2026	6:53	Market Twits	31.08.2026 6:53:00	
Не важно	🌎#fx USDCNY = 6.72 USDTRUB = 87.70	31.08.2026	6:54	Market Twits	31.08.2026 6:54:00	
Возможно	Логистический объект Ozon в Ростовской области попал под атаку БПЛА, возникшее небольшое возгорание сразу потушили #OZON Читать далее 👉 https://smartlab.news/i/202401 мы в max	31.08.2026	6:55	Смарт Лаб	31.08.2026 6:55:00	
Возможно	Сбербанк получил 3,7 тыс. заявок на реструктуризацию кредитов селлеров Wildberries и Ozon, одобренный объем составил ₽6,8 млрд — ТАСС #OZON Читать далее 👉 https://smartlab.news/i/202402 мы в max	31.08.2026	6:56	Смарт Лаб	31.08.2026 6:56:00	
Возможно	⚠️🇮🇷#иран #геополитика #ормуз #дедолларизация Впервые за месяц США и Иран обменялись ударами США ударили по острову Ларак. Иран ударил по военной базе США в Иордании и ОАЭ. Транзит через Ормузский пролив сократился до пяти судов в сутки, пишет Al Jazeera. МИД Ирана повторил, что Иран не откроет Ормузский пролив до выполнения своих требований. Бессент заявил, что США будут еженедельно вводить санкции для давления на Иран. Верховный лидер Ирана призвал к отказу иранской экономики от доллара США. Трамп угрожает разнести иранский нефтяной хаб на острове Харг.	31.08.2026	6:59	Market Twits	31.08.2026 6:59:00	
Не важно	⬆️🛢#нефть = +2% на фоне новой эскалации между США и Ираном	31.08.2026	7:04	Market Twits	31.08.2026 7:04:00	
Возможно	У маркетплейса М.Видео по итогам июля число новых продавцов выросло на 59,2% м/м — селлеры начали активнее диверсифицировать свои продажи на маркетплейсах после атак на склады Wildberries и Ozon — Ъ #OZON #MVID #YDEX Читать далее 👉 https://smartlab.news/i/202403 мы в max	31.08.2026	7:04	Смарт Лаб	31.08.2026 7:04:00	
Не важно	❗️🇨🇳#экономика #китай #отчетность КНР (авг) Composite PMI = 49.3 (ранее 50.6) Services PMI = 49 (ранее 49) Manufacturing PMI = 49.8 (ранее 49.2) ⚠️активность в экономике КНР продолжает снижаться	31.08.2026	7:06	Market Twits	31.08.2026 7:06:00	
Важно	❗️🇷🇺#SBER #дивиденд СБЕР В НОЯБРЕ НА ДНЕ ИНВЕСТОРА ПРЕДСТАВИТ НОВУЮ СТРАТЕГИЮ НА 3 ГОДА И ОПРЕДЕЛИТСЯ С ДИВИДЕНДНОЙ ПОЛИТИКОЙ Сбер хотел бы и в будущем поддерживать планку дивидендных выплат в размере 50% от прибыли — интервью ТАСС в преддверии ВЭФ	31.08.2026	7:08	Market Twits	31.08.2026 7:08:00	
Не важно	⚠️🇩🇪#германия #геополитика #нато Мерц в интервью телеканалу ARD заявил, что расходы на оборону имеют больший приоритет, чем траты государства на выплату родительских пособий, а сложившаяся ситуация в сфере безопасности требует пересмотра бюджетных приоритетов в пользу укрепления обороноспособности страны.	31.08.2026	7:14	Market Twits	31.08.2026 7:14:00	
Возможно	Сбербанк хотел бы и дальше направлять на дивиденды 50% прибыли. Ориентиры по дивидендной политике банк представит в ноябре на Дне инвестора вместе с новой стратегией — финдир банка Тарас Скворцов #SBER Читать далее 👉 https://smartlab.news/i/202404 мы в max	31.08.2026	7:16	Смарт Лаб	31.08.2026 7:16:00	
Важно	⚠️🇪🇺#нато #арктика #геополитика НАТО хочет превратить Арктику в фронт противостояния против РФ — Лавров в колонке для РИА	31.08.2026	7:20	Market Twits	31.08.2026 7:20:00	
Возможно	💥🇷🇺#MVID У маркетплейса «М.Видео» по итогам июля число новых продавцов выросло на 59,2% по сравнению с июнем, а трафик — в 2,5 раза. Онлайн-продавцы ищут альтернативу Ozon и Wildberries — Ъ	31.08.2026	7:26	Market Twits	31.08.2026 7:26:00	
Возможно	На фоне ударов БПЛА по логистическим объектам Ozon и Wildberries инвесторы начали распродавать паи связанных со складами ЗПИФов недвижимости — Ведомости #OZON Читать далее 👉 https://smartlab.news/i/202405 мы в max	31.08.2026	7:27	Смарт Лаб	31.08.2026 7:27:00	
Возможно	⚠️🇷🇺#OZON #пифы Удары по Ozon и Wildberries спровоцировали распродажу связанных с ними ЗПИФов — Ведомости ЗПИФы «Парус-ОЗН» и «Парус-НиНо» подешевели в августе в среднем на 15%	31.08.2026	7:32	Market Twits	31.08.2026 7:32:00	
Возможно	❗️🌎#шос #событие Юбилейный саммит ШОС пройдет в Кыргызстане. Ожидается приезд представителей 21 государства. Основное заседание пройдет в Бишкеке 1 сентября, а мероприятия высокого уровня запланированы на 31 августа — 1 сентября.	31.08.2026	7:35	Market Twits	31.08.2026 7:35:00	
Возможно	Т-Банк разместит среди рыночных инвесторов ипотечные облигации почти на ₽12,75 млрд — Ъ Читать далее 👉 https://smartlab.news/i/202406 мы в max	31.08.2026	7:38	Смарт Лаб	31.08.2026 7:38:00	
Возможно	❗️🇷🇺#вэф #россия #событие Восточный экономический форум (ВЭФ) пройдет с 1 по 4 сентября во Владивостоке. В этом году на форум приедут более 5 тысяч участников примерно из 70 стран. Пленарное заседание с участием Путина запланировано на 3 сентября.	31.08.2026	7:39	Market Twits	31.08.2026 7:39:00	
Не важно	❗️🛢#бензин #дизель #макро Мировой дефицит дизеля вот-вот усилится т.к. в Бразилии начинается посевная, а эта страна является крупнейшим после Австралии импортером дизеля в мире — BBG	31.08.2026	7:43	Market Twits	31.08.2026 7:43:00	
Возможно	Запрет на экспорт дизтоплива для НПЗ продлили до конца сентября Читать далее 👉 https://smartlab.news/i/202407 мы в max	31.08.2026	7:46	Смарт Лаб	31.08.2026 7:46:00	
Возможно	🇷🇺#акции #россия #обзор Некоторые эксперты ожидают "разгона" акций РФ на фоне саммитов ШОС, ВЭФ и далее перед выборами в Госдуму 20 сентября — мониторинг	31.08.2026	7:59	Market Twits	31.08.2026 7:59:00	
Возможно	МНЕНИЕ: Трубный рынок может начать восстановление во II полугодии на фоне отложенного спроса — Ъ #TRMK Читать далее 👉 https://smartlab.news/i/202410 мы в max	31.08.2026	8:02	Смарт Лаб	31.08.2026 8:02:00	
Не важно	⚠️🇺🇸#облигации #сша Европейские центробанкиры опасаются дальнейшего хаоса в гособлигациях США — RTRS Прошлая пятница завершилась сильнейшими распродажами после ястребиных комментариев Уорша на выступлении в Джексон Хоуле. "Длинные бонды" сильно не падали - там покупает Бессент. Сегодня на азиатской сессии настроения также медвежьи — мониторинг	31.08.2026	8:08	Market Twits	31.08.2026 8:08:00	
Возможно	Выручка крупных российских брокеров в I полугодии выросла на 40% г/г, до ₽41,8 млрд. Несмотря на рост выручки, чистая прибыль большинства компаний снизилась почти на 30% — Ъ Читать далее 👉 https://smartlab.news/i/202412 мы в max	31.08.2026	8:15	Смарт Лаб	31.08.2026 8:15:00	
	🖨 КуйбышевАзот МСФО за I полугодие 2026 года: 📈 Прибыль ₽5.5 млрд (+60% г/г) 📉 Выручка ₽41,98 млрд (–4,6% г/г) Читать далее 👉 https://smartlab.news/i/202413 #KAZTP	31.08.2026	8:23	Смарт Лаб	31.08.2026 8:23:00	
	🇷🇺#KAZT #отчетность КУЙБЫШЕВАЗОТ МСФО 1П 2026Г = +5.5 МЛРД РУБ ПРОТИВ ПРИБЫЛИ +3.4 МЛРД РУБ ГОДОМ РАНЕЕ	31.08.2026	8:24	Market Twits	31.08.2026 8:24:00	
Возможно	МНЕНИЕ: Экспорт российской пшеницы в сентябре может рухнуть на 52,1–62,5% г/г, до 1,8–2,3 млн тонн — минимум с 2010 года — Ъ #RAGR Читать далее 👉 https://smartlab.news/i/202414 мы в max	31.08.2026	8:26	Смарт Лаб	31.08.2026 8:26:00	
Важно	⚠️🇺🇦#украина #геополитика #прогноз В Минобороны РФ сообщили, что российская армия начала подготовку к массированным ударам по объектам энергетической инфраструктуры Украины в ответ на продолжающиеся удары Киева по гражданской инфраструктуре и топливно-энергетическому комплексу России.	31.08.2026	8:28	Market Twits	31.08.2026 8:28:00	
Не важно	💉#фарма #прогноз Рак кожи, мочевого пузыря, толстой и прямой кишки, а также мелкоклеточный рак легких могут быть побеждены в течение 3-6 лет — Гинцбург	31.08.2026	8:34	Market Twits	31.08.2026 8:34:00	
Не важно	⚠️🇺🇸#дкп #сша #прогноз Deutsche присоединился к Barclays и Socgen и теперь тоже прогнозирует повышение ставки ФРС в сентябре и декабре этого года	31.08.2026	8:38	Market Twits	31.08.2026 8:38:00	
Возможно	📈 Сводный индекс деловой среды РСПП в августе вырос на 0,9 пункта, до 43,3 пункта, прервав трехмесячное снижение, при этом все равно остается в зоне ухудшения Читать далее 👉 https://smartlab.news/i/202416 мы в max	31.08.2026	8:43	Смарт Лаб	31.08.2026 8:43:00	
Не важно	⚠️🌎#инфляция #апк #мир Сельхозпродукты продолжают быстро дорожать. Индекс S&P Agriculture Index растет уже 11 дней подряд - это самая продолжительная чреда роста цен в этом столетии.	31.08.2026	8:45	Market Twits	31.08.2026 8:45:00	
Возможно	🇷🇺#AFKS #OZON #VTBR АФК «Система» раскрыла структуру сделки, по которой передала ВТБ залог в виде акций Ozon — FM Холдинг заключил сложную многоэтапную сделку-аналог репо на несколько лет, в которой залогом выступали не только пакет акций маркетплейса, но и гарантии его «дочек», а также кеш на 120 млрд рублей	31.08.2026	8:50	Market Twits	31.08.2026 8:50:00	
	🇷🇺#UTAR #отчетность ЮТЭЙР МСФО 1П 2026Г = УБЫТОК -5 МЛРД РУБ ПРОТИВ УБЫТКА -0.25 МЛРД РУБ ГОДОМ РАНЕЕ	31.08.2026	8:53	Market Twits	31.08.2026 8:53:00	
Не важно	На ЦФА пришлось около 69% объема дефолтов по долговым инструментам в июне — Forbes Читать далее 👉 https://smartlab.news/i/202418 мы в max	31.08.2026	8:54	Смарт Лаб	31.08.2026 8:54:00	
Не важно	🇰🇬🇨🇳#кыргызстан #китай #макро Кыргызстан и Китай подписали договор о вечном добрососедстве, дружбе и сотрудничестве.	31.08.2026	8:55	Market Twits	31.08.2026 8:55:00	
	🖨️ Ютэйр МСФО за I полугодие 2026 года: 📈 Убыток ₽5 млрд против убытка ₽0,25 млрд годом ранее 📈 Выручка ₽54,8 млрд (+2,2% г/г) #UTAR Читать далее 👉 https://smartlab.news/i/202419 мы в max	31.08.2026	8:58	Смарт Лаб	31.08.2026 8:58:00	
	🔔 Доброе утро! Сегодня 31.08 ожидаем следующие события: 🇷🇺 Промомед: Вебинар, посвященный операционным и финансовым результатам, за 1 полугодие 2026 года 🇷🇺 Промомед: PRMD - МСФО 6 мес. 2026 г. 🇷🇺 Аренадата: Отчет МСФО за 1П 2026 года 🇷🇺 Аренадата: Онлайн-встреча с топ-менеджментом по итогам отчетности МСФО за 1п 2026г 🇷🇺 B2B-РТС: СД рассмотрит вопрос об утверждении рекомендаций относительно размера дивидендов по акциям 🇷🇺 ГЛОРАКС | Glorax: Отчет МСФО за 1 полугодие 2026 года 🇷🇺 Пресс-конференция ЦБ по проекту Основных направлений единой государственной ДКП на 2027 – 2029 годы 📆 Полный календарь тут: https://smart-lab.ru/calendar/stocks/ ✊Удачных инвестиций!	31.08.2026	9:00	Смарт Лаб	31.08.2026 9:00:00	
	🇷🇺#GLRX #отчетность ГЛОРАКС МСФО 1П 2026Г = ПРИБЫЛЬ +1.59 МЛРД РУБ ПРОТИВ ПРИБЫЛИ +2.33 МЛРД РУБ ГОДОМ РАНЕЕ отчет	31.08.2026	9:05	Market Twits	31.08.2026 9:05:00	
Возможно	Бензин в августе был доступен только на 62,5% российских АЗС — Известия Читать далее 👉 https://smartlab.news/i/202422 мы в max	31.08.2026	9:05	Смарт Лаб	31.08.2026 9:05:00	
	🖨️ Глоракс МСФО за I полугодие 2026 года: 📉 Прибыль ₽1,59 млрд (–32% г/г) 📈 Выручка ₽27 млрд (+45% г/г) #GLRX Читать далее 👉 https://smartlab.news/i/202423 мы в max	31.08.2026	9:06	Смарт Лаб	31.08.2026 9:06:00	
Возможно	#MVID Селлеры массово идут на маркетплейс М.Видео Рост месячного притока новых продавцов в июле в сравнении с январем 2026 года составил 168%, а с июнем — 59,2%, добавляют там. За вторую половину июля — начало августа к площадке присоединилось 1,6 тыс. новых партнеров. По данным Digital Budget, в июле по отношению к началу года входящий трафик у Wildberries упал на 21%, у «Мегамаркета» — на 38%. У «М.Видео» он вырос в 2,5 раза, у Ozon — на 20%, а у «Яндекс Маркета» — на 5%.	31.08.2026	9:07	Шпион РЦБ	31.08.2026 9:07:00	
Не важно	❗️✴️🇷🇺#CBDC #россия #крипто ЦИФРОВОЙ РУБЛЬ: СТАРТ ИСПОЛЬЗОВАНИЯ Крупнейшие банки и розничные компании с 1 сентября 2026 года открывают свою инфраструктуру для работы с цифровыми рублями — ЦБ релиз	31.08.2026	9:08	Market Twits	31.08.2026 9:08:00	
Возможно	Европейская Электротехника РСБУ 1п 2026г: 📈Выручка ₽1,12 млрд (+34,9% г/г) 📈Чистая прибыль ₽0,77 млрд (рост в 37,6 раза г/г) Читать далее 👉 https://smartlab.news/i/202425 #EELT	31.08.2026	9:11	Смарт Лаб	31.08.2026 9:11:00	
Возможно	🇷🇺#смп #логистика #россия Грузопоток по Севморпути (СМП) за восемь месяцев вырос на 15% г/г. За 10 лет объем перевозок по СМП вырос почти в 10 раз — до 37 млн тонн в 2025 г, сообщил глава Минвостокразвития *Северный морской путь (СМП) — кратчайший судоходный маршрут между западной частью Евразии и Азиатско-Тихоокеанским регионом и исторически сложившаяся национальная транспортная артерия России	31.08.2026	9:14	Market Twits	31.08.2026 9:14:00	
Возможно	🇷🇺#трубы #россия #прогноз Аналитики и крупнейший в России производитель стальных труб — ТМК — рассчитывают на улучшение ситуации на внутреннем трубном рынке во 2п 2026г.	31.08.2026	9:15	Market Twits	31.08.2026 9:15:00	
Не важно	⬇️🇷🇺#пшеница #зерно #россия Экспорт пшеницы в сентябре может упасть на 52,1% - до минимума за 16 лет, прогнозируют в «Совэконе» Из-за сокращения экспорта цены на зерно продолжают падать.	31.08.2026	9:18	Market Twits	31.08.2026 9:18:00	
Не важно	⚠️🌫#серебро Производители солнечных панелей активно ищут способы сократить использование серебра в своей продукции. Это может лишить драгметалл ключевого источника спроса, который недавно помог ему достичь рекордных цен — BBG	31.08.2026	9:21	Market Twits	31.08.2026 9:21:00	
Не важно	⚠️✴️🇷🇺#дефолты #цфа #крипто #россия В 2026г дефолты на рынке ЦФА все больше напоминают системную проблему — Forbes	31.08.2026	9:24	Market Twits	31.08.2026 9:24:00	
	🇷🇺#IRKT #отчетность ЯКОВЛЕВ МСФО 1П 2026Г = УБЫТОК -5.3 МЛРД РУБ ПРОТИВ ПРИБЫЛИ +2.5 МЛРД РУБ ГОДОМ РАНЕЕ	31.08.2026	9:26	Market Twits	31.08.2026 9:26:00	
	🖨 Яковлев МСФО за I полугодие 2026 года: 📉 Убыток ₽5.3 млрд против прибыли ₽2,5 млрд годом ранее Читать далее 👉 https://smartlab.news/i/202427 #IRKT	31.08.2026	9:26	Смарт Лаб	31.08.2026 9:26:00	
Не важно	#Нефтянка Brent снова выше $90 на фоне новой эскалации между США и Ираном США ударили по иранскому острову. Иран ответил по базам США.	31.08.2026	9:26	Шпион РЦБ	31.08.2026 9:26:00	
Не важно	🇷🇺#брокеры #россия #отчетность Выручка брокеров РФ в 1п 2026г выросла на 40% и составила почти 42 млрд руб. Основной прирост дали комиссии на долговом рынке, в том числе доходы от размещения облигаций. Однако чистая прибыль у большинства компаний снизилась почти на 30%, что отчасти связано с почти двукратным падением прибыли от торговых доходов. — Ъ	31.08.2026	9:29	Market Twits	31.08.2026 9:29:00	
Важно	🇷🇺#AFLT #отчетность СКОРРЕКТИРОВАННАЯ ЧИСТАЯ ПРИБЫЛЬ "АЭРОФЛОТА" ПО МСФО В I ПОЛУГОДИИ 2026 Г СНИЗИЛАСЬ НА 88,4% И СОСТАВИЛА 0,5 МЛРД РУБ отчет	31.08.2026	9:30	Market Twits	31.08.2026 9:30:00	
	🇷🇺#PRMD #отчетность ПРОМОМЕД МСФО 1П 2026Г = ПРИБЫЛЬ +2.58 МЛРД РУБ ПРОТИВ ПРИБЫЛИ +1.4 МЛРД РУБ ГОДОМ РАНЕЕ отчет	31.08.2026	9:31	Market Twits	31.08.2026 9:31:00	
Важно	🖨️ Аэрофлот МСФО за I полугодие 2026 года: 📉 Скорр. прибыль ₽0,47 млрд (–88,4% г/г) 📈 Скорр. прибыль за II кв ₽9,3 млрд (+20% г/г) 📈 Выручка ₽429,8 млрд (+3,6% г/г) 📈 Выручка за II кв ₽228,6 млрд (+1,8% г/г) #AFLT Читать далее 👉 https://smartlab.news/i/202429 мы в max	31.08.2026	9:31	Смарт Лаб	31.08.2026 9:31:00	
	🖨️ Промомед МСФО за I полугодие 2026 года: 📈 Прибыль ₽2,6 млрд (+83% г/г) 📈 Выручка ₽22,8 млрд (+76% г/г) 📈 EBITDA ₽7,7 млрд (+76% г/г) #PRMD Читать далее 👉 https://smartlab.news/i/202431 мы в max	31.08.2026	9:32	Смарт Лаб	31.08.2026 9:32:00	
	🇷🇺#DATA #отчетность АРЕНДАТА МСФО 1П 2026Г = УБЫТОК -0.34 МЛРД РУБ ПРОТИВ УБЫТКА -0.92 МЛРД РУБ ГОДОМ РАНЕЕ	31.08.2026	9:33	Market Twits	31.08.2026 9:33:00	
	🇷🇺#APTK #отчетность АПТЕКИ 36.6 МСФО 1П 2026Г = ПРИБЫЛЬ +0.267 МЛРД РУБ ПРОТИВ ПРИБЫЛИ +0.04 МЛРД РУБ ГОДОМ РАНЕЕ	31.08.2026	9:34	Market Twits	31.08.2026 9:34:00	
	🖨️ Аренадата МСФО за I полугодие 2026 года: 📈 Убыток ₽0,34 млрд против убытка ₽0,92 млрд годом ранее 📈 Выручка ₽2,5 млрд (+86% г/г) 🔮 Прогноз на 2026 год: рост выручки составит не менее 20% #DATA Читать далее 👉 https://smartlab.news/i/202432 мы в max	31.08.2026	9:35	Смарт Лаб	31.08.2026 9:35:00	
	🖨️ Аптечная сеть 36.6 МСФО за I полугодие 2026 года: 📈 Прибыль ₽0,26 млрд (рост в 6,7 раза) 📈 Выручка ₽56 млрд (+9,5% г/г) #APTK Читать далее 👉 https://smartlab.news/i/202433 мы в max	31.08.2026	9:36	Смарт Лаб	31.08.2026 9:36:00	
Не важно	✴️#ETH #прогноз #крипто Артур Хейс ожидает прост ETH до $5000 к концу этого года	31.08.2026	9:38	Market Twits	31.08.2026 9:38:00	
Возможно	🇷🇺#MVID #отчетность М.Видео зафиксировала рекордный приток продавцов на маркетплейсе: число действующих партнеров превысило 12 тысяч — отчет	31.08.2026	9:39	Market Twits	31.08.2026 9:39:00	
Не важно	#Рынки Чистая прибыль крупнейших брокеров сократилась по итогам полугодия — Коммерсантъ Выручка крупных профучастников от брокерской деятельности по итогам первого полугодия выросла на 40% и составила почти 42 млрд руб. Основной прирост дали комиссии на долговом рынке, в том числе доходы от размещения облигаций. Однако чистая прибыль у большинства компаний снизилась почти на 30%, что отчасти связано с почти двукратным падением прибыли от торговых доходов.	31.08.2026	9:39	Шпион РЦБ	31.08.2026 9:39:00	
Не важно	⬆️✴️#крипто #cot #отчетность Совокупный приток в крипо-продукты составил +$3.2 млрд на прошлой неделе, это максимальный недельный приток с окт 2025г — BofA	31.08.2026	9:43	Market Twits	31.08.2026 9:43:00	
Важно	ДВМП МСФО 1п 2026г: 📈Выручка ₽92,07 млрд (+5% г/г) 📉Чистая прибыль ₽36 млн против ₽709 млн прибыли годом ранее Читать далее 👉 https://smartlab.news/i/202435 #FESH	31.08.2026	9:45	Смарт Лаб	31.08.2026 9:45:00	
Важно	🇷🇺#FESH #отчетность ДВМП МСФО 1П 2026Г = ПРИБЫЛЬ +0.036 МЛРД РУБ ПРОТИВ ПРИБЫЛИ +0.709 МЛРД РУБ ГОДОМ РАНЕЕ отчет	31.08.2026	9:48	Market Twits	31.08.2026 9:48:00	
Не важно	⬆️✴️#крипто #buybackи В этом году крипто-проекты направили на buybackи собственных токенов около $638 млн против $545 млн годом ранее. Почти 90% от этой суммы пришлось на проекты Hyperliquid и Pumpfun — FT #HYPE #PUMP	31.08.2026	9:49	Market Twits	31.08.2026 9:49:00	
Важно	#AFLT #Отчетность Выручка группы «Аэрофлот» за первые шесть месяцев 2026 г. выросла на 3,6% по сравнению с аналогичным периодом прошлого года, достигнув 429,8 млрд руб. Об этом говорится в отчетности по МСФО, опубликованной перевозчиком. Ключевым драйвером стал пассажиропоток, который увеличился на 0,3% до 26 млн человек, в том числе на международных линиях (+10,3%), уточняется в пресс-релизе группы. В целом пассажирооборот прибавил 5,1%. Скорректированная EBITDA (без учета разовых статей) выросла на 0,4% до 83,1 млрд руб., а скорректированная чистая прибыль составила 0,5 млрд руб.	31.08.2026	9:56	Шпион РЦБ	31.08.2026 9:56:00	
Возможно	Интермодальные перевозки группы Fesco за 1п 2026г выросли на 6% г/г до 355 тыс TEU, международные морские перевозки на 18% г/г до 302 тыс TEU #FESH Читать далее 👉 https://smartlab.news/i/202440 мы в max	31.08.2026	9:58	Смарт Лаб	31.08.2026 9:58:00	
Возможно	📈Акции М.Видео растут более, чем на 8% после новости о притоке селлеров на платформу #MVID Максимальный месячный показатель по количеству новых регистраций был достигнут в июле 2026 года — более 1,6 тыс. партнеров. Динамика роста регистраций усилилась во второй половине месяца и продолжилась в августе. При этом площадку рассматривать как новый канал продаж начали и крупные игроки рынка в непрофильных для М.Видео товарных категориях — так, например, на маркетплейсе уже торгуют Divan.ru, Аскона, РОСМЭН, ELEGANZZA, а в августе на маркетплейс вышел Стокманн. Читать далее 👉 https://smartlab.news/i/202442 мы в max	31.08.2026	10:02	Смарт Лаб	31.08.2026 10:02:00	
Возможно	⬆️🇷🇺#MVID = +8% на перетоке продавцов	31.08.2026	10:03	Market Twits	31.08.2026 10:03:00	
Не важно	МНЕНИЕ: Мировые цены на зерно могут вырасти на 10–12% из-за участившихся атак на торговые суда в Черном море, о чем сообщили представители турецкого бизнеса изданию Ekonomim #RAGR Читать далее 👉 https://smartlab.news/i/202443 мы в max	31.08.2026	10:05	Смарт Лаб	31.08.2026 10:05:00	
Не важно	🇩🇪#MBG #buyback Mercedes запускает buyback на 1 млрд евро	31.08.2026	10:06	Market Twits	31.08.2026 10:06:00	
Возможно	Аренадата уточняет прогноз по росту выручки на 2026 год: он может составит не менее 20%. #DATA Ранее компания закладывала в прогноз рост выручки на 20-40% в 2026 году. Выручка за 2025 год составила 8,75 млрд руб. Читать далее 👉 https://smartlab.news/i/202444 мы в max	31.08.2026	10:07	Смарт Лаб	31.08.2026 10:07:00	
Возможно	Нефтяной супертанкер в Ормузском проливе натолкнулся на 2 мины, после их детонации на борту судна начался пожар — КСИР Читать далее 👉 https://smartlab.news/i/202445 мы в max	31.08.2026	10:18	Смарт Лаб	31.08.2026 10:18:00	
Не важно	🇺🇸#акции #сша #обзор Корреляция между акциями внутри индекса SP500 обновила исторический минимум — CNBC	31.08.2026	10:19	Market Twits	31.08.2026 10:19:00	
Не важно	⬆️🇷🇺#IMOEX = +1%	31.08.2026	10:20	Market Twits	31.08.2026 10:20:00	
Возможно	🇷🇺#авиа #россия Минпромторг нашел способ закрыть спрос авиакомпаний на новые самолеты — ПРАЙМ Российским перевозчикам предложат Ил-114-300, который должен закрыть потребность в современных региональных самолетах, заявил замглавы Минпромторга Геннадий Абраменков	31.08.2026	10:21	Market Twits	31.08.2026 10:21:00	
Возможно	Армия Ирана заявила, что ее беспилотники атаковали авиабазу ОАЭ, где находились американские военные и вертолеты, в ответ на гибель людей в Лараке Иран ответил на предыдущую атаку США на ракетные установки на своем острове Ларак, расположенном примерно в 660 км (410 милях) к востоку от Харга, ударом по двум американским базам в Иордании, сообщили иранские СМИ. Читать далее 👉 https://smartlab.news/i/202446 мы в max	31.08.2026	10:24	Смарт Лаб	31.08.2026 10:24:00	
Не важно	✴️#обзор #крипто #биржи Hyperliquid остается королем среди всех децентрализованных бирж по месячному объему торгов крипто-фьючерсами #HYPE	31.08.2026	10:27	Market Twits	31.08.2026 10:27:00	
Возможно	Временный президент Венесуэлы заявила, что энергетическая сделка с США продлится 25 лет — Reuters Читать далее 👉 https://smartlab.news/i/202447 мы в max	31.08.2026	10:27	Смарт Лаб	31.08.2026 10:27:00	
Не важно	⚠️🇨🇳#авиа #бензин #китай Три крупнейших авиакомпании Китая Air China, China Eastern Airlines и China Southern Airlines завершили полугодие с убытком из-за роста цен на авиакеросин — WSJ	31.08.2026	10:29	Market Twits	31.08.2026 10:29:00	
Возможно	⚠️🇺🇸🇮🇷#иран #санкции Минфин США намерен еженедельно вводить вторичные санкции за связи с Ираном — Бессент	31.08.2026	10:30	Market Twits	31.08.2026 10:30:00	
Возможно	📈Индекс Мосбиржи с утра прибавляет 1% до 2137 пунктов на фоне "август - месяц черных лебедей - подошел к концу", завтра снова в школу Читать далее 👉 https://smartlab.news/i/202449 мы в max	31.08.2026	10:30	Смарт Лаб	31.08.2026 10:30:00	
Возможно	🇷🇺#SBER #отчетность #россия ТАСС: СБЕР ОЖИДАЕТ В 2026 ГОДУ ПРИБЫЛЬ СУЩЕСТВЕННО ВЫШЕ УРОВНЯ 2025 ГОДА Сбер ожидает в 2026 г. прибыль существенно выше уровня 2025 г., темп роста будет чуть ниже 20% - финдиректор	31.08.2026	10:31	Market Twits	31.08.2026 10:31:00	
Не важно	МНЕНИЕ: В сентябре спекулятивный приток может поднять индекс Мосбиржи до 2200 пунктов в случае возобновления переговоров — БКС Читать далее 👉 https://smartlab.news/i/202450 мы в max	31.08.2026	10:31	Смарт Лаб	31.08.2026 10:31:00	
Возможно	#SBER Финдиректор Сбера: мы бы хотели и дальше поддерживать планку дивидендных выплат в 50% — CFO Скворцов Сбербанк разрабатывает новую стратегию на будущие три года и представит ее уже в ноябре. Банк не обещает повторения "сверхамбициозных" планов прошлой трехлетки, но намерен и в дальнейшем поддерживать планку дивидендных выплат в 50%.	31.08.2026	10:31	Шпион РЦБ	31.08.2026 10:31:00	
Важно	Сбер ожидает в 2026 г. прибыль существенно выше уровня 2025 г., темп роста будет чуть ниже 20% — финдиректор Тарас Скворцов #SBER Читать далее 👉 https://smartlab.news/i/202451 мы в max	31.08.2026	10:33	Смарт Лаб	31.08.2026 10:33:00	
Не важно	⚠️🇩🇪#доходности #германия #облигации Доходность 10-леток Германии продолжает расти и обновлять 15-летние максимумы	31.08.2026	10:35	Market Twits	31.08.2026 10:35:00	
Не важно	❗️🇷🇺#авто #россия #макро КАБМИН РФ УТВЕРДИЛ ОБНОВЛЕННУЮ СТРАТЕГИЮ РАЗВИТИЯ АВТОМОБИЛЬНОЙ ПРОМЫШЛЕННОСТИ ДО 2035 ГОДА – МИШУСТИН Правительство актуализировало стратегию развития автопрома до 2035 года — подробнее	31.08.2026	10:37	Market Twits	31.08.2026 10:37:00	
Важно	⚠️🇪🇺🇷🇺#санкции #россия Politico: ЕС внесет 1,6 тыс. физических и юридических лиц в новый пакет санкций против России Новый пакет станет "одним из самых крупных" с начала украинского конфликта.	31.08.2026	10:41	Market Twits	31.08.2026 10:41:00	
Не важно	🇷🇺#nev #авто #россия ТАСС: Мантуров: четверть автопроизводства к 2035 году будет занята электрокарами и гибридами	31.08.2026	10:43	Market Twits	31.08.2026 10:43:00	
Возможно	Тренд на увеличение объема наличных в экономике пока сохраняется, и, на наш взгляд, здесь уже нужны меры регулятора для поддержки финансового рынка — финдиректор Сбера Скворцов в интервью ТАСС #SBER - 1п 2026г успешное, результаты за июль хорошие, сохраняется положительный тренд, но повторить результаты 1п будет непросто - В ноябре на Дне инвестора будет представлена новая стратегия - По данным «Сбериндекса», за последние недели расходы населения на маркетплейсах стали на 15% ниже, чем месяц-два назад. Читать далее 👉 https://smartlab.news/i/202452 мы в max	31.08.2026	10:46	Смарт Лаб	31.08.2026 10:46:00	
Не важно	#Авто #Электрокары КАБМИН РФ УТВЕРДИЛ ОБНОВЛЕННУЮ СТРАТЕГИЮ РАЗВИТИЯ АВТОМОБИЛЬНОЙ ПРОМЫШЛЕННОСТИ ДО 2035 ГОДА – МИШУСТИН Мантуров: четверть автопроизводства к 2035 году будет занята электрокарами и гибридами	31.08.2026	10:46	Шпион РЦБ	31.08.2026 10:46:00	
Не важно	🇨🇳🇰🇬🇷🇺#китай #кыргызстан #россия Си Цзиньпин заявил о готовности расширять сотрудничество с Кыргызстаном. Путин отметил успешное развитие отношений между Россией и Кыргызстаном в духе стратегического партнерства и союзничества.	31.08.2026	10:49	Market Twits	31.08.2026 10:49:00	
Возможно	Эксперт РА понизил кредитный рейтинг "Биннофарм Групп" до уровня ruA- и снял статус "под наблюдением" Читать далее 👉 https://smartlab.news/i/202453 мы в max	31.08.2026	10:50	Смарт Лаб	31.08.2026 10:50:00	
Возможно	Эксперт РА понизил кредитные рейтинги облигаций Сегежи Групп до уровня ruB (ранее ruBB-) #SGZH Читать далее 👉 https://smartlab.news/i/202454 мы в max	31.08.2026	10:51	Смарт Лаб	31.08.2026 10:51:00	
Не важно	Экспорт удобрений из РФ в США по итогам 1п 2026г вырос на четверть — глава Российского экспортного центра #PHOR Читать далее 👉 https://smartlab.news/i/202455 мы в max	31.08.2026	10:55	Смарт Лаб	31.08.2026 10:55:00	
	Европейская Электротехника Отчет МСФО Читать далее 👉 https://smartlab.news/i/202456 #EELT	31.08.2026	10:57	Смарт Лаб	31.08.2026 10:57:00	
Возможно	ЮжУралНикель РСБУ 1п 2026г: 📉Выручка ₽63,44 млн (-33,5% г/г) 📈Чистая прибыль ₽43,18 млн против убытка ₽63,81 млн годом ранее Читать далее 👉 https://smartlab.news/i/202457 #UNKL	31.08.2026	10:58	Смарт Лаб	31.08.2026 10:58:00	
Не важно	✴️🇷🇺#крипто #россия РАКИБ объявила о создании нового совета, который займется развитием финансовых институтов в сфере оборота криптовалют. В организации считают эту структуру первым практическим шагом к появлению СРО для участников российского рынка цифровых активов.	31.08.2026	11:00	Market Twits	31.08.2026 11:00:00	
Возможно	⚠️🇺🇦#украина #геополитика Вслед за США, Британия, Нидерланды, Италия и Германия призвали своих граждан не посещать Украину	31.08.2026	11:02	Market Twits	31.08.2026 11:02:00	
Возможно	МНЕНИЕ: Мы ожидаем увидеть существенные промежуточные дивиденды Лукойла, предполагающие доходность около 12% за 1П26 — АТОН #LKOH Читать далее 👉 https://smartlab.news/i/202458 мы в max	31.08.2026	11:02	Смарт Лаб	31.08.2026 11:02:00	
Возможно	⚠️🇮🇷#иран #геополитика Перспектива скорой военной победы США над Ираном кажется маловероятной — NYT	31.08.2026	11:04	Market Twits	31.08.2026 11:04:00	
	ЮжУралНикель МСФО 1п 2026г: 📉Выручка ₽61,68 млн (-37% г/г) 📈Чистая прибыль ₽385,91 млн (рост в 2 раза г/г) Читать далее 👉 https://smartlab.news/i/202459 #UNKL	31.08.2026	11:04	Смарт Лаб	31.08.2026 11:04:00	
	Европейская Электротехника МСФО 1п 2026г: 📈Выручка ₽4,85 млрд (+46,9% г/г) 📉Чистая прибыль ₽0,12 млрд (-14,6% г/г) #EELT Читать далее 👉 https://smartlab.news/i/202460 мы в max	31.08.2026	11:09	Смарт Лаб	31.08.2026 11:09:00	
Не важно	🇷🇺#авто #россия Мишустин: российские автомобили должны быть доступны широкому кругу людей	31.08.2026	11:10	Market Twits	31.08.2026 11:10:00	
Важно	Роснефть РСБУ 1п 2026г: 📉Выручка ₽3,89 трлн (-2,4% г/г) 📉Чистая прибыль ₽16,83 млрд (снижение в 3,3 раза г/г) Читать далее 👉 https://smartlab.news/i/202461 #ROSN	31.08.2026	11:10	Смарт Лаб	31.08.2026 11:10:00	
Важно	НК Роснефть Отчет МСФО Читать далее 👉 https://smartlab.news/i/202462 #ROSN	31.08.2026	11:11	Смарт Лаб	31.08.2026 11:11:00	
Возможно	🚫🇷🇺#разблокировка #россия Король Бельгии задним числом изменил закон о применении санкций ЕС, чтобы исправить ошибки, которые позволяли россиянам обосновать право на разблокировку активов. Из-за этого рассмотрение исков, поданных российскими инвесторами против Минфина Бельгии, дополнительно осложнится и затянется. — Известия	31.08.2026	11:13	Market Twits	31.08.2026 11:13:00	
Возможно	Отказ от российских энергоносителей повлек за собой стагнацию и даже рецессию в большинстве натовских государств, а также рекордную инфляцию в 22% за 2022-2025 годы — посол России в Брюсселе Денис Гончар Он подчеркнул, что это «прямой удар по покупательной способности населения» стран-членов ЕС и НАТО. Читать далее 👉 https://smartlab.news/i/202464 мы в max	31.08.2026	11:21	Смарт Лаб	31.08.2026 11:21:00	
Возможно	#Авто Обновленная стратегия автопрома РФ предполагает выпуск 2,8 млн единиц транспорта в год к 2035 г. Для сравнения - по данным Росстата, в 2025 г. в РФ было выпущено 673 тыс. легковых автомобилей (-11,8% к 2024 г.), 131 тыс. грузовиков (-32,6%) и 9,4 тыс. автобусов большого класса (-38,4%).	31.08.2026	11:22	Шпион РЦБ	31.08.2026 11:22:00	
Не важно	💥✴️#HOOD #крипто Robinhood Chain обошла Ethereum и Hyperliquid по суточной выручке приложений ($2.66 млн против $1,27 млн и $1,7 млн соответственно) — Defilama Robinhood Chain также 30 августа обновила рекорд по суточному объему торгов на децентрализованных биржах ($875 млн), количество суточных транзакций превысило 5.5 млн. Сеть Robinhood Chain была запущена брокером Robinhood 1 июля и стремительно набирает популярность	31.08.2026	11:24	Market Twits	31.08.2026 11:24:00	
	ТГК-14 МСФО 1п 2026г: 📈Выручка ₽12,99 млрд (+19,2% г/г) 📈Чистая прибыль ₽0,84 млрд (рост в 2,1 раза г/г) Читать далее 👉 https://smartlab.news/i/202466 #TGKN	31.08.2026	11:32	Смарт Лаб	31.08.2026 11:32:00	
	🇷🇺#TGKN #отчетность ТГК-14 МСФО 1П 2026Г = ПРИБЫЛЬ +0.84 МЛРД РУБ ПРОТИВ ПРИБЫЛИ +0.4 МЛРД РУБ ГОДОМ РАНЕЕ	31.08.2026	11:33	Market Twits	31.08.2026 11:33:00	
Не важно	🇷🇺#акции #брокеры #россия Завтра, 1 сентября, в России стартует то, чего рынок ждал очень давно: возможность перевести ценные бумаги от одного брокера к другому за минуты, а не за недели. Ольга Ким, руководитель депозитария ВТБ, в колонке для «Ведомостей» объясняет, почему это меняет правила игры: раньше клиента у брокера удерживало не качество сервиса, а сама сложность ухода — недели ожидания и риск потерять в стоимости бумаг, пока они «в пути». Теперь конкурировать придётся сервисом, тарифами и технологиями. ВТБ Мои Инвестиции первым подключились к промышленному контуру сервиса.	31.08.2026	11:39	Market Twits	31.08.2026 11:39:00	
Возможно	Банки и МФО с 1 сентября будут отчитываться перед ФССП о взыскании просроченных долгов #ZAYM #SBER Читать далее 👉 https://smartlab.news/i/202468 мы в max	31.08.2026	11:45	Смарт Лаб	31.08.2026 11:45:00	
Важно	ДВМП РСБУ 1п 2026г: 📈Выручка ₽3,62 млрд (+29% г/г) 📉Убыток ₽3,16 млрд против убытка ₽0,8 млрд годом ранее Читать далее 👉 https://smartlab.news/i/202469 #FESH	31.08.2026	11:45	Смарт Лаб	31.08.2026 11:45:00	
Не важно	Правительство актуализировало Стратегию развития автопрома до 2035 года, одна из задач - выход на объём производства не менее 2,8 млн авто в год #KMAZ #SVAV Читать далее 👉 https://smartlab.news/i/202470 мы в max	31.08.2026	11:46	Смарт Лаб	31.08.2026 11:46:00	
Не важно	ВТБ: В 2026 году потребкредиты обгонят ипотеку и авто по темпам роста #VTBR Читать далее 👉 https://smartlab.news/i/202474 мы в max	31.08.2026	11:55	Смарт Лаб	31.08.2026 11:55:00	
Не важно	Металлургия — отрасль, где летом 2026 года предлагали самую высокую среднюю зарплату (208 тыс руб) — РКБ со ссылкой на Авито Работу #MAGN #CHMF #NLMK Читать далее 👉 https://smartlab.news/i/202475 мы в max	31.08.2026	12:02	Смарт Лаб	31.08.2026 12:02:00	
	ТЕПЛАНТ восток МСФО 1п2026: 📉Выручка ₽4,8 млрд (-34,4% г/г) 📉Чистая прибыль ₽0,1 млрд (-48,3% г/г, снижение в 1,9 раза г/г) Читать далее 👉 https://smartlab.news/i/202477 #PRFN	31.08.2026	12:08	Смарт Лаб	31.08.2026 12:08:00	
Возможно	ТЕПЛАНТ восток РСБУ 1п2026: 📉Выручка ₽4,7 млрд (-34,9% г/г) 📉Чистая прибыль ₽0,1 млрд (-46,9% г/г, снижение в 1,9 раза г/г) Читать далее 👉 https://smartlab.news/i/202478 #PRFN	31.08.2026	12:09	Смарт Лаб	31.08.2026 12:09:00	
Не важно	Российские автомобили должны быть доступны широкому кругу наших граждан — Мишустин «Такое поручение давал глава государства. Надо сделать все для этого», — сказал он. Читать далее 👉 https://smartlab.news/i/202479 мы в max	31.08.2026	12:11	Смарт Лаб	31.08.2026 12:11:00	
Не важно	⬆️🛢#нефть BRENT > $91	31.08.2026	12:19	Market Twits	31.08.2026 12:19:00	
Возможно	🇺🇸#трамп #иран #today Трамп разнес остров Харг у себя в соцсети	31.08.2026	12:25	Market Twits	31.08.2026 12:25:00	
Не важно	Думаю Renault и Volkswagen ушли безвозвратно, Nissan вряд ли вернется — директор Автостата Сергей Целиков в интервью ТАСС #SVAV #AVAZ - Фактор топлива сейчас влияет на рынок — люди откладывают покупку - Снижения цен мы не ожидаем - Я считаю, что Volga будет успешной - В этом году рынок более стабильный по сравнению с прошлым годом, продажи примерно на уровне 120 тыс в месяц, по итогам года ждём объем реализованных легковых авто 1,3-1,35 млн шт. Читать далее 👉 https://smartlab.news/i/202483 мы в max	31.08.2026	12:25	Смарт Лаб	31.08.2026 12:25:00	
Не важно	МНЕНИЕ: Аналитики АТОН сохраняют рейтинг Выше рынка для акций Мать и дитя, но понижают целевую цену до 1650 рублей за бумагу, что на 3% ниже предыдущего уровня #MDMG Читать далее 👉 https://smartlab.news/i/202484 мы в max	31.08.2026	12:28	Смарт Лаб	31.08.2026 12:28:00	
Возможно	#Санкции Король Бельгии задним числом изменил закон о применении санкций ЕС, чтобы исправить ошибки, которые позволяли россиянам обосновать право на разблокировку активов. Из-за этого рассмотрение исков, поданных российскими инвесторами против Минфина Бельгии, дополнительно осложнится и затянется. — Известия	31.08.2026	12:37	Шпион РЦБ	31.08.2026 12:37:00	
Возможно	🛢🇷🇺#бензин #россия Эксперты отмечают, что ситуация с бензином в РФ остается непредсказуемой из-за сохраняющихся рисков атак на НПЗ, а снижения ажиотажа на АЗС можно ожидать в октябре, когда пройдет пик спроса на топливо у аграриев. — Известия	31.08.2026	12:43	Market Twits	31.08.2026 12:43:00	
Возможно	🛢🇺🇸#трамп #today #нефть #резервы #сша Трамп: запасы в стратегическом резерве нефти США практически истощились из-за сонного Джо Байдена	31.08.2026	12:48	Market Twits	31.08.2026 12:48:00	
Возможно	Бельгия задним числом изменила закон о применении санкций ЕС, чтобы легализовать полномочия казначейства отказывать россиянам в разблокировке активов — Известия Читать далее 👉 https://smartlab.news/i/202486 мы в max	31.08.2026	12:50	Смарт Лаб	31.08.2026 12:50:00	
Не важно	⚠️🇩🇪#доходности #германия #облигации Доходность 30-леток, как и 10-леток Германии, обновляет новые 15-летние максимумы	31.08.2026	12:53	Market Twits	31.08.2026 12:53:00	
Возможно	⚠️🇷🇺#выборы #россия ЕС и ведущие страны Европы реализуют масштабную стратегию по дестабилизации ситуации в России перед выборами — СВР	31.08.2026	12:54	Market Twits	31.08.2026 12:54:00	
Возможно	ЕС планирует включить 800 физлиц и 800 юрлиц в новый пакет антироссийских санкций — Politico Читать далее 👉 https://smartlab.news/i/202487 мы в max	31.08.2026	12:56	Смарт Лаб	31.08.2026 12:56:00	
Не важно	ЦБ: С 1 сентября крупнейшие банки и розничные компании открывают инфраструктуру для работы с цифровым рублём Читать далее 👉 https://smartlab.news/i/202489 мы в max	31.08.2026	12:58	Смарт Лаб	31.08.2026 12:58:00	
Возможно	МНЕНИЕ: Результаты Селигдара не радуют: убыток сохраняется даже при благоприятной конъюнктуре, свободный денежный поток остается отрицательным, а чистый долг продолжает стремительно расти — РенКап #SELG Читать далее 👉 https://smartlab.news/i/202490 мы в max	31.08.2026	13:02	Смарт Лаб	31.08.2026 13:02:00	
Не важно	🇷🇺#зерно #пшеница #россия Российский экспорт зерна ищет путь через Балтику, пока юг почти закрыт — RTRS	31.08.2026	13:05	Market Twits	31.08.2026 13:05:00	
Возможно	Аэрофлот вводит в промышленную эксплуатацию информационную систему "Купол" #AFLT Цифровая платформа предназначена для автоматизации техобслуживания авиационной техники на всем жизненном цикле. ИС «КУПОЛ» содержит решения, которые способны повысить операционную эффективность авиакомпании и производителя воздушного судна. Читать далее 👉 https://smartlab.news/i/202491 мы в max	31.08.2026	13:07	Смарт Лаб	31.08.2026 13:07:00	
Не важно	⚠️🇺🇸🇨🇳#торговыевойны #сша #китай Бессент планирует призвать членов G20 пересмотреть свои торговые отношения с Китаем «Мир не может позволить себе Китай с положительным сальдо торгового баланса в размере $1,2 трлн. Остальному миру придется пересмотреть условия торговли с Китаем». — Бессент в интервью RTRS	31.08.2026	13:14	Market Twits	31.08.2026 13:14:00	
Не важно	В Саратове началось строительство высокоавтоматизированного цифрового завода по производству раздаточных коробок для грузовых автомобилей. Инвестиции в проект превышают ₽20 млрд — Антон Алиханов #KMAZ Читать далее 👉 https://smartlab.news/i/202493 мы в max	31.08.2026	13:16	Смарт Лаб	31.08.2026 13:16:00	
Важно	⚠️🇪🇺🇷🇺#санкции #россия Евросоюз планирует принять новый пакет санкций в середине октября — Politico	31.08.2026	13:23	Market Twits	31.08.2026 13:23:00	
Возможно	#Санкции Евросоюз намеревается принять новый пакет санкций в середине октября, сообщают Politico и Bloomberg со ссылкой на дипломатов. В списки планируют включить около 1600 физических и юридических лиц из России. В случае утверждения этот пакет станет крупнейшим в истории ЕС.	31.08.2026	13:25	Шпион РЦБ	31.08.2026 13:25:00	
Возможно	Аптеки 36,6 заняли 5-е место в рейтинге аптечных сетей по итогам 1п 2026 г. от DSM Group #APTK Читать далее 👉 https://smartlab.news/i/202495 мы в max	31.08.2026	13:26	Смарт Лаб	31.08.2026 13:26:00	
Возможно	⬆️🇷🇺#FESH #отчетность Контейнерный рынок РФ в январе-июле вырос на 7%, до 4,2 миллиона TEU — FESCO	31.08.2026	13:34	Market Twits	31.08.2026 13:34:00	
Возможно	#FESH Контейнерный рынок РФ в январе-июле вырос на 7%, до 4,2 миллиона TEU — FESCO	31.08.2026	13:35	Шпион РЦБ	31.08.2026 13:35:00	
Не важно	Несмотря на масштабные планы по возведению гидроэлектростанций, в России сейчас не строится ни одной новой ГЭС — "Эксперт" #HYDR Средний срок строительства ГЭС — 10 лет, поэтому есть вероятность, что многие из проектов так и останутся на бумаге. Читать далее 👉 https://smartlab.news/i/202499 мы в max	31.08.2026	13:38	Смарт Лаб	31.08.2026 13:38:00	
Возможно	FESCO: Объём контейнерного рынка России за январь–июль вырос на 7% г/г, до 4,17 млн TEU. Импорт увеличился на 17% г/г, до 1,797 млн TEU, внутренние перевозки на 3% г/ш, 924 тыс. TEU, транзит на 1% г/г, до 335 тыс. TEU #FESH Читать далее 👉 https://smartlab.news/i/202500 мы в max	31.08.2026	13:38	Смарт Лаб	31.08.2026 13:38:00	
Возможно	МНЕНИЕ: Большинство опрошенных экспертов ожидают, что после возможного укрепления в сентябре валюта вернется к ослаблению в четвертом квартале — Ведомости Читать далее 👉 https://smartlab.news/i/202502 мы в max	31.08.2026	13:41	Смарт Лаб	31.08.2026 13:41:00	
Возможно	Озон Фармацевтика объявила о получении гослицензии на производство лекарственных средств для своей четвёртой производственной площадки - "Озон Медика" #OZPH «Озон Медика» построен на средства десятков тысяч инвесторов, привлеченных в ходе IPO и SPO. Общий объём инвестиций оценивается в 6 млрд рублей. Читать далее 👉 https://smartlab.news/i/202503 мы в max	31.08.2026	13:41	Смарт Лаб	31.08.2026 13:41:00	
Не важно	📈Цена нефти Brent превысила отметку в $91 за баррель на фоне очередного неспокойствия на Ближнем Востоке Читать далее 👉 https://smartlab.news/i/202504 мы в max	31.08.2026	13:47	Смарт Лаб	31.08.2026 13:47:00	
Возможно	СВР: Евросоюз и ведущие страны Европы реализуют масштабную стратегию по дестабилизации ситуации в России в преддверии единого дня голосования в сентябре Читать далее 👉 https://smartlab.news/i/202505 мы в max	31.08.2026	13:47	Смарт Лаб	31.08.2026 13:47:00	
Не важно	Общая потребность в танкерах для перевозки СПГ и газового конденсата для российских проектов оценивается на уровне более 40 единиц на горизонте до 2040 года — глава Минвостокразвития Чекунков #NVTK #GAZP Читать далее 👉 https://smartlab.news/i/202508 мы в max	31.08.2026	13:55	Смарт Лаб	31.08.2026 13:55:00	
Не важно	❗️🇷🇺#дкп #россия ЦБ РФ: Опубликован проект Основных направлений единой государственной денежно-кредитной политики на 2027–2029 годы релиз	31.08.2026	14:01	Market Twits	31.08.2026 14:01:00	
Важно	#Макро ЦБ РФ В "ДЕЗИНФЛЯЦИОННОМ" СЦЕНАРИИ ПРОГНОЗИРУЕТ КЛЮЧЕВУЮ СТАВКУ В 2026 Г. НА УРОВНЕ 14,5-14,6%, В 2027 Г. - 9-11% - РЕГУЛЯТОР ЦЕНТРАЛЬНЫЙ БАНК РОССИИ ОЖИДАЕТ, ЧТО ДЕФИЦИТ ТОПЛИВА НОРМАЛИЗУЕТСЯ, И ЗАЯВЛЯЕТ, ЧТО ЕГО ВЛИЯНИЕ НА ИНФЛЯЦИЮ БУДЕТ ОГРАНИЧЕННЫМ	31.08.2026	14:01	Шпион РЦБ	31.08.2026 14:01:00	
Возможно	ЦБ: Опубликован проект Основных направлений единой государственной ДКП на 2027–2029 годы Новая ключевая ставка в случае ее изменения будет начинать действовать не с понедельника, как сейчас, а с ближайшей среды, когда будут происходить расчеты по недельным аукционам Банка России и будет начинаться новый ПУ Читать далее 👉 https://smartlab.news/i/202509 мы в max	31.08.2026	14:02	Смарт Лаб	31.08.2026 14:02:00	
Возможно	ЦБ в дополнение к базовому сценарию развития экономики на ближайшие 3 года представил 3 альтернативных сценария – дезинфляционный, проинфляционный и рисковый Сценарии различаются предпосылками относительно внутренних и внешних условий. Они учитывают и складывающиеся тенденции, и возможные риски, что позволяет Банку России быть готовым к разным вариантам развития событий. Средняя ключевая ставка 2026 году ожидается на уровне 14,5-14,6% годовых, в 2027-м - 10,5-12,5%. Читать далее 👉 https://smartlab.news/i/202510 мы в max	31.08.2026	14:03	Смарт Лаб	31.08.2026 14:03:00	
Не важно	🇷🇺#5G #связь #россия Государственная комиссия по радиочастотам (ГКРЧ) утвердила условия запуска мобильной связи 5G в РФ Операторы "Билайн", "Мегафон", МТС и Т2 смогут разворачивать сети 5G в уже имеющихся диапазонах радиочастот, которые ранее выделялись под стандарт LTE (4G), с использованием установленных до 1 сентября 2026 года зарубежных базовых станций. Для развития высокопроизводительных сетей операторам "большой четверки" также выделены новые полосы радиочастот. Каждому по 90 МГц в диапазоне 4 630-4 990 МГц без проведения аукционов. Сети 5G на условиях технейтральности должны появиться в городах с населением более 1 млн человек в ближайшее время. В диапазоне 4,63-4,99 ГГц 5G запустят в наиболее популярных локациях городов-миллионников до конца 2028 года, в дальнейшем покрытие будет расширяться поэтапно в течение трех лет. С 2027 года предусмотрен поэтапный переход на отечественные базовые станции, который должен завершиться к концу 2031 года.	31.08.2026	14:05	Market Twits	31.08.2026 14:05:00	
Возможно	🌎#шос Путин прибыл в Бишкек на саммит ШОС Основное заседание пройдет в Бишкеке 1 сентября, а мероприятия высокого уровня запланированы на 31 августа — 1 сентября.	31.08.2026	14:06	Market Twits	31.08.2026 14:06:00	
Возможно	В 2026 году и на всем трехлетнем горизонте будет расти потребность банков в привлечении ликвидности у ЦБ вследствие увеличения наличных денег в обращении — регулятор Для дальнейшего снижения волатильности ставок денежного рынка Банк России в 2027 году планирует синхронизировать начало периодов усреднения обязательных резервов с началом действия новой ключевой ставки. Это уменьшит влияние стратегий банков по усреднению резервов на спред RUONIA к ключевой ставке. Читать далее 👉 https://smartlab.news/i/202511 мы в max	31.08.2026	14:07	Смарт Лаб	31.08.2026 14:07:00	
Возможно	Бурятзолото РСБУ 1п2026: 📈Выручка ₽0,8 млрд (+12,7% г/г) 📈Чистая прибыль ₽0,68 млрд (+82% г/г, увеличение в 1,8 раза г/г) Читать далее 👉 https://smartlab.news/i/202512 #BRZL	31.08.2026	14:08	Смарт Лаб	31.08.2026 14:08:00	
Не важно	⬆️🇺🇸#GME = +5% RTRS: GameStop ожидает снижения квартальных продаж из-за закрытия магазинов и ухода с рынка Франции	31.08.2026	14:10	Market Twits	31.08.2026 14:10:00	
	Бурятзолото МСФО 1п2026: 📈Чистый процентный доход ₽0,8 млрд (+12,7% г/г) 📈Чистая прибыль ₽0,68 млрд (+80,5% г/г, увеличение в 1,8 раза г/г) Читать далее 👉 https://smartlab.news/i/202513 #BRZL	31.08.2026	14:10	Смарт Лаб	31.08.2026 14:10:00	
Возможно	#Макро В инфляционном сценарии Банк России прогнозирует ключевую ставку в 2026 на уровне 14.5-14.6%, в 2027 — 13-15% — проект ДКП Вероятность данного сценария оценивается выше, чем сценария «Дезинфляционный».	31.08.2026	14:10	Шпион РЦБ	31.08.2026 14:10:00	
Возможно	ЦБ РФ: Требуется 3-6 кварталов, чтобы решения по ДКП (ставке) отразились на динамике цен в полной мере Читать далее 👉 https://smartlab.news/i/202514 мы в max	31.08.2026	14:13	Смарт Лаб	31.08.2026 14:13:00	
Не важно	В России утвердили условия запуска 5G — Минцифры #MTSS #RTKM Сети связи пятого поколения на условиях технейтральности должны появиться в городах с населением более 1 млн человек в самое ближайшее время. Читать далее 👉 https://smartlab.news/i/202517 мы в max	31.08.2026	14:17	Смарт Лаб	31.08.2026 14:17:00	
	Курганская генерирующая компания МСФО 1п 2026г: 📈Выручка 2,18 млрд (+16,5% г/г) 📉Убыток ₽0,2 млрд против прибыли ₽0,42 млрд годом ранее Читать далее 👉 https://smartlab.news/i/202518 #KGKCP	31.08.2026	14:20	Смарт Лаб	31.08.2026 14:20:00	
Возможно	МНЕНИЕ: Цифра брокер сохраняет нейтральную оценку ПРОМОМЕДа за 1П26: операционные показатели демонстрируют бурный рост, однако долговая нагрузка и отрицательный денежный поток требуют осторожности #PRMD Читать далее 👉 https://smartlab.news/i/202519 мы в max	31.08.2026	14:21	Смарт Лаб	31.08.2026 14:21:00	
Возможно	🛢🇷🇺#бензин #россия Начались продажи бензина класса Евро-4 на российских АЗС — ИТ	31.08.2026	14:27	Market Twits	31.08.2026 14:27:00	
Не важно	МНЕНИЕ: Понижаем наш 12-месячный целевой уровень по Газпрому до 130 ₽/акцию и сохраняем рейтинг Держать. Генерация денежного потока останется недостаточной для дивидендных выплат — РенКап #GAZP Читать далее 👉 https://smartlab.news/i/202522 мы в max	31.08.2026	14:41	Смарт Лаб	31.08.2026 14:41:00	
Не важно	📊🇺🇸#отчетности #сша Корпоративные отчетности в США на этой неделе	31.08.2026	14:42	Market Twits	31.08.2026 14:42:00	
Возможно	#ЦБРФ Банк России изменит с понедельника на среду начало действия новой ключевой ставки после заседаний регулятора	31.08.2026	14:43	Шпион РЦБ	31.08.2026 14:43:00	
Не важно	Войны и погодные условия привели к самому значительному месячному росту цен на сельскохозяйственную продукцию в мире с 2012 года — Bloomberg Читать далее 👉 https://smartlab.news/i/202523 мы в max	31.08.2026	14:44	Смарт Лаб	31.08.2026 14:44:00	
Возможно	🇷🇺#дкп #россия Банк России перенесет начало действия измененной ключевой ставки с понедельника на среду — проект	31.08.2026	14:45	Market Twits	31.08.2026 14:45:00	
Не важно	Объём торгов газом на Петербургской бирже в августе вырос на 3,5% г/г, до 1,051 млрд куб. м, однако с начала года продажи снижаются: 8,5 млрд куб. м против 9,9 млрд за восемь месяцев 2025 года #GAZP Читать далее 👉 https://smartlab.news/i/202524 мы в max	31.08.2026	14:45	Смарт Лаб	31.08.2026 14:45:00	
Возможно	Новак на совещании призвал действовать превентивно и оперативно принимать необходимые меры для недопущения дефицита топлива и обеспечения стабильной ситуации на внутреннем рынке Читать далее 👉 https://smartlab.news/i/202525 мы в max	31.08.2026	14:50	Смарт Лаб	31.08.2026 14:50:00	
Не важно	Почему Восточная Европа — ключ к контролю над Евразией: теория ХартлендаВ начале XX века британский географ Хэлфорд Маккиндер предложил одну из самых известных геополитических концепций — теорию Хартленда, или «сердцевинной земли».Логика была довольно простой: большая часть населения, ресурсов и территорий мира сосредоточена в едином массиве Европы, Азии и Африки — так называемом «Мировом острове». А значит, государство, способное контролировать его центральную часть, получает огромное стратегическое преимущество.В 1904 году Маккиндер назвал эту территорию Pivot Area — «осевой регион». Примерно это пространство России, Центральной Азии и прилегающих территорий.Его главная особенность — география. Огромную территорию трудно атаковать с моря, она обладает значительными природными ресурсами и потенциально способна обеспечивать себя продовольствием. В эпоху, когда железные дороги резко увеличили возможности сухопутных держав, это, по мнению Маккиндера, начинало снижать историческое преимущество морских держав вроде Великобритании.Но у Хартленда была уязвимость — Восточная Европа. Именно через нее проходил наиболее удобный сухопутный путь к центру Евразии.Позже Маккиндер сформулировал свою идею почти как геополитическую формулу:Кто контролирует Восточную Европу — контролирует Хартленд. Кто контролирует Хартленд — контролирует Мировой остров. Кто контролирует Мировой остров — контролирует мир.Теории больше ста лет, и воспринимать ее как буквальный закон геополитики не стоит. Технологии, авиация, ядерное оружие и мировая торговля сильно изменили значение географии.Но сама идея никуда не исчезла: контроль над транспортными коридорами, ресурсами и пространством между Европой и Азией по-прежнему остается одной из центральных тем мировой политики. #Политика	31.08.2026	14:51	Шпион РЦБ	31.08.2026 14:51:00	
Возможно	🇨🇳🇷🇺#событие #китай #россия Си Цзиньпин встретился с Путиным на саммите ШОС — CCTV	31.08.2026	14:52	Market Twits	31.08.2026 14:52:00	
Возможно	ННК-Варьеганнефтегаз РСБУ 1п2026: 📉Выручка ₽26,6 млрд (-16,5% г/г) 📈Чистая прибыль ₽0,3 млрд против чистого убытка ₽0,2 годом ранее Читать далее 👉 https://smartlab.news/i/202526 #VJGZP	31.08.2026	14:54	Смарт Лаб	31.08.2026 14:54:00	
Важно	#Политика Си Цзиньпин встретится с Путиным на саммите ШОС — CCTV Основное заседание Совета глав государств пройдет 1 сентября 2026 года в Бишкеке. Мероприятия высокого уровня запланированы на 31 августа — 1 сентября.	31.08.2026	14:55	Шпион РЦБ	31.08.2026 14:55:00	
Не важно	❗️🇩🇪#инфляция #германия #отчетность Германия - потребинфляция CPI (авг): м/м = +0.2% (ожид +0.3% / ранее +0.8%) г/г = +2.9% (ожид +3% / ранее +2.8%)	31.08.2026	15:00	Market Twits	31.08.2026 15:00:00	
	GloraX представил результаты за 1 полугодие 2026 года, где показал рост выручки на 45%, до 27 млрд рублей, валовой прибыли – на 28%, до 9,8 млрд рублей, сопоставимую EBITDA – на 36%, до 8,6 млрд рублей, чистой прибыли – на 29%, до 1,6 млрд рублей. Рентабельность по EBITDA составила 32%. Это уже не первый МСФО отчет девелопера, опережающий среднерыночные темпы. Долговая нагрузка в рамках ориентира: чистый долг/EBITDA – 2,9х при плановом уровне не выше 3,0х На фоне падения показателей у ряда крупных девелоперов GloraX продолжает расти существенно быстрее рынка, сохраняя фокус на региональной экспансии. Сильный отчет, который укладывается в стратегию и обещания компании. Продолжим наблюдать, удастся ли сохранить темп и контроль над долгом Читать далее 👉 https://smart-lab.ru/mobile/topic/1346116 мы в max	31.08.2026	15:01	Смарт Лаб	31.08.2026 15:01:00	
Не важно	МНЕНИЕ: Аналитики, опрошенные Рейтер, сохранили прогноз цен на нефть выше 80 долларов за баррель на 2026 год, несмотря на слабый спрос в Китае Читать далее 👉 https://smartlab.news/i/202529 мы в max	31.08.2026	15:01	Смарт Лаб	31.08.2026 15:01:00	
Не важно	🇺🇸#LMT #GM #впк #сша Пентагон сообщил: что General Dynamics и Lockheed Martin увеличат производственные мощности для систем THAAD и Patriot-3 заключены новые 7-летние контракты	31.08.2026	15:06	Market Twits	31.08.2026 15:06:00	
Не важно	Иногда кажется, что администрация Трампа черпает свое мировоззрение и внешнеполитические идеи из курса "Кремлевской школы международных отношений", который ведет Владимир Путин — Bloomberg Читать далее 👉 https://smartlab.news/i/202530 мы в max	31.08.2026	15:06	Смарт Лаб	31.08.2026 15:06:00	
Возможно	#ЦБРФ Заботкин проводит пресс-конференцию	31.08.2026	15:06	Шпион РЦБ	31.08.2026 15:06:00	
Важно	🇨🇳🇷🇺#событие #китай #россия ТАСС: Путин и Си Цзиньпин проводят двустороннюю встречу	31.08.2026	15:08	Market Twits	31.08.2026 15:08:00	
Важно	🇺🇸🇮🇷#трамп #иран Трамп опять заявил, что в Иране все плохо Иран официально является «провальной страной». ОН МЁРТВ! — Трамп	31.08.2026	15:10	Market Twits	31.08.2026 15:10:00	
Возможно	#Макро Поскольку уточненная траектория снижения структурного первичного дефицита до нулевого уровня к 2029 году пока не определена Правительством Российской Федерации, в базовом сценарии Банк России исходит из постепенного его сокращения с 2% ВВП в 2026 году до 1% ВВП в 2027 году и 0,5% ВВП в 2028 году с выходом на нулевой уровень в 2029 году — Заботкин	31.08.2026	15:10	Шпион РЦБ	31.08.2026 15:10:00	
Возможно	Банк России перенесет начало действия новой ключевой ставки после заседания регулятора с понедельника на среду Нововведение нужно для снижения волатильности ставок денежного рынка ЦБ РФ. Читать далее 👉 https://smartlab.news/i/202531 мы в max	31.08.2026	15:12	Смарт Лаб	31.08.2026 15:12:00	
Не важно	🇷🇺#депозиты #россия ВТБ с 1 сентября повышает максимальную ставку по накопительным счетам до 14,2% и повышает доходность по вкладам на шесть месяцев до 13,5% годовых	31.08.2026	15:15	Market Twits	31.08.2026 15:15:00	
Возможно	Трамп: Иран официально является Несостоявшейся нацией. ОН МЕРТВ! Единственное, что у них есть, - это фальшивые новости из США Их нужно судить за военные преступления против человечности! Читать далее 👉 https://smartlab.news/i/202532 мы в max	31.08.2026	15:17	Смарт Лаб	31.08.2026 15:17:00	
Важно	Заботкин: Пространство для снижения ставки сузилось еще в июле Читать далее 👉 https://smartlab.news/i/202533 мы в max	31.08.2026	15:17	Смарт Лаб	31.08.2026 15:17:00	
Важно	⚠️🇷🇺#дкп #россия #спикеры ПРОСТРАНСТВО ДЛЯ СНИЖЕНИЯ КЛЮЧЕВОЙ СТАВКИ СУЗИЛОСЬ ЕЩЕ В ИЮЛЬСКОМ РАНУДЕ, ДАЛЕЕ ЦБ БУДЕТ РАССМАТРИВАТЬ ВСЕ ФАКТОРЫ ПРИ ПРИНЯТИИ РЕШЕНИЯ — ЗАБОТКИН	31.08.2026	15:18	Market Twits	31.08.2026 15:18:00	
Важно	#Макро ПРОСТРАНСТВО ДЛЯ СНИЖЕНИЯ СТАВКИ СНИЗИЛОСЬ ЕЩЕ В ИЮЛЬСКОМ РАУНДЕ, ДАЛЬНЕЙШИЕ РЕШЕНИЯ ЦБ БУДУТ ПРОДИКТОВАНЫ СКЛАДЫВАЮЩЕЙСЯ СИТУАЦИЕЙ — ЗАБОТКИН	31.08.2026	15:19	Шпион РЦБ	31.08.2026 15:19:00	
Возможно	❗️🇷🇺#дкп #россия Пресс-конференция по проекту Основных направлений единой государственной денежно-кредитной политики на 2027 – 2029 гг СМОТРЕТЬ	31.08.2026	15:21	Market Twits	31.08.2026 15:21:00	
Возможно	#Макро Базовый сценарий в проекте ДКП наиболее вероятен, чем все остальные вместе взятые — Заботкин	31.08.2026	15:27	Шпион РЦБ	31.08.2026 15:27:00	
Возможно	🔥⚠️🇮🇷#иран #геополитика ТРАМП ОБЕЩАЕТ СИЛЬНО ОТВЕТИТЬ ИРАНУ	31.08.2026	15:30	Market Twits	31.08.2026 15:30:00	
Возможно	Заботкин: Рост наличных в обращении в 2026 году - догоняющая история - "наличные недоросли" в 24-25 гг из-за высоких ставок по депозитам Населению выгодно было держать деньги на банковских вкладах из-за высоких ставок. Читать далее 👉 https://smartlab.news/i/202536 мы в max	31.08.2026	15:31	Смарт Лаб	31.08.2026 15:31:00	
Важно	Заботкин: ЦБ рассматривает проинфляционный сценарий как наиболее вероятный из альтернативных сценариев развития экономики Читать далее 👉 https://smartlab.news/i/202538 мы в max	31.08.2026	15:34	Смарт Лаб	31.08.2026 15:34:00	
Важно	⚠️🇷🇺#дкп #россия #спикеры ПОКА ИНФЛЯЦИОННЫЕ ОЖИДАНИЯ ОСТАЮТСЯ ВЫСОКИМИ, ПРОСТРАНСТВО ДЛЯ СНИЖЕНИЯ КЛЮЧЕВОЙ СТАВКИ БУДЕТ ОГРАНИЧЕНО — ЗАБОТКИН	31.08.2026	15:36	Market Twits	31.08.2026 15:36:00	
Не важно	✴️🇺🇸#BMNR #ETH #cot #крипто Компания BitMine Тома Ли из Fundstrat купила на баланс еще 53 501 ETH на прошлой неделе на балансе уже более 5.9 млн ETH (около 4.8% общего предложения)	31.08.2026	15:38	Market Twits	31.08.2026 15:38:00	
Возможно	Заботкин: Пространство для снижения ключевой ставки будет ограничено пока инфляционные ожидания остаются высокими Читать далее 👉 https://smartlab.news/i/202541 мы в max	31.08.2026	15:39	Смарт Лаб	31.08.2026 15:39:00	
	ВХЗ МСФО 1п2026: 📉Выручка ₽386 млн (-52,3% г/г, снижение в 2,1 раза г/г) 📈Чистая прибыль ₽19,1 млн (увеличение в 3,4 раза г/г) Читать далее 👉 https://smartlab.news/i/202543 #VLHZ	31.08.2026	15:42	Смарт Лаб	31.08.2026 15:42:00	
	Самараэнерго МСФО 1п 2026г: 📈Выручка ₽27,42 млрд (+10,8% г/г) 📈Чистая прибыль ₽0,988 млрд (+36,5% г/г) Читать далее 👉 https://smartlab.news/i/202544 #SAGOP	31.08.2026	15:45	Смарт Лаб	31.08.2026 15:45:00	
	Звезда МСФО 1п 2026г: 📉Выручка ₽596,86 млн (снижение в 2,5 раза г/г) 📈Убыток ₽417,41 млн против убытка ₽578,94 млн годом ранее Читать далее 👉 https://smartlab.news/i/202545 #ZVEZ	31.08.2026	15:48	Смарт Лаб	31.08.2026 15:48:00	
Не важно	#ROSN #Прогноз Freedom Global понизил таргет по акциям Роснефти с 600 до 560 руб. Рейтинг понижен с "Покупать" до "Держать" Итоги 2 квартала выглядят противоречиво. Выручка Роснефти выросла всего на 0,6% и достигла 4,29 трлн рублей. При этом EBITDA продемонстрировал рост на 23% г/г, до 1,3 трлн руб., а чистая прибыль, относящаяся к акционерам, напротив, просела на 18,4% г/г, составив 200 млрд руб. Тем не менее, уровень полученной Роснефтью в 1 полугодии текущего года чистой прибыли оказался выше консенсус‑прогноза на 2,5%.	31.08.2026	15:51	Шпион РЦБ	31.08.2026 15:51:00	
Не важно	💥🇹🇼#2454TW #NVDA Nvidia инвестирует $3,5 млрд в тайваньского производителя чипов MediaTek	31.08.2026	15:54	Market Twits	31.08.2026 15:54:00	
Важно	Глава РФПИ Дмитриев: Диалог с американской стороной продолжается У России очень чёткая позиция и по экономике, и по мирным договорённостям, и всё больше и больше людей начинают эту позицию понимать. Читать далее 👉 https://smartlab.news/i/202549 мы в max	31.08.2026	15:58	Смарт Лаб	31.08.2026 15:58:00	
Не важно	⚠️🇺🇸#доходности #сша #облигации Доходности 10-леток США выросли до максимума с января 2025г US 10-YEAR YIELD RISES TO 4.75%, HIGHEST SINCE JANUARY 2025 сильные распродажи в гособлигациях США продолжаются... даже в 30-летках...	31.08.2026	15:59	Market Twits	31.08.2026 15:59:00	
Не важно	МНЕНИЕ: Ренессанс Капитал актуализировал оценки акций в нефтегазовом секторе: 🔸 Роснефть: целевая цена понижена до 500 руб., рейтинг "Держать" сохранен 🔸 Лукойл: целевая цена повышена до 5800 руб., рейтинг повышен до "Покупать" 🔸 Газпром нефть: целевая цена 550 руб. и рейтинг "Держать" сохранены #ROSN #LKOH #SIBN Читать далее 👉 https://smartlab.news/i/202550 мы в max	31.08.2026	16:01	Смарт Лаб	31.08.2026 16:01:00	
Не важно	🌾🇯🇵#рис #япония Япония планирует купить 210 000 тонн риса на случай чрезвычайной ситуации	31.08.2026	16:04	Market Twits	31.08.2026 16:04:00	
Возможно	🇷🇺#дкп #россия #спикеры ЦБ РФ: Выступление заместителя Председателя Банка России Алексея Заботкина о проекте Основных направлений единой государственной денежно-кредитной политики на 2027–2029 годы — подробно	31.08.2026	16:06	Market Twits	31.08.2026 16:06:00	
Возможно	#Политика Путин сейчас проводит встречу с Си	31.08.2026	16:07	Шпион РЦБ	31.08.2026 16:07:00	
Возможно	❗️🇷🇺🇨🇳🇮🇳🇰🇿#событие #россия #китай #казахстан #шос Путин проводит встречу с Си Цзиньпином, Моди и Токаевым в Бишкеке трансляция	31.08.2026	16:08	Market Twits	31.08.2026 16:08:00	
Возможно	⚠️🇺🇸🇮🇷#санкции #иран Бессент, вслед за Трампом говорит, что Иран повержен, уничтожен, полный коллапс, обещает увеличить санкционное давление	31.08.2026	16:09	Market Twits	31.08.2026 16:09:00	
	🇷🇺#VSMO #отчетность ВСМПО-АВИСМА 1П МСФО 2026Г = ПРИБЫЛЬ +9.2 МЛРД РУБ ПРОТИВ ПРИБЫЛИ +2.4 МЛРД РУБ ГОДОМ РАНЕЕ	31.08.2026	16:13	Market Twits	31.08.2026 16:13:00	
Возможно	Песков: Путин и Си Цзиньпин, в основном, говорили о двусторонних отношениях. Украинский кризис обсуждался рефреном, по касательной, собственно, обсуждения не было Читать далее 👉 https://smartlab.news/i/202551 мы в max	31.08.2026	16:15	Смарт Лаб	31.08.2026 16:15:00	
Возможно	Президент Ирана заявил, что Тегеран по-прежнему стремится к мирному урегулированию конфликта с США путем переговоров, несмотря на эскалацию боевых действий за последние 24 часа Читать далее 👉 https://smartlab.news/i/202552 мы в max	31.08.2026	16:15	Смарт Лаб	31.08.2026 16:15:00	
	ВСМПО-АВИСМА МСФО 1п 2026г: 📉Выручка ₽37,36 млрд (-24,2% г/г) 📈Чистая прибыль ₽9,22 млрд (рост в 3,8 раза г/г) #VSMO Читать далее 👉 https://smartlab.news/i/202553 мы в max	31.08.2026	16:19	Смарт Лаб	31.08.2026 16:19:00	
Возможно	🇷🇺🇨🇳#событие #россия #китай #макро Принципиальные подходы России и Китая во внешнеполитических вопросах полностью совпадают - Путин Двусторонние отношения Китая и России будут только укрепляться — Си Цзиньпин Переговоры Путина и Си Цзиньпина в Бишкеке прошли очень хорошо — Песков	31.08.2026	16:21	Market Twits	31.08.2026 16:21:00	
Не важно	🇺🇸#долг #сша #экономика Бессент: единственный способ для США выбраться из долговой ямы - это "вырасти" из нее. ————————— ранее Трамп заявлял, что ожидает значительного сокращения госдолга США за счет роста экономики	31.08.2026	16:28	Market Twits	31.08.2026 16:28:00	
Важно	⚠️🇮🇷#иран #геополитика #ормуз ИРАН: НА КАЖДОЕ НАПАДЕНИЕ США НА ИРАН ТЕГЕРАН БУДЕТ ОТВЕЧАТЬ В ДЕСЯТКИ РАЗ СИЛЬНЕЕ УСЛОВИЯ В ОРМУЗСКОМ ПРОЛИВЕ УХУДШАТСЯ ДЛЯ СУДОВ, НАРУШАЮЩИХ ПРАВИЛА ТЕГЕРАНА — RTRS	31.08.2026	16:29	Market Twits	31.08.2026 16:29:00	
Возможно	Россия в экстренном порядке переориентирует экспорт зерна с портов Азово-Черноморского бассейна на Балтику, Каспий и Дальний Восток из‑за атак на инфраструктуру и остановки ключевых терминалов — Reuters #RAGR — Экспорт пшеницы в июле‑августе сократился вдвое, потери оцениваются в 2–3,5 млн тонн ежемесячно — Правительство выделяет ₽10 млрд на субсидирование ж/д перевозок по новым маршрутам Читать далее 👉 https://smartlab.news/i/202554 мы в max	31.08.2026	16:29	Смарт Лаб	31.08.2026 16:29:00	
Не важно	Грузопоток по СМП за 1п 2026г вырос на 13,4% г/г до 20,9 млн т — глава Минтранса Никитин #FESH Читать далее 👉 https://smartlab.news/i/202555 мы в max	31.08.2026	16:35	Смарт Лаб	31.08.2026 16:35:00	
Возможно	🇷🇺🇮🇳#событие #россия #индия #шос Путин и Моди начали переговоры в Бишкеке	31.08.2026	16:37	Market Twits	31.08.2026 16:37:00	
Не важно	Совокупный портфель пенсионных накоплений и резервов НПФ во 2кв превысил ₽10 трлн. Взносы в программу долгосрочных сбережений (ПДС) выросли до ₽83 млрд (+30,6% за квартал) — Обзор ЦБ РФ Читать далее 👉 https://smartlab.news/i/202556 мы в max	31.08.2026	16:43	Смарт Лаб	31.08.2026 16:43:00	
Не важно	🇷🇺#пенсии #россия #фонды ЦБ РФ: В пенсионной системе почти 10 трлн рублей: итоги II квартала — обзор Для инвестирования НПФ по-прежнему выбирали ОФЗ и корпоративные облигации, при этом снизили свои вложения в инструменты денежного рынка и депозиты.	31.08.2026	16:47	Market Twits	31.08.2026 16:47:00	
Не важно	Каждый день войны отбрасывает человечество назад, необходимо переходить к окончанию военных действий — премьер-министр Индии Моди на встрече с Путиным Читать далее 👉 https://smartlab.news/i/202560 мы в max	31.08.2026	16:47	Смарт Лаб	31.08.2026 16:47:00	
Не важно	⚠️🇺🇸#доходности #сша #облигации #обзор На рынках нарастают волнения: всего 12 дней с момента, когда Бессент объявил об интервенциях в облигациях, а доходности опять подбираются к локальным максимумам — мониторинг	31.08.2026	16:54	Market Twits	31.08.2026 16:54:00	
Не важно	Финам запускает платформу, позволяющую любому инвестору, даже без навыков программирования, создавать собственных торговых роботов, просто описывая свои идеи обычными словами «С ZipLime достаточно просто описать свою идею — всё остальное сделает искусственный интеллект. Путь от идеи до работающего робота теперь занимает минуты вместо лет обучения», — сообщил Вячеслав Арбузов, руководитель проекта ZipLime. Читать далее 👉 https://smartlab.news/i/202561 мы в max	31.08.2026	16:57	Смарт Лаб	31.08.2026 16:57:00	
Не важно	#Политика Каждый день войны отбрасывает человечество назад, необходимо переходить к окончанию военных действий — премьер-министр Индии Моди на встрече с Путиным	31.08.2026	16:57	Шпион РЦБ	31.08.2026 16:57:00	
Важно	#Политика КИЕВ ПОКА НЕ СКЛОНЕН ПОДВЕРГАТЬСЯ ВЛИЯНИЮ ПОСРЕДНИКОВ В ВОПРОСАХ УРЕГУЛИРОВАНИЯ КОНФЛИКТА НА УКРАИНЕ - ПЕСКОВ	31.08.2026	17:01	Шпион РЦБ	31.08.2026 17:01:00	
Важно	⚠️🇺🇦#украина #геополитика КИЕВ ПОКА НЕ СКЛОНЕН ПОДВЕРГАТЬСЯ ВЛИЯНИЮ ПОСРЕДНИКОВ В ВОПРОСАХ УРЕГУЛИРОВАНИЯ КОНФЛИКТА ПОЗИЦИЯ РОССИИ НЕ ИЗМЕНИЛАСЬ, В МОСКВЕ ГОТОВЫ ПРИНЯТЬ ЗЕЛЕНСКОГО ДЛЯ ПЕРЕГОВОРОВ -- ПЕСКОВ	31.08.2026	17:02	Market Twits	31.08.2026 17:02:00	
Возможно	⚠️🇪🇺🇷🇺#нато #геополитика #санкции #россия Каллас сообщила о захвате еще одного судна российского "теневого" флота	31.08.2026	17:04	Market Twits	31.08.2026 17:04:00	
Важно	Песков: Россия приветствует усилия любых стран по урегулированию на Украине Читать далее 👉 https://smartlab.news/i/202562 мы в max	31.08.2026	17:05	Смарт Лаб	31.08.2026 17:05:00	
Возможно	Евросоюз захватил еще одно судно теневого флота, которое связывает с Россией — Каллас Читать далее 👉 https://smartlab.news/i/202563 мы в max	31.08.2026	17:08	Смарт Лаб	31.08.2026 17:08:00	
Не важно	Власти РФ не будут штрафовать граждан за VPN, но продолжат блокировки — депутат Свинцов #VKCO Читать далее 👉 https://smartlab.news/i/202564 мы в max	31.08.2026	17:12	Смарт Лаб	31.08.2026 17:12:00	
Не важно	⬆️🛢🇪🇺#газ #европа Болгария повышает цены на газ с 1 сентября	31.08.2026	17:14	Market Twits	31.08.2026 17:14:00	
Не важно	Портфель проектного финансирования строительства жилья в РФ во 2кв вырос на 6% к/к, до почти ₽11 трлн, ускорившись после +1% к/к в 1кв. Общий объём кредитных лимитов достиг ₽24,3 трлн — Обзор ЦБ РФ Читать далее 👉 https://smartlab.news/i/202565 мы в max	31.08.2026	17:14	Смарт Лаб	31.08.2026 17:14:00	
Не важно	🇨🇳#ipo #китай Азиатский конкурент Amazon, китайский онлайн-ритейлер Shein оценен в $26,3 млрд на дебютном IPO в Гонконге	31.08.2026	17:17	Market Twits	31.08.2026 17:17:00	
Не важно	🇺🇸🇸🇦#AMZN #саравия Amazon Web Services (AWS) запустится в регионе Саудовской Аравии в декабре 2026 г	31.08.2026	17:18	Market Twits	31.08.2026 17:18:00	
Не важно	⚠️🇪🇺#доходности #европа #облигации Нарастают распродажи в европейских госбондах — мониторинг	31.08.2026	17:20	Market Twits	31.08.2026 17:20:00	
	ОАК Отчет МСФО Читать далее 👉 https://smartlab.news/i/202566 #UNAC	31.08.2026	17:21	Смарт Лаб	31.08.2026 17:21:00	
	🇷🇺#UNAC #отчетность ОАК МСФО 1П 2026Г = УБЫТОК -21.2 МЛРД РУБ ПРОТИВ УБЫТКА -15.89 МЛРД РУБ ГОДОМ РАНЕЕ	31.08.2026	17:23	Market Twits	31.08.2026 17:23:00	
Не важно	🇺🇸#AAPL Сегодня официально последний день Тима Кука на посту генерального директора Apple	31.08.2026	17:25	Market Twits	31.08.2026 17:25:00	
	ОАК МСФО 1п2026: 📈Выручка ₽298,3 млрд (+8% г/г) 📉Чистый убыток ₽21,3 млрд против чистого убытка ₽15,9 млрд годом ранее #UNAC Читать далее 👉 https://smartlab.news/i/202567 мы в max	31.08.2026	17:28	Смарт Лаб	31.08.2026 17:28:00	
Не важно	❗️🇺🇸#сша #экономика #отчетность США -Dallas Fed Mfg Business Index (авг) = +11.6 (ожид +0.7 / ранее +1.3)	31.08.2026	17:30	Market Twits	31.08.2026 17:30:00	
Возможно	Моди: визит Путина в Индию в 2025 году помог вывести экономические связи на новый уровень #ROSN Читать далее 👉 https://smartlab.news/i/202568 мы в max	31.08.2026	17:30	Смарт Лаб	31.08.2026 17:30:00	
Не важно	🛢#нефть #keepcalm Бессент: цены на нефть снизятся	31.08.2026	17:31	Market Twits	31.08.2026 17:31:00	
Возможно	🇷🇺🇮🇳#событие #россия #индия #макро Российско-индийские отношения продолжают укрепляться — Путин Сотрудничество РФ и Индии постоянно выходит на новые рубежи — Моди Ключевыми областями индийско-российской дружбы остаются энергетика, инновации, космос, удобрения и связи между людьми - Моди	31.08.2026	17:33	Market Twits	31.08.2026 17:33:00	
Возможно	Россети 31 августа исполнило обязанность по приобретению собственных биржевых облигаций серии 001P-06R, выкупив 14 650 553 штуки — Раскрытие #FEES Читать далее 👉 https://smartlab.news/i/202569 мы в max	31.08.2026	17:36	Смарт Лаб	31.08.2026 17:36:00	
Не важно	#IMOEX #Прогноз ПСБ: На наш взгляд, на рынке сохраняются риски возобновления нисходящей динамики IMOEX и обновления годовых минимумов. Этому могут способствовать геополитика, риски дальнейшего замедления экономики и все большая уверенность инвесторов в том, что ЦБ возьмет паузу в цикле снижения ключевой ставки.	31.08.2026	17:37	Шпион РЦБ	31.08.2026 17:37:00	
Не важно	🇷🇺#fx #россия ЦБ установил официальные курсы валют на 1 сентября	31.08.2026	17:38	Market Twits	31.08.2026 17:38:00	
Не важно	Официальные курсы валют на 1 сентября: ¥ — ₽12,8580, $ — ₽86,3793, € — ₽100,5714 Читать далее 👉 https://smartlab.news/i/202570 мы в max	31.08.2026	17:39	Смарт Лаб	31.08.2026 17:39:00	
	ЯТЭК МСФО 6 мес 2026 г: 📈 выручка 5,8 млрд руб. (+2,8% г/г) 📈 чистая прибыль 1,5 млрд руб. (+31,3% г/г) Читать далее 👉 https://smartlab.news/i/202571 #YAKG	31.08.2026	17:40	Смарт Лаб	31.08.2026 17:40:00	
Возможно	🇷🇺🇨🇳#логистика #россия #китай Поездки в Китай на своей машине могут стать реальностью. Москва и Пекин прорабатывают возможные варианты специального режима для автотуристов — Решетников, Известия	31.08.2026	17:41	Market Twits	31.08.2026 17:41:00	
Возможно	CENTCOM опровергает сообщение КСИР о подрыве супертанкера на минах в Ормузском проливе Читать далее 👉 https://smartlab.news/i/202573 мы в max	31.08.2026	17:51	Смарт Лаб	31.08.2026 17:51:00	
Возможно	Моди назвал энергетику, инновации, космос, удобрения и связи между людьми ключевыми сферами сотрудничества с Россией #PHOR #AKRN #ROSN Читать далее 👉 https://smartlab.news/i/202575 мы в max	31.08.2026	17:54	Смарт Лаб	31.08.2026 17:54:00	
Не важно	✴️#ETH #прогноз #крипто ETH идет на $6000 — Том Ли	31.08.2026	17:56	Market Twits	31.08.2026 17:56:00	
Важно	#Политика РОССИЯ ДВИГАЕТСЯ ПО ПУТИ К ЗАВЕРШЕНИЮ УКРАИНСКОГО КОНФЛИКТА — ПУТИН	31.08.2026	17:56	Шпион РЦБ	31.08.2026 17:56:00	
Важно	🔥🇺🇦#украина #геополитика #прогноз РОССИЯ ДВИГАЕТСЯ ПО ПУТИ К ЗАВЕРШЕНИЮ УКРАИНСКОГО КОНФЛИКТА — ПУТИН	31.08.2026	17:57	Market Twits	31.08.2026 17:57:00	
Возможно	Путин заявил, что Россия движется к завершению украинского конфликта Читать далее 👉 https://smartlab.news/i/202576 мы в max	31.08.2026	17:57	Смарт Лаб	31.08.2026 17:57:00	
Важно	❗️🇺🇸🇷🇺#событие #сша #россия БЕССЕНТ СЕЙЧАС ВСТРЕЧАЕТСЯ С РОССИЙСКОЙ ДЕЛЕГАЦИЙЕЙ — FOX	31.08.2026	18:05	Market Twits	31.08.2026 18:05:00	
	КАМАЗ Отчет МСФО Читать далее 👉 https://smartlab.news/i/202579 #KMAZ	31.08.2026	18:05	Смарт Лаб	31.08.2026 18:05:00	
Важно	БЕССЕНТ СЕЙЧАС ВСТРЕЧАЕТСЯ С РОССИЙСКОЙ ДЕЛЕГАЦИЙЕЙ — FOX	31.08.2026	18:06	Шпион РЦБ	31.08.2026 18:06:00	
Возможно	Министр финансов США Бессент сейчас встречается с российской делегацией — Fox Business Читать далее 👉 https://smartlab.news/i/202580 мы в max	31.08.2026	18:07	Смарт Лаб	31.08.2026 18:07:00	
Не важно	📈Акции Фосагро растут на 5,1%, до ₽5 350 #PHOR Читать далее 👉 https://smartlab.news/i/202581 мы в max	31.08.2026	18:07	Смарт Лаб	31.08.2026 18:07:00	
	ОМЗ МСФО 6 мес 2026 г: 📈 выручка 10,9 млрд руб. (+27,7% г/г) 📉 чистый убыток 0,65 млрд руб. (против прибыли 2,3 млрд руб. годом ранее) Читать далее 👉 https://smartlab.news/i/202582 #OMZZP	31.08.2026	18:08	Смарт Лаб	31.08.2026 18:08:00	
Важно	🔥🇺🇦#украина #геополитика БЕССЕНТ ОБСУЖДАЕТ С РОССИЙСКОЙ ДЕЛЕГАЦИЙЕЙ МИРНЫЙ ПЛАН ТРАМПА ПО УКРАИНЕ — CNBC	31.08.2026	18:09	Market Twits	31.08.2026 18:09:00	
Возможно	Глава Минфина США Бессент встретился с Силуановым для обсуждения плана Трампа по Украине — CNBC Читать далее 👉 https://smartlab.news/i/202583 мы в max	31.08.2026	18:10	Смарт Лаб	31.08.2026 18:10:00	
	КАМАЗ МСФО 1п2026: 📈Выручка ₽164,8 млрд (+8% г/г) 📉Чистый убыток ₽21,8 млрд против чистого убытка ₽30,9 млрд годом ранее #KMAZ Читать далее 👉 https://smartlab.news/i/202585 мы в max	31.08.2026	18:13	Смарт Лаб	31.08.2026 18:13:00	
Не важно	✴️🇺🇸#rwa #крипто #ICE Биржа ICE выбрала проект tZERO для создания инфраструктуры для своей платформы токенизированных ценных бумаг.	31.08.2026	18:21	Market Twits	31.08.2026 18:21:00	
Важно	⚠️🇮🇷#иран #геополитика Вэнс заявил, что Трамп посылает сигнал Ирану своим ии-постом о бомбардировке острова Харг	31.08.2026	18:22	Market Twits	31.08.2026 18:22:00	
Возможно	#Политика Бессент встречается, чтобы продвинуть мирный план Трампа по Украине из 28 пунктов — Fox Ранее: • план отверг Зеленский • Генсек НАТО заявил "мы отошли от мирного плана из 28 пунктов" • Трамп подчеркнул, что первоначально представленный план из 28 пунктов был «просто картой», в конечном итоге его свели к 22 положениям	31.08.2026	18:24	Шпион РЦБ	31.08.2026 18:24:00	
Не важно	🛢🇺🇸🇻🇪#нефть #сша #венесуэла Вэнс заявил, что добыча нефти значительно вырастет, благодаря сделке с Венесуэлой	31.08.2026	18:26	Market Twits	31.08.2026 18:26:00	
Возможно	🇷🇺#KMAZ #отчетность «КАМАЗ» нарастил консолидированную выручку, сократил чистый убыток на 29% в 1п 2026г — отчет	31.08.2026	18:31	Market Twits	31.08.2026 18:31:00	
Не важно	📈 Индекс Мосбиржи растёт на 2,3% на новостях о встрече Бессента и Силуанова для обсуждения плана Трампа по Украине Читать далее 👉 https://smartlab.news/i/202587 мы в max	31.08.2026	18:38	Смарт Лаб	31.08.2026 18:38:00	
Не важно	🇷🇺 #T #облигации #секьюритизация Т-Банк начал сбор заявок на старший транш облигаций объемом 12,75 млрд руб., обеспеченных портфелем ипотечных кредитов. Выпуску присвоен наивысший рейтинг eААА(ru.sf) от АКРА. Ожидаемая доходность — до 17,5% годовых. Инструмент доступен неквалифицированным инвесторам после тестирования, сбор заявок продлится до 8 сентября.	31.08.2026	18:40	Market Twits	31.08.2026 18:40:00	
Не важно	Доля рыночной ипотеки за семь месяцев выросла с 31% до 64% по количеству кредитов, а общая выдача достигла 576 тыс. кредитов (+38% г/г) — Аналитика ДОМ.PФ #DOMRF Читать далее 👉 https://smartlab.news/i/202588 мы в max	31.08.2026	18:45	Смарт Лаб	31.08.2026 18:45:00	
Важно	#Политика Хороший телефонный разговор с представителями Президента Трампа Стивом Уиткоффом и Джаредом Кушнером. — Зеленский	31.08.2026	18:45	Шпион РЦБ	31.08.2026 18:45:00	
Возможно	Зеленский заявил, что провел конструктивный разговор с Уиткоффом и Кушнером, обсуждается их визит в Киев Читать далее 👉 https://smartlab.news/i/202589 мы в max	31.08.2026	18:46	Смарт Лаб	31.08.2026 18:46:00	
Важно	#Политика БЕССЕНТ И СИЛУАНОВ ПООБЩАЛИСЬ НА ПОЛЯХ ВСТРЕЧИ ГЛАВ МИНФИНОВ И ЦБ G20 В США, ОБСУЖДАЛОСЬ УКРАИНСКОЕ УРЕГУЛИРОВАНИЕ — ЖУРНАЛИСТ CNBC	31.08.2026	18:47	Шпион РЦБ	31.08.2026 18:47:00	
Возможно	Маск готов обсуждать использование Starlink для ударов по РФ, но решение за Белым домом — FT Читать далее 👉 https://smartlab.news/i/202590 мы в max	31.08.2026	18:51	Смарт Лаб	31.08.2026 18:51:00	
Возможно	Дмитриев заявил, что Россия является крупнейшим поставщиком удобрений на индийский рынок #PHOR #AKRN Читать далее 👉 https://smartlab.news/i/202591 мы в max	31.08.2026	18:54	Смарт Лаб	31.08.2026 18:54:00	
Возможно	🇷🇺#депозиты #россия Средняя максимальная ставка по вкладам топ-10 банков России осталась в третьей декаде августа на уровне 12,9% -- ЦБ	31.08.2026	19:00	Market Twits	31.08.2026 19:00:00	
Важно	❗️🇺🇦#украина #геополитика ЗЕЛЕНСКИЙ СООБЩИЛ, ЧТО У НЕГО СОСТОЯЛСЯ ХОРОШИЙ РАЗГОВОР С УИТКОФФОМ И КУШНЕРОМ И СЕЙЧАС ОБСУЖДАЕТСЯ ДАТА ИХ ВИЗИТА В КИЕВ ————————— Трамп ранее заявлял, что Уиткофф и Кушнер просто так не поедут ни в Киев, ни в Москву	31.08.2026	19:00	Market Twits	31.08.2026 19:00:00	
Возможно	❗️🇺🇸🇷🇺#событие #экономика #россия БЕССЕНТ ОБСУЖДАЛ С СИЛУАНОВЫМ ЭКОНОМИЧЕСКИЕ ВОПРОСЫ — NBC сейчас проходит Саммит министров финансов стран G20 в Эшвилле, Северная Каролина Это первое появление Силуанова на встрече G20 с 2022 года	31.08.2026	19:00	Market Twits	31.08.2026 19:00:00	
Не важно	Максимальные ставки по вкладам в топ-10 банков в августе сохранились на уровне 12,9% — ЦБ Читать далее 👉 https://smartlab.news/i/202593 мы в max	31.08.2026	19:01	Смарт Лаб	31.08.2026 19:01:00	
Важно	#Политика ЗЕЛЕНСКИЙ СООБЩИЛ, ЧТО У НЕГО СОСТОЯЛСЯ ХОРОШИЙ РАЗГОВОР С УИТКОФФОМ И КУШНЕРОМ И СЕЙЧАС ОБСУЖДАЕТСЯ ДАТА ИХ ВИЗИТА В КИЕВ	31.08.2026	19:02	Шпион РЦБ	31.08.2026 19:02:00	
	Химпром МСФО 6 мес 2026 г: 📉 выручка 6,8 млрд руб. (-14,8% г/г) 📉 чистый убыток 0,31 млрд руб. (против прибыли 0,16 млрд руб. годом ранее) Читать далее 👉 https://smartlab.news/i/202594 #HIMCP	31.08.2026	19:04	Смарт Лаб	31.08.2026 19:04:00	
Возможно	⚠️🇺🇦#украина #геополитика Маск дал понять, что готов рассмотреть возможность предоставления Украине разрешения на использование спутниковой сети Starlink для ударов вглубь России, но отметил, что финальное решение - за Белым домом — FT	31.08.2026	19:08	Market Twits	31.08.2026 19:08:00	
Возможно	#Политика Илон Маск дал понять, что готов рассмотреть возможность предоставления Украине разрешения на использование спутниковой сети Starlink для ударов вглубь России, но отметил, что финальное решение за Белым домом — Financial Times	31.08.2026	19:08	Шпион РЦБ	31.08.2026 19:08:00	
Не важно	Двигаемся по пути мирного урегулирования️Итоги дня 📈IMOEX +3% Умы участников рынка снова захватили разговоры о мире. Ну что ж, этому можно только порадоваться, хотя реальных предпосылок не видно. Индия призывает к миру из-за конфликта на Украине, заявил премьер-министр Индии Нарендра Моди. «Спасибо большое, уважаемый премьер-министр. Мы по этому пути и двигаемся», — сказал Путин после выступления Моди🤷‍♂️ Тут можно добавить, что двигаемся уже не первый год в этом направлении.... Министр финансов США Скотт Бессент встретился с делегацией из России на полях саммита G20. Об этом 31 августа сообщили источники Fox Business и CNBC. По информации CNBC, Бессент обсудил с представителями РФ план президента Дональда Трампа по урегулированию конфликта на Украине. Они также обсуждают вопросы экономического роста. Новость о встрече со ссылкой на собственные источники опубликовали корреспонденты CNBC Меган Каселла, Fox Business Эдвард Лоуренс и NBC Джулия Циркин🤷‍♂️ Не хочу никого обидеть, но как будто министры финансов не совсем те фигуры, которые обычно заканчивают конфликты..... Телеграмм каналы также тиражируют эту новость👉 Зеленский сообщил о детальном и конструктивном телефонном разговоре со спецпосланником Трампа Стивом Уиткоффом и Джаредом Кушнером. Радоваться этой новости особенно странно, так как хороший разговор может означать, например поставку новых вооружений для Украины🤔 В любом случае позитива на рынке сейчас хоть отбавляй, посмотрим на сколько дней/часов его хватит😁 📈RGBI +0.2% «Пространство для снижения ставки сузилось еще в июльский раунд, что было отражено в пересмотре вверх прогноза по ставке и на этот год, и на следующий,— сообщил зампред ЦБ Алексей Заботкин на пресс-конференции. Дальнейшие решения будут диктоваться фактически складывающейся ситуацией с задачей того, чтобы вернуться к инфляции 4% в 2027 году, добавил он🧐 📈Brent +2.5% США и Иран опять обменялись ударами👉 В ночь на 31 августа иранские СМИ сообщили об американской атаке на остров Ларак, что стало первым ударом США по Ирану с конца июля. В ответ Иран ударил по американским базам, расположенным в Иордании и ОАЭ🤔 📈М.Видео +7.8% Продавцы ищут альтернативу Ozon и Wildberries, опасаясь рисков уничтожения товаров на больших складах. У маркетплейса «М.Видео» по итогам июля число новых продавцов выросло на 59,2% по сравнению с июнем. К площадке присоединилось 1,6 тыс. новых партнеров🧐 Полная карта рынка: https://smart-lab.ru/q/map Билеты на нашу осеннюю конфу на 20% дешевле по промокоду LONG: https://confa.smart-lab.ru/msk26 СМАРТЛАБ | MAX | ВК	31.08.2026	19:12	Смарт Лаб	31.08.2026 19:12:00	
Не важно	❗️🛢🇺🇸#нефть #сша #резервы США продолжают рекордными темпами расходовать свой стратегический резерв нефти (SPR) За неделю запасы сократились еще на 3.1 млн баррелей до 286.6 миллиона баррелей = новый минимум с 1982г —————————————————- Трамп недавно заявил, что венесуэльская нефть пойдет на пополнение стратегического нефтяного резерва США	31.08.2026	19:13	Market Twits	31.08.2026 19:13:00	
Важно	Полюс Отчет МСФО Читать далее 👉 https://smartlab.news/i/202601 #PLZL	31.08.2026	19:32	Смарт Лаб	31.08.2026 19:32:00	
Важно	Полюс МСФО 6 мес 2026 г: 📈 выручка 352,7 млрд руб. (+13,8% г/г) 📉 чистая прибыль 61,2 млрд руб. (снижение в 2,8 раза г/г) #PLZL Читать далее 👉 https://smartlab.news/i/202602 мы в max	31.08.2026	19:33	Смарт Лаб	31.08.2026 19:33:00	
Важно	#PLZL #Отчетность ПОЛЮС МСФО 6 МЕС 2026 Г: ВЫРУЧКА 352,7 МЛРД РУБ. (+13,8% Г/Г) ЧИСТАЯ ПРИБЫЛЬ 61,2 МЛРД РУБ. (СНИЖЕНИЕ В 2,8 РАЗА Г/Г)	31.08.2026	19:37	Шпион РЦБ	31.08.2026 19:37:00	
	🇷🇺#PLZL #отчётность СКОРРЕКТИРОВАННАЯ ЧИСТАЯ ПРИБЫЛЬ ПОЛЮСА 1П 2026Г ПО МСФО УПАЛА НА 59%, ДО $829 МЛН отчет	31.08.2026	19:47	Market Twits	31.08.2026 19:47:00	
Возможно	М.видео РСБУ 6 мес 2026 г: 📉 выручка ₽78,85 млн (-24,60% г/г) 📉 чистая прибыль ₽176,00 тыс (снижение в 338,8 раза г/г) Читать далее 👉 https://smartlab.news/i/202604 #MVID	31.08.2026	19:50	Смарт Лаб	31.08.2026 19:50:00	
	М.видео Отчет МСФО Читать далее 👉 https://smartlab.news/i/202605 #MVID	31.08.2026	19:50	Смарт Лаб	31.08.2026 19:50:00	
	#MVID #Отчетность М.Видео: МСФО 1П2026 Валовая прибыль 4.1 млрд руб (годом ранее 27 млрд руб) EBITDA -14.7 млрд руб Чистый убыток 36.1 млрд руб (годом ранее убыток 25.2 млрд руб) Чистый операционный денежный поток вышел в положительную зону: 5.3 млрд руб (годом ранее отток 27.4 млрд руб)Общие продажи (GMV)Онлайн-продажиРозничные продажи156.2 млрд руб (-26.9%)63.4 млрд руб (-6%)89.2 млрд руб (-36.8%)Рост вклада онлайна в GMV Компании (41.5%) обусловлен активным масштабированием маркетплейса М.Видео, который по итогам отчетного периода увеличил оборот в 4 раза. Маркетплейс М.Видео• Число селлеров превысило 12 тысяч • GMV маркетплейса превысил 17.7 млрд руб (11.6% общего оборота)	31.08.2026	19:51	Шпион РЦБ	31.08.2026 19:51:00	
Возможно	Силуанов и Бессент встретились на полях G20 для обсуждения финансового взаимодействия — Минфин РФ Читать далее 👉 https://smartlab.news/i/202606 мы в max	31.08.2026	19:52	Смарт Лаб	31.08.2026 19:52:00	
Возможно	🇷🇺#MVID #отчётность М. ВИДЕО 1П 2026Г GMV = - 26,9%, ДО 152,6 МЛРД РУБ ДОЛЯ ОНЛАЙН-ПРОДАЖ М.ВИДЕО ПО ИТОГАМ 1П 2026Г ВЫРОСЛА НА 9 П. П. И ДОСТИГЛА 41,5% отчет	31.08.2026	19:54	Market Twits	31.08.2026 19:54:00	
	М.Видео МСФО 6 мес 2026 г: 📉 Выручка 108,2 млрд руб 📉 Чистый убыток 36,1 млрд руб. 📈 Онлайн-продажи: 63,4 млрд руб. с НДС, достигнув доли 41,5% 📈 Число селлеров маркетплейса М.Видео превысило 12 тысяч 📈Компания привлекла 1,5 млн новых клиентов, увеличив клиентскую базу до 82 млн человек #MVID Читать далее 👉 https://smartlab.news/i/202607 мы в max	31.08.2026	19:54	Смарт Лаб	31.08.2026 19:54:00	
	ГТМ МСФО 6 мес 2026 г: 📉 выручка ₽1,13 млрд (−48,4% г/г) 📉 чистый убыток ₽0,64 млрд (снижение в 1,9 раза г/г) Читать далее 👉 https://smartlab.news/i/202608 #GTRK	31.08.2026	19:54	Смарт Лаб	31.08.2026 19:54:00	
Возможно	ГТМ РСБУ 1П 2026 г: 📉 чистый убыток ₽0,02 млрд (против прибыли ₽0,04 млрд годом ранее) Читать далее 👉 https://smartlab.news/i/202609 #GTRK	31.08.2026	19:55	Смарт Лаб	31.08.2026 19:55:00	
	МГКЛ РСБУ 1П 2026 г: 📈 выручка ₽1,30 млрд (+50,8% г/г) 📈 чистая прибыль ₽0,05 млрд (рост в 2,3 раза г/г) Комментарий компании: Отчет по РСБУ материнской компании ПАО «МГКЛ» не отражает консолидированные финансовые показатели работы Группы и его нельзя рассматривать в качестве основания для корректной и репрезентативной оценки деятельности Группы «МГКЛ». Напомним, в недавно опубликованном отчете по МСФО, отображающем работу всей Группы по итогам 6 мес. 2026, указаны консолидированные финансовые показатели Группы: — чистая прибыль в размере 553 млн рублей (+ 34% г/г), — выручка в размере 27 млрд рублей (рост в 2,7 раза г/г), — EBITDA в размере 1,8 млрд рублей (+63% г/г)» Читать далее 👉 https://smartlab.news/i/202610 #MGKL	31.08.2026	20:00	Смарт Лаб	31.08.2026 20:00:00	
Не важно	✴️#HYPE #крипто Hyperliquid ведет переговоры с Kraken о выходе на рынок США -- BBG	31.08.2026	20:04	Market Twits	31.08.2026 20:04:00	
Не важно	Продажи белорусского бензина на на Петербургской бирже в августе упали в четыре раза (м/м) — Ъ Читать далее 👉 https://smartlab.news/i/202615 мы в max	31.08.2026	20:31	Смарт Лаб	31.08.2026 20:31:00	
Важно	🇷🇺🇺🇸#G20 #россия #сша МИНФИН: Министр финансов РФ Антон Силуанов и Министр финансов США Скотт Бессент провели встречу на полях заседания глав Минфинов и управляющих ЦБ «Группы 20». Были обсуждены вопросы российско-американского взаимодействия по финансовому треку и вопросы взаимодействия в рамках «Группы 20».	31.08.2026	20:41	Market Twits	31.08.2026 20:41:00	
	ЕвроТранс МСФО 6 мес 2026 г: 📉 выручка ₽76,57 млрд (−28,5% г/г) 📉 чистый убыток ₽5,70 млрд (против прибыли ₽3,23 млрд годом ранее) Читать далее 👉 https://smartlab.news/i/202616 #EUTR	31.08.2026	20:41	Смарт Лаб	31.08.2026 20:41:00	
Возможно	Власти разрешили продажу топлива классов Евро-2–Евро-5 на АЗС до 30 июня 2027 года — Минэнерго Читать далее 👉 https://smartlab.news/i/202617 мы в max	31.08.2026	20:41	Смарт Лаб	31.08.2026 20:41:00	
Возможно	🌎#G20 #событие Встреча глав Минфинов и центральных банков стран G20 проходит 31 августа и 1 сентября в г. Эшвилл, США.	31.08.2026	20:42	Market Twits	31.08.2026 20:42:00	
Возможно	ЕвроТранс РСБУ 1П 2026 г: 📉 выручка ₽67,09 млрд (−28,2% г/г) 📉 чистый убыток ₽5,55 млрд (против прибыли ₽3,07 млрд годом ранее) Читать далее 👉 https://smartlab.news/i/202618 #EUTR	31.08.2026	20:42	Смарт Лаб	31.08.2026 20:42:00	
Не важно	✴️#GRAM #крипто Telegram запустил кошелек Gram Wallet, пока для ограниченного числа пользователей - в преддверии более масштабного запуска.	31.08.2026	20:53	Market Twits	31.08.2026 20:53:00	
Возможно	Трамп рассматривает возможность нанесения ограниченных ударов по Ирану — Axios Читать далее 👉 https://smartlab.news/i/202621 мы в max	31.08.2026	21:05	Смарт Лаб	31.08.2026 21:05:00	
Не важно	Тим Кук отработал последний день в должности генерального директора Apple. С 1 сентября его сменит Джон Тернус #AAPL Читать далее 👉 https://smartlab.news/i/202622 мы в max	31.08.2026	21:08	Смарт Лаб	31.08.2026 21:08:00	
	Росинтер МСФО 6 мес 2026 г: 📈 выручка 3,76 млрд руб. (+0,7% г/г) 📉 чистый убыток 0,995 млрд руб. (рост убытка в 1,7 раза г/г) Читать далее 👉 https://smartlab.news/i/202623 #ROST	31.08.2026	21:31	Смарт Лаб	31.08.2026 21:31:00	
Не важно	✴️#крипто #разблокировки Cryptorank: топ 7 разблокировок токенов в сентябре	31.08.2026	21:37	Market Twits	31.08.2026 21:37:00	
Возможно	🇺🇿🇷🇺#торговля #узбекистан #россия #шос Товарооборот Узбекистана и России с начала года вырос на 12% - пресс-служба Мирзиеева - РИА	31.08.2026	21:45	Market Twits	31.08.2026 21:45:00	
Возможно	🇰🇿🇷🇺#торговля #казахстан #россия #шос Токаев на встрече с Путиным на полях ШОС сообщил о росте торговли Казахстана с Россией. Также заявил, что Казахстан будет по-прежнему динамично и искренне работать с Россией	31.08.2026	21:49	Market Twits	31.08.2026 21:49:00	
Не важно	⬆️🍫#какао Какао стало самым подорожавшим товаром в мире в августе (+28,22% м/м) — РИА Новости со ссылкой на данные ICE Futures Также цены значительно выросли на сахар (+19,87%) и пшеницу (+17,11%)	31.08.2026	21:51	Market Twits	31.08.2026 21:51:00	
Не важно	🇺🇸#фарма #сша Ожидается, что Трамп скоро сделает заявление заявление о ценах на лекарства	31.08.2026	21:55	Market Twits	31.08.2026 21:55:00	
Не важно	ДО ПОВЫШЕНИЯ ЦЕН НА КОНФУ ОСТАЛОСЬ 2 ЧАСА До масштабной конференции по инвестициям на бирже осталось ровно 2 месяца! Столицу ждёт наплыв частных инвесторов со всей страны, а билеты на Smart-Lab Conf — повышение цен! Если вы не воспользовались возможностью купить билет по самой низкой цене на старте продаж — не упустите свою выгоду сейчас! Новые цены: Standart 7400₽ 6400₽ All Time 56890₽ 46890₽ Не забываем применить промокод на скидку 20%: copyCONFMSK P.S. Для тех, кто ещё не успел выбрать кэшбэк на сентябрь, сообщаем, что MCC-код нашего билетного оператора — 7922 , категория развлечения. Забираем максимум выгоды! Принять участие в конференции: conf.smart-lab.ru	31.08.2026	21:56	Смарт Лаб	31.08.2026 21:56:00	
Не важно	⬆️🌎#апк #инфляция #макро В августе цены на сельскохозпродукцию показали самый сильный рост за последние 14 лет - BBG	31.08.2026	22:00	Market Twits	31.08.2026 22:00:00	
Не важно	🇺🇸#META #ии Meta* выводит из бета-тестирования инструмент для ии-кодирования Muse Code, введет на него подписку *признана экстремистской и запрещена в России	31.08.2026	22:07	Market Twits	31.08.2026 22:07:00	
Не важно	🇺🇸#фарма #сша Трамп объявил о новых соглашениях о ценообразовании на лекарства, назвав среди компаний Beone и CSL	31.08.2026	22:09	Market Twits	31.08.2026 22:09:00	
Важно	⚠️🛢🇮🇷#ормуз #иран #геополитика Трамп рассматривает возможность точечных ударов в Ормузском проливе, чтобы снизить риск иранских атак на танкеры — AXIOS	31.08.2026	22:10	Market Twits	31.08.2026 22:10:00	
Не важно	✴️#POLY #прогнозы Polymarket оценен в $21 млрд в рамках последнего раунда финансирования — BBG	31.08.2026	22:17	Market Twits	31.08.2026 22:17:00	
Возможно	Судоходные компании приостанавливают работу с Россией из-за атак в Черном море — Ъ #FESH #NMTP Читать далее 👉 https://smartlab.news/i/202625 мы в max	31.08.2026	22:24	Смарт Лаб	31.08.2026 22:24:00	
Важно	⚠️🇮🇷#иран #геополитика ТРАМП: МЫ МОЖЕМ НАНЕСТИ УДАР ПО ИРАНУ, ПОСМОТРИМ, ЧТО ПРОИЗОЙДЕТ	31.08.2026	22:46	Market Twits	31.08.2026 22:46:00	
Важно	❗️🇺🇸#дкп #трамп ТРАМП: СТАВКИ СЛИШКОМ ВЫСОКИЕ УОРША УВАЖАЮ, ОН СДЕЛАЕТ ТО, ЧТО ДОЛЖЕН	31.08.2026	22:49	Market Twits	31.08.2026 22:49:00	
	ПИК МСФО 6 мес 2026 г: 📉 выручка 290,1 млрд руб. (-11,6% г/г) 📉 чистая прибыль 14,7 млрд руб. (снижение в 2,2 раза г/г) Читать далее 👉 https://smartlab.news/i/202626 #PIKK	31.08.2026	23:01	Смарт Лаб	31.08.2026 23:01:00	
Важно	🇷🇺#PIKK #отчетность ПИК МСФО 1П 2026Г = ПРИБЫЛЬ +14.6 МЛРД РУБ ПРОТИВ ПРИБЫЛИ +31.99 МЛРД РУБ ГОДОМ РАНЕЕ	31.08.2026	23:03	Market Twits	31.08.2026 23:03:00	
Важно	❗️🇮🇷#иран #геополитика Трамп заявил, что не будет использовать ядерное оружие против Ирана	31.08.2026	23:05	Market Twits	31.08.2026 23:05:00	
Важно	Трамп объяснил приглашение России на G20 желанием ладить со всеми Трамп также выразил надежду, что из визита Силуанова в США "что-нибудь получится". Читать далее 👉 https://smartlab.news/i/202628 мы в max	31.08.2026	23:11	Смарт Лаб	31.08.2026 23:11:00	
Важно	❗️🇺🇸🇷🇺#сша #россия ТРАМП ВЫРАЗИЛ НАДЕЖДУ, ЧТО ИЗ ВИЗИТА СИЛУАНОВА НА ВСТРЕЧУ ГЛАВ МИНФИНОВ G20 В США "ЧТО-НИБУДЬ ПОЛУЧИТСЯ"	31.08.2026	23:12	Market Twits	31.08.2026 23:12:00	
Возможно	#Политика Трамп выразил надежду, что из визита Силуанова в США "что-нибудь получится"	31.08.2026	23:52	Шпион РЦБ	31.08.2026 23:52:00	
Не важно	mt в max 🗓КАЛЕНДАРЬ НА СЕГОДНЯ — 2026.09.01 🌎саммит ШОС в Бишкеке - день 2 🌎Встреча глав Минфинов и центральных банков стран G20 в г. Эшвилл, США - день 2 🇷🇺РФ - Восточный экономический форум (ВЭФ) - день 1 🇦🇺Австралия - Manufacturing PMI (авг) - 02:00мск 🇯🇵Япония - Manufacturing PMI (авг) - 03:30мск 🇨🇳КНР - Caixin Manufacturing PMI (авг) - 04:45мск 🇮🇳Индия - Manufacturing PMI (авг) - 08:00мск 🇷🇺РФ - Manufacturing PMI (авг) - 09:00мск 🇩🇪Германия - Manufacturing PMI (авг) - 10:55мск 🇪🇺Еврозона - Manufacturing PMI (авг) - 11:00мск 🇬🇧Британия - Manufacturing PMI (авг) - 11:30мск 🇪🇺Еврозона - потребинфляция (авг) - 12:00мск 🇧🇷Бразилия - ВВП (2кв 2026г) - 15:00мск 🇧🇷Бразилия - Manufacturing PMI (авг) - 16:00мск 🇨🇦Канада - Manufacturing PMI (авг) - 16:30мск 🇺🇸США - S&P Manufacturing PMI (авг) - 16:45мск 🇺🇸США - ISM Manufacturing PMI (авг) - 17:00мск 🇺🇸США - число открытых вакансий на рынке труда JOLTS (июль) - 17:00мск 🛢нефть США - запасы API - 23:30мск ✴️🇷🇺в РФ начинается массовое внедрение цифрового рубля 🇷🇺В РФ заработает система быстрых переводов ценных бумаг 🇷🇺#ALRS в РФ выращенные камни теперь нельзя называть бриллиантами: для них появится отдельное наименование — «ограненный синтетический алмаз» 🇷🇺#ABRD #BELU продажу алкоголя ограничат в 60 российских регионах РФ 🇷🇺#UPRO Юнипро - сд по утверждению новой редакции Положения о дивидендной политике 🇺🇸#AAPL в Apple меняется CEO попсовые отчетности: 🇨🇳#NIO Nio - 13:00мск 🇺🇸#MDT Medtronics - 13:45мск 🇺🇸#PANW Palo Alto Networks - 23:05мск 🇺🇸#DELL Dell - 23:05мск	01.09.2026	6:11	Market Twits	01.09.2026 6:11:00	
Не важно	🌎#markets	01.09.2026	6:14	Market Twits	01.09.2026 6:14:00	
Не важно	🌎#fx USDCNY = 6.72 USDTRUB = 87.50	01.09.2026	6:15	Market Twits	01.09.2026 6:15:00	
Возможно	🇷🇺🇲🇳#OZON #монголия OZON вышел на рынок Монголии	01.09.2026	6:16	Market Twits	01.09.2026 6:16:00	
Не важно	❗️✴️🇷🇺#CBDC #россия #внедрение #крипто России стартовал поэтапный массовый запуск цифрового рубля. С сегодняшнего дня Цифровой рубль становится третьей формой нацвалюты наряду с наличными и безналичными рублями.	01.09.2026	6:29	Market Twits	01.09.2026 6:29:00	
Не важно	✴️🇷🇺#банки #крипто #россия Сбер запустил международные расчеты в криптовалюте для бизнеса	01.09.2026	6:30	Market Twits	01.09.2026 6:30:00	
Важно	❗️🇷🇺#вэф #россия Во Владивостоке открылся Восточный экономический форум (ВЭФ) Форум в одиннадцатый раз проходит на острове Русском во Владивостоке. Главная тема ВЭФ в этом году — "Дальний Восток — развитие во благо людей". На форуме ожидается более 5 тысяч участников из порядка 70 стран, включая Индию, Мьянму, Китай, Монголию и другие. Путин примет участие в ВЭФ и проведет ряд встреч с иностранными лидерами. https://forumvostok.ru/	01.09.2026	6:34	Market Twits	01.09.2026 6:34:00	
Возможно	❗️🌎#шос Саммит Шанхайской организации сотрудничества (ШОС) проходит в Бишкеке (Киргизия) с 31 августа по 1 сентября 2026 года и приурочен к 25-летию организации. Сегодня состоится заседание Совета глав государств под девизом «25 лет ШОС: укрепляя стабильность, расширяя сотрудничество — к дальнейшему совместному развитию». После этого пройдёт встреча в формате «ШОС+» — в открытом режиме с приглашением лидеров стран-наблюдателей, партнёров по диалогу и гостей со стороны председателя. По итогам саммита планируется подписать более 20 документов.	01.09.2026	6:41	Market Twits	01.09.2026 6:41:00	
Возможно	❗️🌎#G20 В США в Эшвиле проходит встреча глав Минфинов и центральных банков стран G20 - день 2	01.09.2026	6:45	Market Twits	01.09.2026 6:45:00	
Возможно	Законопроект о санкциях против торговых партнеров России может не дойти до голосования в Палате представителей США — Politico Читать далее 👉 https://smartlab.news/i/202629 мы в max	01.09.2026	6:57	Смарт Лаб	01.09.2026 6:57:00	
Возможно	⚠️🌎#долг #мир #макро Процентные расходы стран мира на обслуживание госдолга за четыре года выросли на 50% — Силуанов на встрече министров финансов и глав Центробанков стран G20	01.09.2026	6:59	Market Twits	01.09.2026 6:59:00	
Важно	⚠️🇷🇺#NVTK При ударе БПЛА по порту Усть-Луга Ленинградской области произошел пожар	01.09.2026	7:01	Market Twits	01.09.2026 7:01:00	
Возможно	Приглашение Силуанова на встречу G20 в США вызвало недовольство европейских стран — Reuters Читать далее 👉 https://smartlab.news/i/202630 мы в max	01.09.2026	7:01	Смарт Лаб	01.09.2026 7:01:00	
Возможно	США могут сначала согласовать позицию с Киевом, прежде чем возвращать Уиткоффа и Кушнера к переговорам с Москвой — Ведомости Читать далее 👉 https://smartlab.news/i/202631 мы в max	01.09.2026	7:05	Смарт Лаб	01.09.2026 7:05:00	
Важно	🇺🇸🇷🇺#санкции #россия Палата представителей США вернулась с каникул и планирует рассмотреть законопроект об "адских санкциях" против России Politico пишет, что законопроект может "забуксовать" все по тем же старым причинам - из-за раскола среди республиканцев и опасений демократов по поводу усиления власти Трампа	01.09.2026	7:07	Market Twits	01.09.2026 7:07:00	
Возможно	При ударе БПЛА по порту Усть-Луга Ленинградской области произошел пожар #NVTK Читать далее 👉 https://smartlab.news/i/202632 мы в max	01.09.2026	7:07	Смарт Лаб	01.09.2026 7:07:00	
Важно	❗️🇺🇦#украина #геополитика Минфин США: Бессент передал Силуанову требование остановить бои на Украине — Politico "конфликт должен прекратиться, и власти США хотят увидеть мирный исход" Бессент исключил возможность оказания экономической помощи России или заключения двусторонних соглашений до завершения конфликта на Украине — RTRS	01.09.2026	7:09	Market Twits	01.09.2026 7:09:00	
Возможно	🛢🇷🇺#бензин #россия Власти одобрили продажу топлива «Евро-2», «Евро-3», «Евро-4» и «Евро-5» на АЗС	01.09.2026	7:16	Market Twits	01.09.2026 7:16:00	
Не важно	🇷🇺#акции #cot #россия Совокупные вложения НПФ в акции составляют лишь 1% от капитализации российского фондового рынка, а их доля в портфелях фондов не превышает 5–8%, свидетельствует исследование НАУФОР. Фонды и не намерены значительно наращивать вложения в акции, ссылаясь на обязательство обеспечивать безубыточность инвестиций в течение пяти лет. -- Ъ	01.09.2026	7:18	Market Twits	01.09.2026 7:18:00	
Не важно	Совокупные вложения НПФ в российские акции на конец I кв 2026 года составляли около ₽500 млрд — это лишь 1% капитализации фондового рынка и 3,3% его free-float — исследование НАУФОР Читать далее 👉 https://smartlab.news/i/202633 мы в max	01.09.2026	7:18	Смарт Лаб	01.09.2026 7:18:00	
Важно	⚠️🇺🇸🇷🇺#санкции #россия #геополитика Бессент заявил Силуанову, что до окончания украинского конфликта не может быть и речи о смягчении санкций или новых соглашениях — CNBC	01.09.2026	7:22	Market Twits	01.09.2026 7:22:00	
Возможно	США назвали встречу Бессента и Силуанова продуктивной, но исключили смягчение санкций до окончания конфликта — Politico Читать далее 👉 https://smartlab.news/i/202634 мы в max	01.09.2026	7:23	Смарт Лаб	01.09.2026 7:23:00	
Не важно	✴️#прогнозы #мнипулирование Платформа ставок Kalshi впервые в истории ввела пожизненный запрет на торговлю для бывшего члена Палаты представителей США Джорджа Сантоса за манипулирование рынком	01.09.2026	7:25	Market Twits	01.09.2026 7:25:00	
Не важно	✴️🇰🇵#HYPE #кндр #хак #крипто Северокорейские хакеры Lazarus Group используют биржу Hyperliquid для отмывания крипты — Arkham	01.09.2026	7:30	Market Twits	01.09.2026 7:30:00	
Не важно	Сбер начал проводить трансграничные платежи в криптовалюте для корпоративных клиентов #SBER Читать далее 👉 https://smartlab.news/i/202635 мы в max	01.09.2026	7:30	Смарт Лаб	01.09.2026 7:30:00	
Не важно	❗️✴️🇷🇺#крипто #россия #регулирование В России вступил в силу закон о легальном обращении криптовалют Банк России будет регулировать и контролировать сферу криптовалют, а криптообменникам и цифровым депозитариям нужно будет попасть в соответствующие реестры регулятора. Покупка криптовалюты на биржах будет доступна после прохождения специального тестирования, при этом неквалифицированным инвесторам установят лимит в 300 тысяч рублей в год. Закон вводит переходный период для участников рынка до 1 июля 2027 года. За это время они должны получить лицензии и привести деятельность в соответствие с законом.	01.09.2026	7:35	Market Twits	01.09.2026 7:35:00	
Не важно	Новостройки в городах-миллионниках к концу августа подорожали на 11% г/г. С начала года рост составил 3,95% — Ведомости Читать далее 👉 https://smartlab.news/i/202636 мы в max	01.09.2026	7:38	Смарт Лаб	01.09.2026 7:38:00	
Не важно	⬆️#сахар Стоимость сахара в России за год выросла на 17,8%. С января рост достиг 25,7%. Производители начали перекладывать в цену возросшие издержки и больше интересоваться экспортом из-за увеличения стоимости сахара в мире. — Ъ	01.09.2026	7:48	Market Twits	01.09.2026 7:48:00	
Не важно	⬆️🇷🇺#недвижимость #россия Цены на новостройки в городах-миллионниках РФ за 8 месяцев выросли на 11% г/г. На вторичку - на 7% — ЦИАН	01.09.2026	7:52	Market Twits	01.09.2026 7:52:00	
Не важно	Потребительские расходы россиян во II кв выросли на 10–13% г/г за счет средств с депозитов — максимальный темп за три года — исследование Газпромбанка Читать далее 👉 https://smartlab.news/i/202637 мы в max	01.09.2026	7:54	Смарт Лаб	01.09.2026 7:54:00	
Не важно	⚠️🌎#доходности #облигации #мир Продолжаются распродажи на мировых рынках облигаций. Доходности растут. Доходность 10-леток США на максимуме за 1.5 года Доходность 10-леток Германии на максимуме за 15 лет Доходность 10-леток Франции на максимуме за 18 лет Доходность 10-леток Японии на максимуме за 30 лет Оценка игроками вероятности повышения ставки ФРС в сентябре выросла до 66% — данные CME FedWatch Бессент на саммите G20 глав мировых ЦБ и Минфинов призвал Японию повысить ставки — NHK	01.09.2026	8:03	Market Twits	01.09.2026 8:03:00	
Не важно	⚠️🇺🇸#облигации #сша #доходности Гособлигации США в пике уже третий торговый день подряд	01.09.2026	8:08	Market Twits	01.09.2026 8:08:00	
Не важно	Онлайн-продажи российского вина через Почту России и маркетплейсы вновь обсуждается правительством — Известия #ABRD #OZON Читать далее 👉 https://smartlab.news/i/202640 мы в max	01.09.2026	8:08	Смарт Лаб	01.09.2026 8:08:00	
Не важно	⚠️🌎#доходности #облигации #мир Индекс доходностей мировых облигаций вырос до максимума со времен мирового финансового кризиса 2008г GLOBAL BOND SELLOFF SENDS YIELDS TO THE HIGHEST LEVEL SINCE 2008	01.09.2026	8:11	Market Twits	01.09.2026 8:11:00	
Не важно	⬇️🇨🇳#ipo #625HK Акции азиатского конкурента Amazon, китайского онлайн-ритейлера Shein рухнули на 10% на дебютных торгах в Гонконге	01.09.2026	8:15	Market Twits	01.09.2026 8:15:00	
Не важно	🇺🇸🇸🇦#ADBE #ии #сша #саравия Adobe даст всем жителям Саудовской Аравии бесплатный доступ к ИИ-инструментам	01.09.2026	8:18	Market Twits	01.09.2026 8:18:00	
Не важно	Взносы по программам накопительного страхования жизни в I полугодии увеличились в 1,5 раза г/г, до ₽864 млрд — Forbes Читать далее 👉 https://smartlab.news/i/202641 мы в max	01.09.2026	8:20	Смарт Лаб	01.09.2026 8:20:00	
Не важно	❗️🇦🇺#австралия #экономика #отчетность Австралия - Manufacturing PMI (авг) = 52 (ранее 52)	01.09.2026	8:23	Market Twits	01.09.2026 8:23:00	
Не важно	❗️🇯🇵#япония #экономика #отчетность Япония - Manufacturing PMI (авг) = 54.9 (ранее 54.5)	01.09.2026	8:23	Market Twits	01.09.2026 8:23:00	
	❗️🇨🇳#китай #экономика #отчетность КНР - Caixin Manufacturing PMI (авг) = 51 (ранее 50.9)	01.09.2026	8:23	Market Twits	01.09.2026 8:23:00	
Не важно	❗️🇮🇳#индия #экономика #отчетность Индия - Manufacturing PMI (авг) = 52.8 (ранее 53.5)	01.09.2026	8:23	Market Twits	01.09.2026 8:23:00	
Не важно	Поступления на эскроу-счета во II кв снизились на 12% кв/кв — до ₽1,2 трлн, из-за охлаждения спроса на новостройки Читать далее 👉 https://smartlab.news/i/202642 мы в max	01.09.2026	8:30	Смарт Лаб	01.09.2026 8:30:00	
Не важно	Сахар после двух лет снижения перешел к заметному росту, подорожав с начала года на 25,7%, что может усилить продовольственную инфляцию — Ъ #RAGR Читать далее 👉 https://smartlab.news/i/202644 мы в max	01.09.2026	8:37	Смарт Лаб	01.09.2026 8:37:00	
Не важно	ВТБ увеличил выдачу кредитов малому и среднему бизнесу в I полугодии на 70%, до ₽1,45 трлн Читать далее 👉 https://smartlab.news/i/202645 мы в max	01.09.2026	8:42	Смарт Лаб	01.09.2026 8:42:00	
Не важно	✴️🇷🇺#CBDC #крипто #россия #контроль #бюджет Аксаков: цифровой рубль усилит контроль за бюджетными расходами. Он будет отслеживать распределение средств по всей цепочке	01.09.2026	8:46	Market Twits	01.09.2026 8:46:00	
Не важно	🌎#торговля #fx #шос Товарооборот России со странами ШОС превысил $400 млрд, причем 98% приходится на национальные валюты — Путин #шос	01.09.2026	8:49	Market Twits	01.09.2026 8:49:00	
Не важно	🇷🇺#nev #авто #россия #макро Доля электромобилей на российском рынке впервые выросла до 2% — глава Автостат	01.09.2026	8:50	Market Twits	01.09.2026 8:50:00	
Не важно	🇷🇺#INCB #отчетность ИНКАБ ХОЛДИНГ: ЧИСТАЯ ПРИБЫЛЬ 298,4 МЛН РУБ. — РЕКОРД ЗА ВСЮ ИСТОРИЮ КОМПАНИИ отчет	01.09.2026	8:51	Market Twits	01.09.2026 8:51:00	
Не важно	🇷🇺#вэф #россия На ВЭФ-2026 могут заключить контракты на 6,3 трлн. Это станет абсолютным рекордом — Известия	01.09.2026	8:54	Market Twits	01.09.2026 8:54:00	
	🖨️ Инкаб Холдинг МСФО за I полугодие 2026 года: 📈 Рекордная чистая прибыль ₽298 млн против убытка ₽238 млн годом ранее 📉 Выручка ₽2,11 млрд (–16% г/г) 📈 EBITDA ₽699 млн (+57% г/г) #INCB Читать далее 👉 https://smartlab.news/i/202646 мы в max	01.09.2026	8:54	Смарт Лаб	01.09.2026 8:54:00	
Не важно	🇷🇺#алко #россия #ABRD Дистанционная продажа российского вина вновь вызвала дискуссию в правительстве. Минздрав выступает против. Минсельхоз, Минэкономразвития, Минпромторг и Минфин выступают за. — Известия	01.09.2026	8:57	Market Twits	01.09.2026 8:57:00	
Возможно	❗️🇷🇺#россия #экономика #отчетность РФ - Manufacturing PMI (авг) = 48.8 (ранее 50.7) ⚠️активность в промсекторе РФ резко снизилась в августе	01.09.2026	9:00	Market Twits	01.09.2026 9:00:00	
Не важно	🔔 Доброе утро! Сегодня 01.09 ожидаем следующие события: 🇷🇺 Юнипро: СД рассмотрит новую редакцию Положения о дивидендной политике 📆 Полный календарь тут: https://smart-lab.ru/calendar/stocks/ ✊Удачных инвестиций!	01.09.2026	9:00	Смарт Лаб	01.09.2026 9:00:00	
Не важно	📉 Индекс PMI обрабатывающих отраслей РФ в августе снизился до 48,8 пункта с 50,7 пункта месяцем ранее — S&P Global Читать далее 👉 https://smartlab.news/i/202648 мы в max	01.09.2026	9:03	Смарт Лаб	01.09.2026 9:03:00	
Не важно	❗️🇷🇺#событие Благотворительный фонд «Дари еду» @dariedu помогает продуктами пожилым людям, многодетным семьям, матерям-одиночкам и людям с инвалидностью. К 1 сентября фонд запускает праздничный сбор, чтобы поддержать семьи с детьми, которые проходят через непростые времена. Присоединяйтесь к акции по ссылке!	01.09.2026	9:04	Market Twits	01.09.2026 9:04:00	
Возможно	🇷🇺#авиа #россия Минпромторг готов с 2028 года начать поставки полностью обновленных самолетов Ан-2 с новым российским двигателем ВК-800 — Юрий Трутнев - ТАСС #вэф	01.09.2026	9:06	Market Twits	01.09.2026 9:06:00	
Важно	⚠️🇺🇦#украина #геополитика РЕКОМЕНДАЦИЯ МИД РФ ВСЕМУ ДИПКОРПУСУ И ИНОСТРАННЫМ ГРАЖДАНАМ В КИЕВЕ ЭВАКУИРОВАТЬСЯ СОХРАНЯЕТ АКТУАЛЬНОСТЬ - МИД РФ	01.09.2026	9:07	Market Twits	01.09.2026 9:07:00	
Не важно	Путин: доля нацвалют в расчетах РФ с партнерами по ШОС превышает 98% Читать далее 👉 https://smartlab.news/i/202649 мы в max	01.09.2026	9:07	Смарт Лаб	01.09.2026 9:07:00	
Не важно	Сбербанк в первый год регулирования криптовалюты ожидает оборот на уровне ₽3,5–4 трлн, а к 2029 году — до ₽7,5 трлн — зампред правления банка Анатолий Попов в интервью ТАСС #SBER Читать далее 👉 https://smartlab.news/i/202650 мы в max	01.09.2026	9:15	Смарт Лаб	01.09.2026 9:15:00	
Не важно	⬆️🌎#апк #инфляция Цены на сельскохозпродукцию растут самыми быстрыми темпами за 14 лет	01.09.2026	9:19	Market Twits	01.09.2026 9:19:00	
Не важно	⚠️🌎#геополитика #мир #макро Лукашенко: в мир вернулась прямая массированная военная агрессия	01.09.2026	9:21	Market Twits	01.09.2026 9:21:00	
Возможно	🇷🇺#VKCO Электронные права и СТС можно будет предъявлять через «MAX» наравне с бумажными документами, — Минцифры	01.09.2026	9:25	Market Twits	01.09.2026 9:25:00	
Возможно	Российская экономика способна сохранять устойчивость и выживать в экстремальных условиях — советник председателя ЦБ Кирилл Тремасов Читать далее 👉 https://smartlab.news/i/202651 мы в max	01.09.2026	9:26	Смарт Лаб	01.09.2026 9:26:00	
Важно	💥🇨🇳🇷🇺#GAZP #китай КИТАЙ ГОТОВ ПРОДВИГАТЬ ТЕСНОЕ СОТРУДНИЧЕСТВО С РФ В ЭНЕРГЕТИКЕ - МИД КНР О ПЕРСПЕКТИВАХ ВЗАИМОДЕЙСТВИЯ ПО ГАЗОПРОВОДУ "СИЛА СИБИРИ - 2" — ТАСС #шос	01.09.2026	9:30	Market Twits	01.09.2026 9:30:00	
Возможно	#Политика Минфин США: Бессент передал Силуанову требование остановить бои на Украине	01.09.2026	9:31	Шпион РЦБ	01.09.2026 9:31:00	
Возможно	Китай заявил о готовности углублять сотрудничество с Россией по «Силе Сибири — 2» и другим энергетическим проектам — МИД КНР #GAZP Читать далее 👉 https://smartlab.news/i/202652 мы в max	01.09.2026	9:36	Смарт Лаб	01.09.2026 9:36:00	
Не важно	#Недвижимость Приток средств на эскроу-счета замедлился — Коммерсантъ Во втором квартале на счета эскроу, на которые вносятся средства дольщиков в рамках проектного финансирования строительства жилья, поступило 1,2 трлн руб.— как следует из данных ЦБ, это на 12% меньше, чем январе—марте. Снижение объясняется спадом спроса на жилье после нетипично высоких продаж в начале года.	01.09.2026	9:38	Шпион РЦБ	01.09.2026 9:38:00	
Не важно	❗️🛢🇺🇸#нефть #сша #резервы Cтратегический нефтяной резерв США (SPR) в пике Трамп обещает скоро пополнить его венесуэльской нефтью	01.09.2026	9:41	Market Twits	01.09.2026 9:41:00	
Не важно	❗️🌎#товары #обзор #макро Товарно-сырьевые рынки никогда не были так дешевы по отношению к SP500 соотношение "Commodities/SP500" находится на исторически низком уровне	01.09.2026	9:42	Market Twits	01.09.2026 9:42:00	
Не важно	#Политика #Макро «Новыми точками роста российской экономики стали платформизация бизнеса, автоматизация и внедрение ИИ, обеление экономики, импортозамещение — от сельского хозяйства до высокотехнологичной продукции»,— сказал министр финансов РФ на встрече G20 в Ашвилле.	01.09.2026	9:44	Шпион РЦБ	01.09.2026 9:44:00	
Не важно	🛢🌎#шос #энергетика СТРАНЫ ШОС ПОДДЕРЖИВАЮТ РАСШИРЕНИЕ ВЗАИМОВЫГОДНОГО СОТРУДНИЧЕСТВА В ОБЛАСТИ ЭНЕРГЕТИКИ - ДЕКЛАРАЦИЯ — РИА	01.09.2026	9:47	Market Twits	01.09.2026 9:47:00	
Возможно	OZON запустил продажи в Монголии. Республика стала девятой страной за пределами России, где компания развивает площадку — ТАСС #OZON Читать далее 👉 https://smartlab.news/i/202654 мы в max	01.09.2026	9:47	Смарт Лаб	01.09.2026 9:47:00	
Не важно	✴️🇬🇧#rwa #крипто #торги #британия LSE скоро запустит торги токенизированными акциями — FT	01.09.2026	9:55	Market Twits	01.09.2026 9:55:00	
Возможно	#GAZP Китайские власти готовы продвигать с Россией тесное сотрудничество по всем направлениям, в том числе в энергетической сфере и по газопроводу "Сила Сибири - 2"	01.09.2026	9:55	Шпион РЦБ	01.09.2026 9:55:00	
Не важно	Путин: Сегодня 1 сентября - это день начала Второй мировой войны. Мы должны сделать всё для того, чтобы исключить из мировой практики любые провоцирования вооруженных конфликтов Читать далее 👉 https://smartlab.news/i/202657 мы в max	01.09.2026	9:58	Смарт Лаб	01.09.2026 9:58:00	
Не важно	✴️🇺🇸#крипто #индексы CME запустила два новых криптоиндекса, которые отслеживают динамики крупнейших альткоинов 1) CME CF Emerging Crypto Index 2) CME CF Crypto Market Index	01.09.2026	9:59	Market Twits	01.09.2026 9:59:00	
Не важно	185 причин перевести активы в СберИнвестиции. Система быстрых переводов ценных бумаг запущена! Это значит, что теперь перевести активы в Сбер можно буквально в несколько кликов и для этого есть 185 причин: • Обслуживание в лучшем брокере для премиальных клиентов по версии Frank RG и Wealth Navigator • Возможность открыть вклад с повышенной ставкой «СберАкционер» и получить премиальное обслуживание на особых условиях за владение акциями Сбера в Сбере • Бонус — до 50 акций Сбера при открытии первого брокерского счета • Кешбэк до 15 млн рублей при переводе инвестиционного портфеля • Самые выгодные тарифы для начинающих инвесторов и инвесторов с активами до 100 тыс. рублей (по версии Frank RG) • Уникальные привилегии от Клуба акционеров Сбера, включая закрытые мероприятия по всей стране • Инвестиции без брокерской комиссии при участии в первичных размещениях и торговле любыми биржевыми фондами • Бесплатное гарантийное обеспечение ценными бумагами на едином брокерском счете Чтобы перевести активы, достаточно зайти в приложение вашего брокера, выбрать счёт для списания, СберИнвестиции как нового брокера и бумаги для перевода. Узнать подробнее об уникальных предложениях от СберИнвестиций можно на сайте.	01.09.2026	10:00	Market Twits	01.09.2026 10:00:00	
Возможно	Моратории на атаки и различные перемирия только отдалят перспективу мирного урегулирования — замглавы МИД РФ Александр Грушко «Россия готова к мирному урегулированию, где непременным условием должно быть устранение первопричин конфликта», — отметил Грушко. Читать далее 👉 https://smartlab.news/i/202658 мы в max	01.09.2026	10:02	Смарт Лаб	01.09.2026 10:02:00	
Возможно	RWB провела пилотный проект по привлечению финансирования для продавцов Wildberries с использованием цифровых финансовых активов (ЦФА) — компания Читать далее 👉 https://smartlab.news/i/202659 мы в max	01.09.2026	10:07	Смарт Лаб	01.09.2026 10:07:00	
Не важно	МНЕНИЕ: Индекс Мосбиржи в ближайшие дни останется в коридоре 2100–2200 пунктов с вероятным закреплением выше отметки 2150 — Гарда Капитал Читать далее 👉 https://smartlab.news/i/202660 мы в max	01.09.2026	10:08	Смарт Лаб	01.09.2026 10:08:00	
Не важно	#IMOEX Индекс Мосбиржи продолжает держаться выше 2170 Продавцам пришлось отступить на линейку	01.09.2026	10:11	Шпион РЦБ	01.09.2026 10:11:00	
Возможно	Беспилотники вошли в воздушное пространство Эстонии, Силы обороны объявили воздушную тревогу — глава МИД страны Маргус Цахкна О государственной принадлежности дронов не сообщается. Читать далее 👉 https://smartlab.news/i/202661 мы в max	01.09.2026	10:12	Смарт Лаб	01.09.2026 10:12:00	
Возможно	Российская экономика - это верблюд - животное, которое может жить в самых экстремальных условиях — советник главы ЦБ Кирилл Тремасов Читать далее 👉 https://smartlab.news/i/202662 мы в max	01.09.2026	10:22	Смарт Лаб	01.09.2026 10:22:00	
Не важно	#IMOEX #Прогноз Базовый сценарий Ведомостей на сегодня – коррекционное снижение и консолидация в поиске новых драйверов для движения	01.09.2026	10:24	Шпион РЦБ	01.09.2026 10:24:00	
Возможно	🌎#шос #макро Си Цзиньпин: создание ШОС стало ответом на уроки холодной войны	01.09.2026	10:30	Market Twits	01.09.2026 10:30:00	
Не важно	С 1 сентября в РФ заработала система быстрых переводов ценных бумаг Она позволит инвесторам оперативно перемещать активы между своими торговыми счетами депо, открытыми в разных депозитариях. Читать далее 👉 https://smartlab.news/i/202663 мы в max	01.09.2026	10:31	Смарт Лаб	01.09.2026 10:31:00	
Возможно	⚠️🇷🇺🇯🇵🇺🇸#геополитика #россия #япония #сша МИД РФ сделал представление посольству Японии из-за предстоящих учений с США Orient Shield у границ с Россией. В рамках учений предполагается задействовать американские наземные комплексы Typhon, предназначенные для пуска ракет средней и меньшей дальности. Размещение подобного вооружения на территории Японии, в том числе под предлогом военных учений, абсолютно неприемлемо, отметили в МИД России	01.09.2026	10:33	Market Twits	01.09.2026 10:33:00	
Не важно	Первый перевод ценных бумаг в ВТБ Мои Инвестиции по механизму М2М занял 7 минут — брокер «До 1 сентября клиент нередко откладывал смену брокера, потому что процесс перевода портфеля занимал от нескольких дней до трех недель и мог обернуться потерей на рыночных колебаниях, пока бумаги были «в пути». Теперь Россия становится технологическим флагманом в этой сфере – нужно всего одно поручение, и бумаги за несколько минут автоматически окажутся на счету клиента у другого брокера", - отметил Андрей Яцков, руководитель департамента брокерского обслуживания ВТБ. Читать далее 👉 https://smartlab.news/i/202664 мы в max	01.09.2026	10:33	Смарт Лаб	01.09.2026 10:33:00	
Возможно	Тремасов: Нам сейчас ничего не мешает проводить политику таким образом, чтобы в следующем году вернуть инфляцию к цели - Фактор повышения НДС во 2кв 2026г себя полностью исчерпал - Весной текущие темпы роста цен были уже вблизи 4%, но случился «топливный» шок - ДКП не может быстро гасить шоки предложения, «поэтому в этом году произошло отклонение инфляции от цели». Читать далее 👉 https://smartlab.news/i/202665 мы в max	01.09.2026	10:41	Смарт Лаб	01.09.2026 10:41:00	
Не важно	🇷🇺 Россия с 1 сентября переходит к массовому запуску расчетов цифровым рублем ➤ После шести лет разработки и переносов сроков цифровой рубль (ЦР) — третья форма нацвалюты наряду с наличными и безналом — становится обязательным к приему у крупных банков и торговых компаний с выручкой от 120 млн руб. в год; для более мелких игроков обязанность наступит в 2027–2028 годах. Одновременно запускается универсальный QR-код от НСПК для оплаты ЦР. ➤ Счет открывается добровольно через приложения банков; пополнение для физлиц — до 300 тыс. руб. в месяц, для бизнеса лимита нет, переводы и платежи гражданам бесплатны. Кредитов и процентов на остаток в ЦР не предусмотрено. ➤ Все 12 системно значимых банков готовы к запуску; из значимых игроков платежного рынка три банка не успели подготовиться и получили отсрочку до конца года. Оплату ЦР с 1 сентября обещают принимать «Аэрофлот», МТС, «Магнит», «Лента», Fix Price, М.Видео и другие крупные ритейлеры.	01.09.2026	10:41	Шпион РЦБ	01.09.2026 10:41:00	
Не важно	⬆️✴️#крипто #обзор Август стал самым мощным месяцем в плане силы крипторынка (Market Breadth) в этом году — Cryptorank многие "калоритные" эксперты считают, что дно в этом цикле уже пройдено	01.09.2026	10:45	Market Twits	01.09.2026 10:45:00	
Важно	#Политика У России нет ни причин, ни необходимости нападать на страны НАТО, заявил "Интерфаксу" замглавы МИД РФ Грушко.	01.09.2026	10:47	Шпион РЦБ	01.09.2026 10:47:00	
Возможно	Главной темой встречи Бессента и Силуанова был мирный план президента Дональда Трампа по Украине — Reuters Когда Силуанов попытался обсудить области, представляющие взаимный интерес, источник сказал, что Бессент прервал его и сказал, что «ничто не возможно, пока война не закончится». Читать далее 👉 https://smartlab.news/i/202666 мы в max	01.09.2026	10:48	Смарт Лаб	01.09.2026 10:48:00	
Важно	❗️🇷🇺#дкп #россия #спикеры Банк России в случае необходимости будет реагировать на шоки, проводить такую ДКП, которая будет способствовать возвращению инфляции к цели в 2027 году. Ситуация на топливном рынке станет более понятной и предсказуемой к октябрьскому опорному заседанию ЦБ, пока выводы делать рано. — советник председателя ЦБ РФ Кирилл Тремасов на ВЭФ #вэф	01.09.2026	10:49	Market Twits	01.09.2026 10:49:00	
Возможно	Тремасов: Сейчас нет оснований пересматривать макропрогнозные показатели, ЦБ может уточнить их в октябре Читать далее 👉 https://smartlab.news/i/202667 мы в max	01.09.2026	10:50	Смарт Лаб	01.09.2026 10:50:00	
Не важно	РФ в январе-августе 2026 г. увеличила экспорт газа в Европу по "Турецкому потоку" на 3,4% г/г до 11,9 млрд кубов — ТАСС на основе данных ENTSOG #GAZP Читать далее 👉 https://smartlab.news/i/202668 мы в max	01.09.2026	10:59	Смарт Лаб	01.09.2026 10:59:00	
Важно	Матвиенко: РФ согласна на мирные переговоры с Украиной, только при условии, что это будет надежный, мирный план Читать далее 👉 https://smartlab.news/i/202669 мы в max	01.09.2026	11:00	Смарт Лаб	01.09.2026 11:00:00	
Не важно	🛢🇺🇸🇻🇪#нефть #сша #венесуэла Американская нефтяная компания North American Blue Energy Partners (NABEP) получит контроль ‌над рядом нефтяных месторождений в Венесуэле, которыми ранее управляли несколько китайских ​и ​одна ​российская компания — RTRS	01.09.2026	11:04	Market Twits	01.09.2026 11:04:00	
Возможно	#Политика США не готовы обсуждать экономические уступки или любые иные соглашения с Россией до тех пор, пока не будет завершен военный конфликт на Украине. Об этом стало известно по итогам двусторонней встречи министра финансов США Скотта Бессента и министра финансов России Антона Силуанова, сообщил Reuters со ссылкой на источник. По его данным, когда Силуанов попытался обсудить «области взаимных интересов», Бессент прервал его и сказал: «Пока конфликт не закончится, ничего невозможно».	01.09.2026	11:04	Шпион РЦБ	01.09.2026 11:04:00	
Важно	#Политика СИ ЦЗИНЬПИН ЗАЯВИЛ, ЧТО КИТАЙ УСИЛИТ КООРДИНАЦИЮ ПО УКРАИНЕ ДЛЯ ПОЛИТИЧЕСКОГО УРЕГУЛИРОВАНИЯ КРИЗИСА - CCTV	01.09.2026	11:04	Шпион РЦБ	01.09.2026 11:04:00	
Не важно	#Нефтянка Американская нефтяная компания North American Blue Energy Partners (NABEP) получит контроль ‌над рядом нефтяных месторождений в Венесуэле, которыми ранее управляли несколько китайских ​и ​одна ​российская компания — Reuters	01.09.2026	11:06	Шпион РЦБ	01.09.2026 11:06:00	
Не важно	МНЕНИЕ: Риск заморозки вкладов в России нереален, считает инвестбанкир Евгений Коган #SBER #VTBR Читать далее 👉 https://smartlab.news/i/202670 мы в max	01.09.2026	11:08	Смарт Лаб	01.09.2026 11:08:00	
Не важно	📈Индекс Мосбиржи тянется вверх (+0,2% и 2180 п. на 11:10 мск) на вере инвесторов, что мир в этом году наступит во всём мире Читать далее 👉 https://smartlab.news/i/202671 мы в max	01.09.2026	11:08	Смарт Лаб	01.09.2026 11:08:00	
Не важно	✴️🇺🇸#трамп #крипто #прогнозы Связанная с Трампом-младшим венчурная компания 1789 Capital возглавляет новый раунд финансирования платформы ставок и прогнозов Polymarket (там, где инсайдеры ставят на события и становятся сказочно богатыми) #POLY	01.09.2026	11:13	Market Twits	01.09.2026 11:13:00	
Не важно	За год число заемщиков индийского филиала Сбера выросло в пять раз, а объем кредитования - в четыре — зампред правления банка Анатолий Попов в интервью ТАСС #SBER - На сегодняшний день в Сбер поступило 3,7 тыс. заявок от селлеров маркетплейсов на реструктуризацию кредитов, одобренный объем — 6,8 млрд руб - Основную активизацию рынка IPO прогнозируем в 2027 году - Строительный сектор замедляется. Читать далее 👉 https://smartlab.news/i/202672 мы в max	01.09.2026	11:18	Смарт Лаб	01.09.2026 11:18:00	
Не важно	⚠️✴️#хак #крипто #ONT #INJ 31 августа в сетях первого уровня Ontology и Injective произошел сбой в генерации блоков, возможно из-за взлома, сообщили мониторинговые службы	01.09.2026	11:22	Market Twits	01.09.2026 11:22:00	
Не важно	Погрузка на сети РЖД в августе 2026 г. выросла на 0,9% г/г до 93 млн т, погрузка за январь-август снизилась на 0,6% г/г до 734,1 млн т — компания Читать далее 👉 https://smartlab.news/i/202675 мы в max	01.09.2026	11:24	Смарт Лаб	01.09.2026 11:24:00	
Не важно	⬆️🇷🇺#акции #россия IMOEX пытается штурмовать свою 50-дневку и не реагирует на "медвежьи" новости. Закрытие этой недели обещает быть бычьим — эксперты, мониторинг	01.09.2026	11:25	Market Twits	01.09.2026 11:25:00	
Не важно	Правительство ведёт работу по определению инвесторов для строительства шести ГЭС общей мощностью 3 770 МВт на Дальнем Востоке — глава Минвостокразвития Алексей Чекунков #HYDR #ENPG В числе потенциальных участников — En+, «Русгидро», «Эльга». Читать далее 👉 https://smartlab.news/i/202676 мы в max	01.09.2026	11:29	Смарт Лаб	01.09.2026 11:29:00	
Не важно	🛢🇺🇸#бензин #сша #cot Хедж-фонды активно ставят на рост цен на бензин в США — BBG	01.09.2026	11:30	Market Twits	01.09.2026 11:30:00	
Не важно	Стоимость месячной корзины продуктов для россиян в июле 2026 года выросла на 8,5% г/г до 8159 руб — Руспродсоюз Читать далее 👉 https://smartlab.news/i/202677 мы в max	01.09.2026	11:31	Смарт Лаб	01.09.2026 11:31:00	
Не важно	🇷🇺#серебро #торги #россия Московская биржа провела первый аукцион по серебру в новом режиме крупных лотов подробнее Режим исполнения крупных заявок на рынке драгоценных металлов был запущен в марте 2026 года. Он позволяет совершать сделки с золотом, серебром, платиной и палладием с использованием анонимного запроса котировок от крупнейших поставщиков ликвидности с расчетами через центрального контрагента (ЦК). Минимальный размер крупного лота в этом режиме составляет 10 кг для золота и серебра и 1 кг для платины и палладия.	01.09.2026	11:32	Market Twits	01.09.2026 11:32:00	
Важно	⚠️🛢🇷🇺🇪🇺🇺🇸#арктика #россия #нато #геополитика НАТО превращает Арктику в зону военного соперничества с РФ Запад пытается, но не сможет помешать России добывать в Арктике и экспортировать нефть и газ - замглавы МИД РФ Грушко на ВЭФ —————— ранее сообщалось, что НАТО запустила миссию "Арктический часовой" для расширения своего военного присутствия в Арктике Госдеп заявлял, что действия России в Арктике ставят под угрозу линию обороны НАТО в Атлантике Следующее противостояние России с Западом лежит в богатой ресурсами Арктике, писал BBG в мае 2023г	01.09.2026	11:35	Market Twits	01.09.2026 11:35:00	
Возможно	#Нефтянка #Политика НАТО превращает Арктику в зону военного соперничества с РФ Запад пытается, но не сможет помешать России добывать в Арктике и экспортировать нефть и газ — замглавы МИД РФ Грушко на ВЭФ	01.09.2026	11:38	Шпион РЦБ	01.09.2026 11:38:00	
Возможно	Главный фундаментальный риск для российской экономики - потенциальное отставание в технологиях — финдиректор Сбера Тарас Скворцов #SBER Читать далее 👉 https://smartlab.news/i/202679 мы в max	01.09.2026	11:43	Смарт Лаб	01.09.2026 11:43:00	
Не важно	РусГидро и китайская Beijing Taiji Technology заключили соглашение о стратегическом партнерстве в торфяной отрасли #HYDR Читать далее 👉 https://smartlab.news/i/202680 мы в max	01.09.2026	11:46	Смарт Лаб	01.09.2026 11:46:00	
Не важно	❗️🇺🇸#AAPL Тим Кук покинул пост гендиректора Apple после 15 лет работы. Его сменил ветеран Apple — бывший вице-президент по разработке аппаратного обеспечения Джон Патрик Тернуc. Под руководством Кука компания Apple стала одной из самых дорогих в мире. Рыночная капитализация выросла до более чем $4 трлн с $350 млрд в 2011г, когда Кук сменил Стива Джобса на посту генерального директора. Кук сохранит влияние в Apple, став исполнительным председателем совета директоров.	01.09.2026	11:47	Market Twits	01.09.2026 11:47:00	
Не важно	🌎#шос #nwo #макро Си Цзиньпин на саммите ШОС назвал формирование многополярного мира необратимым Си Цзиньпин назвал страны "Глобального юга" важной составляющей современного многополярного мира и призвал повысить их роль	01.09.2026	11:52	Market Twits	01.09.2026 11:52:00	
Не важно	Главный риск для банков при введении цифрового рубля - отток ликвидности. Деньги, переведенные на кошелек ЦБ, покидают банковские счета — "Эксперт" #SBER #VTBR Читать далее 👉 https://smartlab.news/i/202681 мы в max	01.09.2026	11:56	Смарт Лаб	01.09.2026 11:56:00	
Не важно	❗️🇩🇪#экономика #германия #отчетность Германия - Manufacturing PMI (авг) = 54.3 (ранее 52.2)	01.09.2026	11:57	Market Twits	01.09.2026 11:57:00	
Не важно	❗️🇪🇺#экономика #европа #отчетность Еврозона - Manufacturing PMI (авг) = 52.7 (ранее 51.9)	01.09.2026	11:57	Market Twits	01.09.2026 11:57:00	
Не важно	❗️🇬🇧#экономика #британия #отчетность Британия - Manufacturing PMI (авг) = 51.7 (ранее 51.9)	01.09.2026	11:57	Market Twits	01.09.2026 11:57:00	
Не важно	❗️🇪🇺#инфляция #европа #отчетность ЕВРОЗОНА - ПОТРЕБИНФЛЯЦИЯ CPI (авг): м/м = +0.4% (ожид +0.5% / ранее +0.2%) г/г = +3.3% (ожид +3.3% / ранее +2.9%) базовый CPI = +2.4% г/г (ожид +2.5% / ранее +2.5%)	01.09.2026	12:00	Market Twits	01.09.2026 12:00:00	
Не важно	МНЕНИЕ: Оцениваем результаты Промомеда за 1П2026 как хорошие, прогнозируем, что свободный денежный поток может выйти в плюс в 2027 г., что может стать сильным драйвером роста акций — АТОН #PRMD Читать далее 👉 https://smartlab.news/i/202682 мы в max	01.09.2026	12:07	Смарт Лаб	01.09.2026 12:07:00	
Не важно	У нас богатый опыт включения в свой контур крупных активов (в том числе FESCO) и мы всегда соблюдали интересы государства — имущественные и экономические — Глава Росатома Лихачёв в интервью "Эксперту" #FESH - Последние два года подряд грузопоток по СМП держится на рекордном уровне — более 37 млн тонн - Сегодня логистический дивизион на базе активов FESCO и «Дела» уже работает более чем в 25 странах, задача к 2030 году расширить географию до 35. Читать далее 👉 https://smartlab.news/i/202683 мы в max	01.09.2026	12:08	Смарт Лаб	01.09.2026 12:08:00	
Возможно	❗️🇷🇺#UGLD #оферта СД ЮГК "НЕЙТРАЛЬНО" РЕКОМЕНДУЕТ АКЦИОНЕРАМ ПРИНЯТЬ УЧАСТИЕ В ОФЕРТЕ "БТС-МОСТ ХОЛДИНГА" ——————— ранее БТС-Мост Холдинг" выставил оферту миноритариям ЮГК по 0.7425 руб/акц	01.09.2026	12:09	Market Twits	01.09.2026 12:09:00	
Важно	⚠️🇷🇺#AFKS АКРА ПОНИЗИЛО КРЕДИТНЫЙ РЕЙТИНГ ПАО «АФК «СИСТЕМА» ДО УРОВНЯ A+(RU), ПРОГНОЗ «НЕГАТИВНЫЙ», И ЕГО ОБЛИГАЦИЙ — ДО УРОВНЯ A+(RU)	01.09.2026	12:09	Market Twits	01.09.2026 12:09:00	
Не важно	🇷🇺#акции #брокеры #россия Первый перевод ценных бумаг по новому механизму М2М в ВТБ Мои Инвестиции занял 7 минут — от подачи поручения до зачисления бумаг на счёт. Именно столько потребовалось клиенту брокера ВТБ 1 сентября, в день запуска механизма для всех участников рынка. По регламенту каждый этап должен укладываться в 5 минут, а весь процесс — в среднем в 25 минут.	01.09.2026	12:11	Market Twits	01.09.2026 12:11:00	
Возможно	АКРА понизило кредитный рейтинг АФК Системы до уровня A+(ru), прогноз "негативный", и его облигаций — до уровня A+(ru) #AFKS Читать далее 👉 https://smartlab.news/i/202684 мы в max	01.09.2026	12:12	Смарт Лаб	01.09.2026 12:12:00	
Возможно	#AFKS АКРА ПОНИЗИЛО КРЕДИТНЫЙ РЕЙТИНГ ПАО «АФК «СИСТЕМА» ДО УРОВНЯ A+(RU), ПРОГНОЗ «НЕГАТИВНЫЙ», И ЕГО ОБЛИГАЦИЙ — ДО УРОВНЯ A+(RU)	01.09.2026	12:17	Шпион РЦБ	01.09.2026 12:17:00	
Не важно	На Мосбирже состоялся первый аукцион по серебру в новом режиме крупных лотов. Продано 50 кг металла на сумму более ₽9 млн. Инициатором выступила добывающая компания «Ксеньевский прииск» — Площадка Читать далее 👉 https://smartlab.news/i/202685 мы в max	01.09.2026	12:20	Смарт Лаб	01.09.2026 12:20:00	
Не важно	🗓 Актуальная дивидендная таблица Читать далее 👉 https://smart-lab.ru/dividends/	01.09.2026	12:30	Смарт Лаб	01.09.2026 12:30:00	
Не важно	Тремасов: Банк России на момент заседания СД 11 сентября еще не будет располагать данными по инфляции за август, получит их только вечером В завтрашней статистике для ЦБ очень важно будет понять общую экономическую активность. Читать далее 👉 https://smartlab.news/i/202686 мы в max	01.09.2026	12:32	Смарт Лаб	01.09.2026 12:32:00	
Не важно	✴️#крипто #обзор В крипте вновь начали расти "FUD" настроения — Santiment исторически bullish	01.09.2026	12:36	Market Twits	01.09.2026 12:36:00	
Не важно	⬇️🌎#акции #облигации #мир в мировых акциях, облигациях продолжаются распродажи	01.09.2026	12:39	Market Twits	01.09.2026 12:39:00	
Не важно	#AAPL Тим Кук покинул пост гендиректора Apple после 15 лет работы. Его сменил ветеран Apple — бывший вице-президент по разработке аппаратного обеспечения Джон Патрик Тернуc. Кук сохранит влияние в Apple, став исполнительным председателем совета директоров	01.09.2026	12:40	Шпион РЦБ	01.09.2026 12:40:00	
Не важно	🇺🇸#ии #сша Anthropic заключил соглашение на $35 млрд в ИИ-проекте с участием Lambda и Nvidia — WSJ	01.09.2026	12:42	Market Twits	01.09.2026 12:42:00	
Не важно	МКБ в июле стал рекордсменом по приросту корпоративного кредитного портфеля, увеличив его более чем на 1 трлн руб — Ъ #CBOM Читать далее 👉 https://smartlab.news/i/202688 мы в max	01.09.2026	12:44	Смарт Лаб	01.09.2026 12:44:00	
Не важно	✴️#крипто #торги Binance запускает поставочные опционы на американские акции и ETF	01.09.2026	12:46	Market Twits	01.09.2026 12:46:00	
Возможно	ОМЗ на 2 октября созывает ВОСА по одобрению крупной сделки с заинтересованностью. Акционеры, кто не будут голосовать или проголосуют «против», смогут потребовать выкуп акций по цене ₽11,73 — Раскрытие #OMZZ Читать далее 👉 https://smartlab.news/i/202689 мы в max	01.09.2026	12:47	Смарт Лаб	01.09.2026 12:47:00	
Не важно	Контейнерооборот ВМТП в августе обновил рекорд, превысив 84,5 тыс. TEU (предыдущий максимум - 83,7 тыс. TEU в декабре 2024 года). Летом ежемесячный показатель не опускался ниже 80 тыс. TEU #VMTP Читать далее 👉 https://smartlab.news/i/202690 мы в max	01.09.2026	12:52	Смарт Лаб	01.09.2026 12:52:00	
Не важно	Проклятие августа сработало: за 29 лет наблюдений рубль дешевел к доллару в августе 23 раза — РБК Читать далее 👉 https://smartlab.news/i/202691 мы в max	01.09.2026	12:53	Смарт Лаб	01.09.2026 12:53:00	
Возможно	💥🇷🇺#металлы #россия Российские металлурги отмечают признаки восстановления внутреннего спроса и цен на фоне возобновления строительных проектов, которые были приостановлены, а также на фоне восстановления активов, пострадавших от украинских атак — BBG	01.09.2026	12:57	Market Twits	01.09.2026 12:57:00	
	Аэрофлот представил отчетность по МСФО за 1 полугодие 2026 года: выручка выросла на 3,6%, до 429,8 млрд рублей, пассажиропоток составил 26 млн человек, а занятость кресел достигла рекордных для первого полугодия 90,9%. Сильнее всего выросли международные направления: пассажиропоток на них увеличился на 10,3%, до 6,9 млн человек #AFLT Главным фактором давления остались расходы, прежде всего авиационное топливо: затраты на керосин выросли на 13%, до 162,6 млрд рублей. При этом скорректированная EBITDA практически сохранилась на уровне прошлого года и составила 83,1 млрд рублей, а чистый долг снизился на 4,5%, до 511,5 млрд рублей Читать далее 👉 https://smart-lab.ru/mobile/topic/1346556 мы в max	01.09.2026	13:02	Смарт Лаб	01.09.2026 13:02:00	
Не важно	⬆️🇺🇸#GPRO = +90% известный YouTube-блогер Марк Фишбах, выступающий под псевдонимом Markiplier, раскрыл долю в 8,5% в GoPro	01.09.2026	13:05	Market Twits	01.09.2026 13:05:00	
Не важно	⬆️🇷🇺#акции #россия Индекс РТС RTSI тестирует 800 пунктов	01.09.2026	13:06	Market Twits	01.09.2026 13:06:00	
Не важно	⬆️🇨🇳#акции #китай #cot Иностранные институциональные инвесторы за квартал нарастили вложения в китайские акции на треть - до до более $40 млрд — SCMP	01.09.2026	13:08	Market Twits	01.09.2026 13:08:00	
Не важно	МНЕНИЕ: Ренессанс Капитал понизил целевую цену Совкомфлота на 12 месяцев с ₽90 до ₽85 за акцию на фоне повышения безрисковой ставки, рейтинг «ДЕРЖАТЬ» сохранен #FLOT Читать далее 👉 https://smartlab.news/i/202693 мы в max	01.09.2026	13:11	Смарт Лаб	01.09.2026 13:11:00	
Не важно	🇬🇧#ии #today Dyson представил зубную щетку с искусственным интеллектом и встроенной камерой за $499	01.09.2026	13:12	Market Twits	01.09.2026 13:12:00	
Не важно	Доля инвестиций в ВВП РФ в 2026 году останется вблизи исторических максимумов - около 19,5–20% — Советник Председателя ЦБ Кирилл Тремасов — В 1п2026 номинальные инвестиции выросли на 2% г/г, до ₽16 трлн, но реальный рост съела высокая инфляция на инвестиционные товары (–9,9% в реальном выражении) Читать далее 👉 https://smartlab.news/i/202694 мы в max	01.09.2026	13:12	Смарт Лаб	01.09.2026 13:12:00	
Не важно	⬆️🇷🇺#экономика #россия Погрузка на сети РЖД растет пять месяцев подряд	01.09.2026	13:15	Market Twits	01.09.2026 13:15:00	
Важно	🔥🇺🇦#украина #геополитика УИТКОФФ И КУШНЕР АКТИВИЗИРУЮТ ПЕРЕГОВОРНЫЕ УСИЛИЯ НА УКРАИНСКОМ НАПРАВЛЕНИИ - ИСТОЧНИК ТАСС	01.09.2026	13:16	Market Twits	01.09.2026 13:16:00	
Возможно	#Политика УИТКОФФ И КУШНЕР АКТИВИЗИРУЮТ ПЕРЕГОВОРНЫЕ УСИЛИЯ НА УКРАИНСКОМ НАПРАВЛЕНИИ — ТАСС	01.09.2026	13:17	Шпион РЦБ	01.09.2026 13:17:00	
Не важно	⚠️🇷🇺#дивиденды #россия #прогноз По итогам 2026 года многие российские компании вновь откажутся от выплаты дивидендов, а в целом в ближайшие 12 месяцев можно ожидать выплат на сумму ₽3,6 трлн — Альфа-Банк спрогнозировал сокращение числа дивидендных акций в России	01.09.2026	13:19	Market Twits	01.09.2026 13:19:00	
Возможно	Уиткофф и Кушнер активизируют переговорные усилия на украинском направлении — источники ТАСС Читать далее 👉 https://smartlab.news/i/202695 мы в max	01.09.2026	13:19	Смарт Лаб	01.09.2026 13:19:00	
Не важно	🇷🇺#fx #россия #сезонность Август 2026-го оправдал звание «опасного» месяца для рубля. За 29 лет наблюдений рубль дешевел к доллару в августе 23 раза. В этот раз проклятье августа снова сработало — РБКИ	01.09.2026	13:21	Market Twits	01.09.2026 13:21:00	
Не важно	⬆️🇷🇺#IMOEX = +1%	01.09.2026	13:22	Market Twits	01.09.2026 13:22:00	
Возможно	Wildberries‑Russ погасила три выпуска ЦФА на ₽10 млрд с доходностью 16,5-16,75% годовых, размещённых на платформе «А-Токен» (Альфа-банк) в мае-июне. Инвесторам выплачены номинал и доход Читать далее 👉 https://smartlab.news/i/202697 мы в max	01.09.2026	13:23	Смарт Лаб	01.09.2026 13:23:00	
Не важно	📈Индекс Мосбиржи на минуту превысил отметку в 2200 пунктов впервые с 14 августа на слухах о том, что Уиткофф и Кушнер смотрели билеты на сайте РЖД на поезда до Москвы Читать далее 👉 https://smartlab.news/i/202698 мы в max	01.09.2026	13:23	Смарт Лаб	01.09.2026 13:23:00	
Важно	Два танкера с саудовской нефтью подверглись нападению в Ормузском проливе — Reuters Читать далее 👉 https://smartlab.news/i/202699 мы в max	01.09.2026	13:31	Смарт Лаб	01.09.2026 13:31:00	
Не важно	Инфляция в еврозоне превысила 3%, что подтверждает необходимость повышения процентной ставки ЕЦБ — Reuters Читать далее 👉 https://smartlab.news/i/202700 мы в max	01.09.2026	13:36	Смарт Лаб	01.09.2026 13:36:00	
Возможно	Аэрофлот увеличил долю в АО «Аэромар» (акции принадлежали Truffle 2 GmbH, аффилированой с Lufthansa) с 51% до 100%, полностью консолидировав компанию. Акции зачислены на счёт 1 сентября — Раскрытие #AFLT Читать далее 👉 https://smartlab.news/i/202701 мы в max	01.09.2026	13:36	Смарт Лаб	01.09.2026 13:36:00	
Не важно	Доходность эталонных 10-летних облигаций Японии во вторник достигла 3% - впервые с сентября 1996 года — Reuters Из-за кризиса на Ближнем Востоке, усиливающего опасения по поводу инфляции во всём мире, и давления на Банк Японии с требованием ускорить повышение ставок, доходность японских государственных облигаций подскочила до исторического максимума. Читать далее 👉 https://smartlab.news/i/202702 мы в max	01.09.2026	13:40	Смарт Лаб	01.09.2026 13:40:00	
Не важно	Доходность облигаций растет от Токио и Сиднея до Нью-Йорка и Лондона, поскольку инвесторы ожидают, что центральным банкам придется повысить процентные ставки — Reuters Рынок облигаций также находится под давлением из-за огромного количества эмиссий, поскольку гиперскейлеры агрессивно привлекают средства для финансирования бума в сфере искусственного интеллекта. Читать далее 👉 https://smartlab.news/i/202703 мы в max	01.09.2026	13:45	Смарт Лаб	01.09.2026 13:45:00	
Возможно	Российский спрос на сталь восстанавливается на фоне возобновления строительных проектов и ремонта объектов, повреждённых украинскими атаками. Цены на арматуру взлетели на 74% с января — Bloomberg #CHMF #NLMK #MAGN Читать далее 👉 https://smartlab.news/i/202704 мы в max	01.09.2026	13:45	Смарт Лаб	01.09.2026 13:45:00	
Не важно	Вице-премьер Патрушев: Наши объемы производства рыбы полностью обеспечивают потребности внутреннего рынка и позволяют выполнить экспортные задачи #AQUA Читать далее 👉 https://smartlab.news/i/202706 мы в max	01.09.2026	13:50	Смарт Лаб	01.09.2026 13:50:00	
Не важно	⬆️🇷🇺#акции #россия "Дух Анкориджа жив" — IMOEX	01.09.2026	13:52	Market Twits	01.09.2026 13:52:00	
Не важно	⬇️🛢🇷🇺#нефть #россия Согласно предварительным прогнозам, Россия сократит добычу нефти в 2026 году до 17-летнего минимума — RTRS	01.09.2026	13:55	Market Twits	01.09.2026 13:55:00	
Не важно	📈Доллар > 87 руб, юань - 12,95 руб, акции растут Читать далее 👉 https://smartlab.news/i/202707 мы в max	01.09.2026	13:55	Смарт Лаб	01.09.2026 13:55:00	
Не важно	после отчетностей: 🇨🇳#NIO Nio = -3% 🇺🇸#MDT Medtronics = +4%	01.09.2026	13:57	Market Twits	01.09.2026 13:57:00	
Не важно	Российские власти снизили прогноз добычи нефти на этот год до 17-летнего минимума — Reuters #LKOH #ROSN #SIBN #SNGS Добыча сырой нефти в России в 2026 году сократится на 17,2 миллиона метрических тонн до 494,2 млн, или 9,88 млн б/с, что станет самым низким показателем с 2009 года. Читать далее 👉 https://smartlab.news/i/202709 мы в max	01.09.2026	14:01	Смарт Лаб	01.09.2026 14:01:00	
Не важно	🇨🇳#1211HK #отчетность BYD в августе поставил 440 293 авто = +17.8% г/г, экспортные поставки вновь обновили рекорд 🇨🇳#XPEV #отчетность Xpeng в августе поставил 39 107 авто = +3.7% г/г 🇨🇳#LI #отчетность Li Auto в августе поставил 37 679 авто = +32% г/г 🇨🇳#NIO #отчетность NIO в августе поставил 35 836 авто = +36% г/г 🇨🇳#0175HK #отчетность Zeekr в августе поставил 36 981 авто = +110% г/г 🇨🇳#1810HK #отчетность Xiaomi в августе поставил опять более 30 000 авто, детали не приводятся — данные CPCA	01.09.2026	14:02	Market Twits	01.09.2026 14:02:00	
Не важно	🏦 МТС Банк планирует запустить торговлю и хранение криптовалют в IV квартале ➤ После вступления в силу нового закона о цифровых валютах МТС Банк планирует предоставить клиентам возможность покупать, продавать и хранить криптовалюту непосредственно через сервисы банка. ➤ Первый этап ожидается в IV квартале 2026 года: счет цифровых активов, покупка и продажа криптовалюты, просмотр баланса и истории операций. ➤ В дальнейшем банк рассматривает запуск криптовалютных операций через «МТС Инвестиции», доверительное управление цифровыми активами и их использование в трансграничных расчетах.	01.09.2026	14:03	Шпион РЦБ	01.09.2026 14:03:00	
Не важно	⬆️🇷🇺#OZON = +6% сегодня сообщалось, что OZON вышел на рынок Монголии	01.09.2026	14:07	Market Twits	01.09.2026 14:07:00	
Не важно	Облигации под залог микрозаймов: высокая ставка и большая подушка безопасности 3 сентября пройдет сбор заявок на первый в России выпуск облигаций, обеспеченный портфелем потребительских микрозаймов. Эмитентом выступает СФО «Свой Капитал-Финтех», а базовый портфель сформирован из займов MoneyMan, входящей в финтех-группу СВОЙ. Параметры выпуска: объем — 1 млрд рублей, купон — до 17% годовых, ориентир доходности — до 18,4%. Купон фиксированный и выплачивается ежемесячно. Ожидаемая дата погашения — сентябрь 2028 года. Облигации выпускаются с избыточным обеспечением: под 1 млрд рублей класса А формируется портфель примерно на 1,4 млрд рублей. Кроме того, предусмотрен младший транш размером не менее 29%, который первым принимает потери и погашается только после полного расчета с владельцами старших бумаг. Еще один уровень защиты — резервный фонд объемом до 9,5% номинала. Он предназначен для покрытия временных разрывов ликвидности. В портфель допускаются только займы без просрочки и обременения, а при ухудшении его показателей должны сработать механизмы досрочной амортизации. Несмотря на то что займы традиционно считаются высокорисковыми, кредитный портфель имеет наивысший рейтинг ААА и качество благодаря полному отсутствию просроченной задолженности. Риски при этом никуда не исчезают. Базовый актив — микрозаймы со своей спецификой и повышенной чувствительностью к платежной дисциплине заемщиков. Поэтому смотреть только на высокий рейтинг и двузначную доходность было бы слишком просто. Важнее то, насколько устойчивой окажется вся конструкция при реальном ухудшении портфеля. Важно, что Совкомбанк одновременно является и организатором, и резервным сервисным агентом Читать далее 👉 https://smart-lab.ru/mobile/topic/1346609 мы в max	01.09.2026	14:08	Смарт Лаб	01.09.2026 14:08:00	
Не важно	МНЕНИЕ: Рынок нефти избежал формирования «креста смерти» (50-дневная скользящая не пересекла 200-дневную), вместо этого появилась близость к «золотому кресту» (10-дневная может подняться выше 100-дневной) — Reuters Читать далее 👉 https://smartlab.news/i/202710 мы в max	01.09.2026	14:11	Смарт Лаб	01.09.2026 14:11:00	
Не важно	📈Акции Глоракс растут на 4,9%, до ₽46,59 #GLRX Читать далее 👉 https://smartlab.news/i/202711 мы в max	01.09.2026	14:17	Смарт Лаб	01.09.2026 14:17:00	
Не важно	⬆️🇷🇺#IMOEX = 2200	01.09.2026	14:19	Market Twits	01.09.2026 14:19:00	
Не важно	✴️#XRP #квант #крипто Ripple представил четырехэтапный план перевода XRP Ledger на квантумно-резистентные технологии к 2028г	01.09.2026	14:25	Market Twits	01.09.2026 14:25:00	
Возможно	Украина наращивает свою способность наносить удары в глубине территории России благодаря беспилотникам дальнего радиуса действия, таким как "Мамонт", которые могут пролететь 2400 км — WSJ В польской военно-аналитической компании Rochan Consulting отмечают, в 2023 году украинские беспилотники или ракеты поразили объекты критической инфраструктуры России всего 4 раза. К 2025 году это число выросло примерно до 178, а затем увеличилось до 285 попаданий за год, закончившийся 23 августа. Читать далее 👉 https://smartlab.news/i/202713 мы в max	01.09.2026	14:27	Смарт Лаб	01.09.2026 14:27:00	
Возможно	Россия прибегает к беспилотникам нового поколения и круглосуточным атакам, чтобы измотать украинцев — WSJ Читать далее 👉 https://smartlab.news/i/202714 мы в max	01.09.2026	14:29	Смарт Лаб	01.09.2026 14:29:00	
Возможно	#Политика Сейчас не время для нормализации отношений с Россией — представители ЕС на G20	01.09.2026	14:31	Шпион РЦБ	01.09.2026 14:31:00	
Не важно	⚠️🌎#кризис #рынки #warning Главный экономист HSBC говорит, что рост доходностей облигаций США, слабая йена и оптимизм на рынке ии-техов поразительно напоминают ему времена перед азиатским финансовым кризисом 1997 года.	01.09.2026	14:39	Market Twits	01.09.2026 14:39:00	
Возможно	Россия менее, чем за год почти удвоила флот танкеров, перевозящих СПГ с Арктик СПГ-2 — Bloomberg #NVTK Читать далее 👉 https://smartlab.news/i/202716 мы в max	01.09.2026	14:40	Смарт Лаб	01.09.2026 14:40:00	
Не важно	Китай официально запретил своим автопроизводителям развязывать ценовые войны на зарубежных рынках. Компаниям предписано избегать частых и резких колебаний цен — Bloomberg Читать далее 👉 https://smartlab.news/i/202717 мы в max	01.09.2026	14:41	Смарт Лаб	01.09.2026 14:41:00	
Не важно	⚠️🌎#облигации #доходности #обзор Распродажи на мировых рынках облигаций, рост доходностей сегодня на первых страницах крупных финансовых СМИ	01.09.2026	14:43	Market Twits	01.09.2026 14:43:00	
Возможно	Дерипаска: Отдельные сотрудники ЦБ очень беззаботно отнеслись к надвигающемуся спаду инвестиций в основной капитал, что может помешать восстановлению экономического роста до уровня не ниже 6% для достижения национальных целей, установленных указами президента Читать далее 👉 https://smartlab.news/i/202718 мы в max	01.09.2026	14:46	Смарт Лаб	01.09.2026 14:46:00	
Возможно	#Мнение Отдельные сотрудники ЦБ очень беззаботно отнеслись к надвигающемуся спаду инвестиций в основной капитал, что может помешать восстановлению экономического роста — Дерипаска	01.09.2026	14:47	Шпион РЦБ	01.09.2026 14:47:00	
Возможно	🇷🇺🇮🇷#россия #иран #шос ТАСС: Путин проводит встречу с президентом Ирана Пезешкианом	01.09.2026	14:51	Market Twits	01.09.2026 14:51:00	
	#smartlabonline с генеральным директором и председателем правления АО «Джи-групп» — завтра в 14:00! «Джи-групп» представила отчетность по МСФО за 6 месяцев 2026 года. В прямом эфире обсудим финансовые результаты компании, текущее состояние бизнеса и перспективы рынка недвижимости, а также поговорим о долговой нагрузке и о том, как сегодня меняется подход к оценке кредитного качества застройщиков. В эфире обсудим: 👉 Что показала отчетность «Джи-групп» по МСФО за первое полугодие 2026 года? 👉 Как изменились выручка, прибыль и другие ключевые финансовые показатели компании? 👉 Что происходит с долговой нагрузкой и как высокая ставка влияет на стоимость финансирования? 👉 Как текущая ситуация на рынке недвижимости отражается на продажах и новых проектах? 👉 Как в нынешних условиях меняются подходы к кредитным рейтингам застройщиков? 👉 Какие планы у «Джи-групп» на второе полугодие 2026 года? Гостем #smartlabonline станет: Линар Халитов — Генеральный директор и председатель правления АО «Джи-групп» Прямая трансляция: YOUTUBE Также смотрите в записи: ДЗЕН ▎ РУТУБ ▎ VKVIDEO	01.09.2026	14:56	Смарт Лаб	01.09.2026 14:56:00	
Возможно	🇷🇺🇮🇷#россия #иран #шос ТАСС: Путин на встрече с Пезешкианом попросил передать приветствие верховному лидеру Ирана Хаменеи	01.09.2026	14:57	Market Twits	01.09.2026 14:57:00	
Возможно	Украина в срочном порядке пытается разработать перехватчики, способные противостоять новому поколению российских реактивных беспилотников — CNN Читать далее 👉 https://smartlab.news/i/202720 мы в max	01.09.2026	15:02	Смарт Лаб	01.09.2026 15:02:00	
Не важно	⬆️🛢🇷🇺#бензин #россия Цена на АИ-92 на бирже в России в первый день осени обновила рекорд — ТАСС	01.09.2026	15:09	Market Twits	01.09.2026 15:09:00	
Возможно	Задержки выплат селлерам Wildberries связаны с защитными мерами на фоне DDoS-атак на системы маркетплейса. Представитель RWB заверил, что средства сохранны и будут перечислены после технических процедур — РБК Читать далее 👉 https://smartlab.news/i/202721 мы в max	01.09.2026	15:10	Смарт Лаб	01.09.2026 15:10:00	
Не важно	Главный экономист HSBC говорит, что рост доходности облигаций США, слабая иена и оптимизм на рынке технологий поразительно похожи на азиатский финансовый кризис 1997 года — CNBC Читать далее 👉 https://smartlab.news/i/202722 мы в max	01.09.2026	15:12	Смарт Лаб	01.09.2026 15:12:00	
	МНЕНИЕ: Аналитики ИФК Солид считают Полюс непригодным для инвестиций из-за отсутствия полноценной отчётности по МСФО и ожидают выбытия из первого котировального списка #PLZL Читать далее 👉 https://smartlab.news/i/202723 мы в max	01.09.2026	15:19	Смарт Лаб	01.09.2026 15:19:00	
Не важно	✴️🇺🇸#x #платежи #крипто Маск запустил XMoney для Premium и Premium+ подписчиков	01.09.2026	15:20	Market Twits	01.09.2026 15:20:00	
Не важно	✴️#ENA #крипто Ethena запускает свое платежное приложение на Avalanche	01.09.2026	15:21	Market Twits	01.09.2026 15:21:00	
Не важно	ВТБ на ВЭФ-2026 сообщил о запуске онлайн-банка для детей от 6 до 14 лет в приложении «ВТБ Онлайн». Сервис позволяет детям оплачивать покупки, переводить деньги и копить — РБК #VTBR Читать далее 👉 https://smartlab.news/i/202724 мы в max	01.09.2026	15:21	Смарт Лаб	01.09.2026 15:21:00	
Не важно	✴️#INJ #крипто Соучредитель Injective Эрик Чен пояснил, что сеть не остановилась, а было обновление. Сеть и средства пользователей остались в безопасности; проблема была связана с приложениями экосистемы, а не с самой Injective.	01.09.2026	15:23	Market Twits	01.09.2026 15:23:00	
Возможно	🇷🇺🇮🇷#россия #иран #шос РИА: Пезешкиан поблагодарил Россию за позицию по конфликту Ирана и США Путин: российский народ солидарен с народом Ирана, отстаивающим свои интересы	01.09.2026	15:25	Market Twits	01.09.2026 15:25:00	
Не важно	⚠️🇺🇸#доходности #инфляция #сша У Бессента и Уорша сегодня очередной неприятный день рост доходностей, инфляция, Трамп, дышащий огнем в затылок... TWO-YEAR TREASURY YIELD REACHES HIGHEST LEVEL SINCE JAN 2025 10-YEAR YIELD HITS HIGHEST SINCE JANUARY 2025 AS HIGHER OIL PRICES STOKE INFLATION WORRIES	01.09.2026	15:33	Market Twits	01.09.2026 15:33:00	
Не важно	Сущфакты по изменению прав распоряжения акциями Яндекса на ленте Раскрытия - техническое изменение: у ЗПИФ "Символ" поменялась УК, при этом пакет акций не поменялся #YDEX Читать далее 👉 https://smartlab.news/i/202734 мы в max	01.09.2026	15:34	Смарт Лаб	01.09.2026 15:34:00	
Возможно	#Политика Встреча Путина и президента Ирана Пезешкиана. Главное: Россия приветствовала американо-иранского меморандума о прекращении огня, но перемирие оказалось слишком хрупким Иран поддерживает позицию России по отходу от однополярного мира Пезешкиан поблагодарил Путина за его позицию во врем конфликта Ирана и США Иран готов вернуться к соблюдению меморандума о соблюдении прекращения огня как только это сделают США	01.09.2026	15:38	Шпион РЦБ	01.09.2026 15:38:00	
Не важно	Верховный суд РФ окончательно поддержал Альфа-банк в споре с ГТЛК, признав за банком права кредитора по требованиям к госкомпании на сумму около $50,8 млн (≈₽4,4 млрд) Читать далее 👉 https://smartlab.news/i/202735 мы в max	01.09.2026	15:40	Смарт Лаб	01.09.2026 15:40:00	
Важно	💥🇷🇺#офз #аукционы 2 СЕНТЯБРЯ - МИНФИН РФ ПРОВЕДЕТ АУКЦИОН ПО РАЗМЕЩЕНИЮ ОФЗ 29031	01.09.2026	15:47	Market Twits	01.09.2026 15:47:00	
Возможно	#Бонды МИНФИН РФ 2 СЕНТЯБРЯ ПРОВЕДЕТ АУКЦИОН ПО РАЗМЕЩЕНИЮ ОФЗ 29031 (флоатер)	01.09.2026	15:48	Шпион РЦБ	01.09.2026 15:48:00	
Возможно	Минфин РФ 2 сентября проведёт аукцион по размещению ОФЗ-ПК 29031 Читать далее 👉 https://smartlab.news/i/202736 мы в max	01.09.2026	15:49	Смарт Лаб	01.09.2026 15:49:00	
Возможно	🇷🇺🇮🇳#торговля #нефть #бензин #россия #индия #вэф Торговый оборот РФ и Индии растет, несмотря на сложности с логистикой: Россия закрывает 50% индийского импорта нефти, а Индия начала поставки бензина в РФ. Для дальнейшего роста стороны планируют развивать логистику, механизмы защиты инвестиций и научные проекты. Первый зампред правления Сбера Александр Ведяхин отметил, что основную часть текущих российских инвестиций в Индию составил проект Сбера — две башни в центре Дели, открытие которых запланировано на 2028 год для создания центра торговли и взаимодействия бизнесов двух стран.	01.09.2026	15:50	Market Twits	01.09.2026 15:50:00	
Не важно	Селигдар планирует увеличить добычу золота с текущих 9 тонн в год до 20 тонн к 2033 году за счёт запуска новых проектов, в первую очередь месторождения Кючус (+10 тонн) — Президент Александр Хрущ #SELG Читать далее 👉 https://smartlab.news/i/202737 мы в max	01.09.2026	15:55	Смарт Лаб	01.09.2026 15:55:00	
Возможно	Зеленский: Последние две недели вся Европа, которая нам помогает, - на каникулах. Очень такой неприятный привкус. Ощущение, что "дипломатия по-плану, то есть, когда отпуск, то отпуск" Читать далее 👉 https://smartlab.news/i/202738 мы в max	01.09.2026	15:58	Смарт Лаб	01.09.2026 15:58:00	
Возможно	МНЕНИЕ: Долгосрочная оценка акций Аренадаты остается позитивной, наша рекомендация "покупать" — Совкомбанк #DATA Читать далее 👉 https://smartlab.news/i/202739 мы в max	01.09.2026	16:06	Смарт Лаб	01.09.2026 16:06:00	
Возможно	Явных причин для роста заработной платы в стройотрасли нет - по одной простой причине: наблюдается падение объемов строительства — президент НОСТРОЙ Антон Глушков #LSRG #PIKK #SMLT «Только регион Дальнего Востока в этом году показывает положительную динамику по росту объемов жилищного строительства, тогда как все остальные федеральные округа такой динамикой похвастаться не могут», - отметил он. Читать далее 👉 https://smartlab.news/i/202740 мы в max	01.09.2026	16:07	Смарт Лаб	01.09.2026 16:07:00	
	❗️🇷🇺#UPRO #дивиденд СД Юнипро утвердил Положение о дивидендной политике в новой редакции размер дивидендов будет определяться от прибыли по МСФО	01.09.2026	16:15	Market Twits	01.09.2026 16:15:00	
Возможно	#UPRO СД Юнипро утвердил положение о дивидендной политике в новой редакции	01.09.2026	16:16	Шпион РЦБ	01.09.2026 16:16:00	
Не важно	🌕#золото #прогноз "Селигдар" ожидает дефицита и удорожания золота из-за высокой глобальной инфляции "Селигдар" закладывает в бизнес-план цену золота на уровне $3 700 за унцию Мировой рынок золота испытывает дефицит, и эта тенденция, сопровождающаяся ростом цен, сохранится в ближайшее время из-за высокой глобальной инфляции и стагнации экономики — президент "Селигдара" Александр Хрущ, ТАСС #SELG #вэф	01.09.2026	16:17	Market Twits	01.09.2026 16:17:00	
Не важно	Мировой рынок золота испытывает дефицит, и эта тенденция сохранится из-за высокой глобальной инфляции и стагнации экономики — Президент "Селигдара" Александр Хрущ #SELG Читать далее 👉 https://smartlab.news/i/202742 мы в max	01.09.2026	16:17	Смарт Лаб	01.09.2026 16:17:00	
Возможно	📉СД Юнипро принял новую редакцию Положения о дивидендной политике, акции после этого упали более, чем на 4% #UPRO Конкретный размер денежных средств, направляемых на дивидендные выплаты, определяется финансовым состоянием Общества, наличием свободных денежных средств, а также прогнозом будущего положительного денежного потока с учетом различных рисков (отраслевых, регуляторных, проектных, производственных и т.д.). Читать далее 👉 https://smartlab.news/i/202743 мы в max	01.09.2026	16:17	Смарт Лаб	01.09.2026 16:17:00	
Не важно	🇷🇺#russia #today Приходить с курицами в МФЦ для регистрации не нужно — Россельхознадзор	01.09.2026	16:29	Market Twits	01.09.2026 16:29:00	
Возможно	Селигдар закладывает в долгосрочный бизнес-план консервативную цену золота на уровне $3 700 за унцию, чтобы не принимать излишне рискованных решений — Президент Александр Хрущ в кулуарах ВЭФ #SELG Читать далее 👉 https://smartlab.news/i/202745 мы в max	01.09.2026	16:29	Смарт Лаб	01.09.2026 16:29:00	
Не важно	❗️🇧🇷#бразилия #экономика #отчетность Бразилия - Manufacturing PMI (авг) = 46.3 (ранее 47.5)	01.09.2026	16:30	Market Twits	01.09.2026 16:30:00	
Не важно	❗️🇨🇦#канада #экономика #отчетность Канада -Manufacturing PMI (авг) = 53 (ранее 53.5)	01.09.2026	16:30	Market Twits	01.09.2026 16:30:00	
Не важно	❗️ВПЕРЕДИ 🇺🇸США - S&P Manufacturing PMI (авг) - 16:45мск 🇺🇸США - ISM Manufacturing PMI (авг) - 17:00мск 🇺🇸США - число открытых вакансий на рынке труда JOLTS (июль) - 17:00мск	01.09.2026	16:36	Market Twits	01.09.2026 16:36:00	
Не важно	Сокращение количества магазинов М.Видео в 1п 2026 года связано с продолжающейся трансформацией бизнес-модели — компания #MVID Читать далее 👉 https://smartlab.news/i/202746 мы в max	01.09.2026	16:41	Смарт Лаб	01.09.2026 16:41:00	
Возможно	❗️🛢#ормуз #прогноз ОРМУЗСКИЙ ПРОЛИВ БУДЕТ "ОБОЙДЕН" ЧЕРЕЗ 2 ГОДА НЕФТЬ БУДЕТ ПОСТУПАТЬ ПО НАЗЕМНЫМ ТРУБОПРОВОДАМ, А НЕ ЧЕРЕЗ ОРМУЗ — БЕССЕНТ НА G20 #g20	01.09.2026	16:42	Market Twits	01.09.2026 16:42:00	
Возможно	#Политика ОРМУЗСКИЙ ПРОЛИВ БУДЕТ "ОБОЙДЕН" ЧЕРЕЗ 2 ГОДА — ГЛАВА МИНФИНА США БЕССЕНТ НЕФТЬ БУДЕТ ПОСТУПАТЬ ПО СУХОПУТНЫМ ТРУБОПРОВОДАМ, А НЕ ЧЕРЕЗ ОРМУЗ	01.09.2026	16:43	Шпион РЦБ	01.09.2026 16:43:00	
Возможно	🇹🇷🇷🇺#турция #россия #шос Эрдоган проводит встречу с Путиным на полях ШОС	01.09.2026	16:44	Market Twits	01.09.2026 16:44:00	
Не важно	❗️🇺🇸#экономика #сша #отчетность США - S&P Manufacturing PMI (авг) = 53.9 (ранее 53.9)	01.09.2026	16:45	Market Twits	01.09.2026 16:45:00	
Не важно	Системный оператор представил проект развития электроэнергетики России на 2027–2032 годы. Прогнозируется рост потребления электроэнергии до 1 301,8 млрд кВт·ч к 2032 году (+1,87% в год), а максимума мощности - до 190,3 ГВт (+2,19% в год) #FEES #IRAO Читать далее 👉 https://smartlab.news/i/202747 мы в max	01.09.2026	16:45	Смарт Лаб	01.09.2026 16:45:00	
Возможно	Биржевая стоимость бензина АИ-92 сегодня поднялась на 4,36% до 75 477 руб за т - рекордный показатель с прошлого года Читать далее 👉 https://smartlab.news/i/202748 мы в max	01.09.2026	16:46	Смарт Лаб	01.09.2026 16:46:00	
Возможно	Генсек ООН Гутерриш: После более чем четырех лет настало время для полного и немедленного прекращения огня на Украине Читать далее 👉 https://smartlab.news/i/202749 мы в max	01.09.2026	16:49	Смарт Лаб	01.09.2026 16:49:00	
Возможно	⚠️🇺🇸🇮🇷#санкции #иран #прогноз Бессент пообещал задушить Иран санкциями, заявил, что у США есть большая поддержка со стороны ЕС, ЕЦБ, Британии, ОАЭ и Бахрейна.	01.09.2026	16:50	Market Twits	01.09.2026 16:50:00	
Не важно	ОГК-2: СД 9 сентября рассмотрит вопрос о ликвидации филиала Общества #OGKB Читать далее 👉 https://smartlab.news/i/202751 мы в max	01.09.2026	16:58	Смарт Лаб	01.09.2026 16:58:00	
Не важно	❗️🇺🇸#сша #экономика #отчетность США -ISM Manufacturing PMI (авг) = 54.6 (ранее 55.6)	01.09.2026	17:00	Market Twits	01.09.2026 17:00:00	
Не важно	❗️🇺🇸#сша #экономика #отчетность США - число открытых вакансий на рынке труда JOLTS (июль) = 7.271 млн (ожид 7.330 млн / ранее 7.359 млн 7.182 млн)	01.09.2026	17:00	Market Twits	01.09.2026 17:00:00	
Возможно	#Политика Лидеры России и Турции встретились в Бишкеке. Главное: Турция - один из привилегированных партнеров России во внешней политике и в экономике, отметил Путин. Россия и Турция продолжают реализацию совместных крупных проектов, среди них АЭС "Аккую". Эрдоган на встрече с Путиным заявил, что придает большое значение этим переговорам. Путин указал на рост числа российских туристов в Турции: по итогам 2025 года - почти семь миллионов человек.	01.09.2026	17:01	Шпион РЦБ	01.09.2026 17:01:00	
Возможно	🚫🇷🇺#fx #россия ЦБ РФ: Банк России сохранил еще на полгода, до 9 марта 2027 года, ограничения на снятие наличной иностранной валюты	01.09.2026	17:02	Market Twits	01.09.2026 17:02:00	
Возможно	ЦБ сохранил еще на полгода, до 9 марта 2027 года, ограничения на снятие наличной иностранной валюты Читать далее 👉 https://smartlab.news/i/202752 мы в max	01.09.2026	17:02	Смарт Лаб	01.09.2026 17:02:00	
Не важно	Пальцем в небо или в яблочко? Кто из спикеров не угадал, а рассчитал? Как говорят люди, далёкие от математики, вероятность какого-либо события всегда 50% — либо произойдёт, либо нет. Но в День знаний мы не готовы согласиться с такой вероятностью и предлагаем вам ознакомиться с выступлениями, набравшими больше всего просмотров на наших площадках, чтобы вы убедились — эксперты прогнозируют события на фондовом рынке с большей вероятностью! Наш ТОП-7 видео с прошлой конференции по просмотрам: Какие акции могут дать «иксы» и стоит ли покупать рынок на падении? С Максимом Орловским обсудили перспективы Сбера, Яндекса, ВТБ, Норникеля и других компаний, влияние высоких ставок и геополитики, а также главный вопрос для инвестора: где искать возможности, когда на рынке начинается паника. Российский рынок продолжает падать — но это паника или возможность для покупок? Василий Олейник о влиянии геополитики, ставок и инфляции на акции, перспективы рубля, а также конкретные идеи в Сургутнефтегазе, ВТБ, X5, Совкомбанке, Магните и других бумагах. Как перестать зависеть от трейдинга и прийти к пассивному доходу? Дмитрий Черёмушкин делится своим 12-летним опытом инвестирования, рассказывает о стратегии рантье, дивидендах, облигациях и недвижимости и объясняет, как превратить инвестиции в игру с понятными финансовыми целями. Золото, серебро, медь, никель и палладий — где заканчивается обычное ралли и начинается долгосрочный тренд? Элвис Марламов разобрал перспективы рынка металлов, причины роста цен и самые интересные компании сектора, включая Норникель, Полюс, НЛМК и Алросу. Ставка, рубль, ОФЗ и акции: что ждёт российскую экономику дальше? Олег Кузьмичёв и Виктор Тунёв обсудили главные макроэкономические дисбалансы, перспективы снижения ставки и объяснили, почему длинные ОФЗ могли стать одной из самых интересных идей для инвесторов. Куда пойдёт российский рынок и что делать инвестору с портфелем? Александр Антонов разбирает перспективы акций, облигаций и рубля, а также делится своими ставками на Сбербанк, банки, нефтяные компании и валютные инструменты. Как увидеть инсайд, не имея инсайда? Мурад Агаев показывает, как аномальные объёмы торгов могут сигнализировать о важных событиях в компаниях, разбирает реальные кейсы ВТБ, Распадской и SFI и объясняет, на что инвестору стоит обращать внимание в таких ситуациях. Вероятность того, что на Smart-Lab Conf вы встретите динозавра — невероятно мала (ну вдруг?!), а вот вероятность узнать что-то новое новое — 100%! Набраться новых знаний: conf.smart-lab.ru	01.09.2026	17:04	Смарт Лаб	01.09.2026 17:04:00	
Возможно	Бессент заявил, что Ормузский пролив вскоре станет «бесполезным», поскольку нефть будет обходить его по трубопроводам Читать далее 👉 https://smartlab.news/i/202753 мы в max	01.09.2026	17:05	Смарт Лаб	01.09.2026 17:05:00	
	📈Акции Инкаб растут на 10,2%, до ₽69,80, на сильном отчёте МСФО за 1п2026: рекордная чистая прибыль ₽298 млн против убытка ₽238 млн годом ранее. EBITDA ₽699 млн (+57% г/г) #INCB Читать далее 👉 https://smartlab.news/i/202754 мы в max	01.09.2026	17:14	Смарт Лаб	01.09.2026 17:14:00	
Не важно	Официальные курсы валют на 2 сентября: ¥ — ₽12,8970, $ — ₽86,7530, € — ₽100,5988 Читать далее 👉 https://smartlab.news/i/202755 мы в max	01.09.2026	17:21	Смарт Лаб	01.09.2026 17:21:00	
Не важно	🇷🇺#fx #россия ЦБ установил официальные курсы валют на 2 сентября	01.09.2026	17:23	Market Twits	01.09.2026 17:23:00	
Возможно	Ozon приглашает селлеров размещать товары в Казахстане для поставок в Россию и страны Центральной Азии #OZON Читать далее 👉 https://smartlab.news/i/202756 мы в max	01.09.2026	17:23	Смарт Лаб	01.09.2026 17:23:00	
Не важно	🇷🇺#MOEX #отчетность ОБЪЕМ ТОРГОВ НА МОСКОВСКОЙ БИРЖЕ В АВГУСТЕ ВЫРОС ДО 194,9 ТРЛН РУБ С 143,4 ТРЛН РУБ ГОДОМ РАНЕЕ отчет	01.09.2026	17:31	Market Twits	01.09.2026 17:31:00	
Не важно	Общий объем торгов на Мосбирже в августе вырос на 35,9% г/г — до 194,9 трлн руб #MOEX Читать далее 👉 https://smartlab.news/i/202757 мы в max	01.09.2026	17:31	Смарт Лаб	01.09.2026 17:31:00	
Не важно	#MOEX #Объемторгов 💥 Мосбиржа опубликовала результаты торгов в августе 2026 Общий объем торгов: 194,9 трлн руб (+35 г/г) Рынок акций, расписок и паев: 2.7 трлн руб (-10% г/г1) Рынок облигаций: 1.2 трлн руб (-55% г/г) Срочный рынок: 17.1трлн. руб (+74% г/г) Денежный рынок: 153.8 трлн руб (+35% г/г)	01.09.2026	17:36	Шпион РЦБ	01.09.2026 17:36:00	
Не важно	✴️🇷🇺#CBDC #россия #крипто #обзор Все о Цифровом рубле от самого ЦБ подробно	01.09.2026	17:38	Market Twits	01.09.2026 17:38:00	
Не важно	Севморпуть становится критически важным для Индии из-за кризиса на Ближнем Востоке — Гендиректор Y&H Cargo Ракеш Мишра на ВЭФ Читать далее 👉 https://smartlab.news/i/202758 мы в max	01.09.2026	17:42	Смарт Лаб	01.09.2026 17:42:00	
Возможно	🇺🇸🇷🇺#санкции #россия Законопроект об "адских санкциях" против России "висит на волоске" в Конгрессе т.к. ключевые демократы в Палате представителей все больше противостоят законопроекту из-за опасений по поводу усиления власти Трампа — Punchbowl News	01.09.2026	17:48	Market Twits	01.09.2026 17:48:00	
Возможно	Законопроект о санкциях против РФ «висит на волоске» в Конгрессе из-за опасений демократов — Punchbowl News Читать далее 👉 https://smartlab.news/i/202759 мы в max	01.09.2026	17:50	Смарт Лаб	01.09.2026 17:50:00	
Возможно	⚠️🇮🇷🇺🇸#иран #геополитика Иран будет отвечать военным путем на атаки США Иран заставит США вернуться к выполнению условий Исламабадского меморандума — Галибаф	01.09.2026	17:54	Market Twits	01.09.2026 17:54:00	
Не важно	Китай отменил действовавшую с 1994 года налоговую льготу на дивиденды для иностранных граждан в компаниях с зарубежным участием, установив единую ставку 20%. Мера вступила в силу с 1 сентября Читать далее 👉 https://smartlab.news/i/202760 мы в max	01.09.2026	17:54	Смарт Лаб	01.09.2026 17:54:00	
Не важно	⚠️🇨🇳#китай #геополитика #макро Китай впервые за 16 лет обновил Закон о мобилизации в сфере национальной обороны. Закон вступит в силу 1 октября. Документ уточняет полномочия военных и гражданских органов, правила мобилизации ресурсов и личного состава, а также взаимодействие с системой реагирования на чрезвычайные ситуации. Главная цель обновлений — обеспечение быстрого перехода государства от мирного времени к военному и преобразование экономического и социального потенциала в оборонные возможности.	01.09.2026	18:05	Market Twits	01.09.2026 18:05:00	
Не важно	✴️#крипто #обзор #defi Объем запертой стоимости (TVL) в DeFi значительно ускорил рост в августе — данные Cryptorank	01.09.2026	18:11	Market Twits	01.09.2026 18:11:00	
Не важно	❗️🇷🇺#ии #россия #регулирование В России с 1 сентября вступил в силу закон о регулировании ИИ Утверждены полномочия различных государственных органов в этой сфере. Разработчики суверенных или национальных моделей искусственного интеллекта получают право на государственную поддержку и участие в профильных организациях, а также могут осуществлять международное сотрудничество.	01.09.2026	18:15	Market Twits	01.09.2026 18:15:00	
Не важно	✴️🇷🇺#банки #крипто #россия Клиенты Т-Бизнеса уже полтора года проводят международные расчеты в криптовалюте. Ежемесячный объем таких операций измеряется миллиардами рублей, а расчеты в большинстве случаев проводят через USDT. Как рассказал радио РБК Владислав Бокун, руководитель продуктов для ВЭД Т-Банка, после появления полноценного регулирования рынок должен вырасти. Раньше бизнес сдерживали сомнения в правовой базе таких платежей, но теперь эта проблема устранена.	01.09.2026	18:23	Market Twits	01.09.2026 18:23:00	
	Ассоциация инвесторов АВО обратилась в Банк России с требованием проверить качество аудита отчётности ПАО «МГКЛ» (аудитор – ООО «ФБК»), указав на признаки системного кризиса доверия к институту аудита #MGKL Поводом стали обстоятельства, связанные с признанием гудвилла по M&A сделкам. Пресс-служба "МГКЛ" оперативно прокомментировала ситуацию: Гудвил — одна из тех строк отчетности по МСФО, которая регулярно вызывает вопросы у инвесторов. Простыми словами, он отражает будущие экономические выгоды приобретенного бизнеса, которые невозможно выделить в самостоятельные активы: работающую сеть, выстроенные процессы, клиентский поток и ожидаемую синергию. ПАО «МГКЛ» отражает сделки в строгом соответствии с законодательством и требованиями МСФО. Стоимость приобретений подтверждается отчетами независимых оценщиков, а отчетность проходит аудит или обзорную проверку. Все опубликованные мнения и выводы по нашей отчетности были немодифицированными. Документы доступны в разделе «Отчеты и результаты» Update: Полный официальный комментарий Группы МГКЛ о ситуации: https://t.me/MGKL_group/1562 Update2: В компании ФБК дали комментарий, что обзорная проверка промежуточной консолидированной финансовой отчетности ПАО «МГКЛ» проведена в соответствии с требованиями аудиторского законодательства, все факторы доступные аудитору и влияющие на вывод в заключении об обзорной проверке учтены при формировании указанного заключения. Читать далее 👉 https://smartlab.news/i/202762 мы в max	01.09.2026	18:25	Смарт Лаб	01.09.2026 18:25:00	
Возможно	Рост показателей устойчивого роста цен говорит о повышении общего инфляционного фона — аналитики ЦБ РФ - Маркетплейсы и селлеры покроют часть издержек из-за атак, их влияние на цены будет ограниченным. - Сохранение роста денежной массы на высоком уровне в июле говорит о наличии значимых проинфляционных рисков и ослаблении жесткости ДКП. - Ослабление рубля пока проявилось только в росте цен на отдельные товары, но в дальнейшем может расшириться. Читать далее 👉 https://smartlab.news/i/202763 мы в max	01.09.2026	18:41	Смарт Лаб	01.09.2026 18:41:00	
Возможно	#Макро Аналитики ЦБ: ОСЛАБЛЕНИЕ РУБЛЯ ПОКА ПРОЯВИЛОСЬ ТОЛЬКО В РОСТЕ ЦЕН НА ОТДЕЛЬНЫЕ ТОВАРЫ, НО В ДАЛЬНЕЙШЕМ МОЖЕТ РАСШИРИТЬСЯ НИСХОДЯЩИЙ ТРЕНД ГОДОВОЙ ИНФЛЯЦИИ В I ПОЛУГОДИИ 2026 Г. ПРЕРВАЛСЯ, В II ПОЛУГОДИИ ОЖИДАЕТСЯ УСКОРЕНИЕ РОСТА ПОТРЕБИТЕЛЬСКИХ ЦЕН	01.09.2026	18:41	Шпион РЦБ	01.09.2026 18:41:00	
Важно	⚠️🇷🇺#инфляция #дкп #россия НИСХОДЯЩИЙ ТРЕНД ГОДОВОЙ ИНФЛЯЦИИ В I ПОЛУГОДИИ 2026 Г. ПРЕРВАЛСЯ, В II ПОЛУГОДИИ ОЖИДАЕТСЯ УСКОРЕНИЕ РОСТА ПОТРЕБИТЕЛЬСКИХ ЦЕН РОСТ ПОКАЗАТЕЛЕЙ УСТОЙЧИВОГО РОСТА ЦЕН ГОВОРИТ О ПОВЫШЕНИИ ОБЩЕГО ИНФЛЯЦИОННОГО ФОНА ОСЛАБЛЕНИЕ РУБЛЯ ПОКА ПРОЯВИЛОСЬ ТОЛЬКО В РОСТЕ ЦЕН НА ОТДЕЛЬНЫЕ ТОВАРЫ, НО В ДАЛЬНЕЙШЕМ МОЖЕТ РАСШИРИТЬСЯ СОХРАНЕНИЕ РОСТА ДЕНЕЖНОЙ МАССЫ НА ВЫСОКОМ УРОВНЕ В ИЮЛЕ ГОВОРИТ О НАЛИЧИИ ЗНАЧИМЫХ ПРОИНФЛЯЦИОННЫХ РИСКОВ И ОСЛАБЛЕНИИ ЖЕСТКОСТИ ДКУ ВОЗВРАЩЕНИЕ ИНФЛЯЦИИ К ЦЕЛИ В 2027 Г В РОССИИ ТРЕБУЕТ ВЫВЕРЕННЫХ РЕШЕНИЙ - АНАЛИТИКИ ЦБ релиз	01.09.2026	18:45	Market Twits	01.09.2026 18:45:00	
Важно	⚠️🇩🇪🇷🇺#нато #геополитика #германия Германия денонсировала соглашение о деятельности Русского дома в Берлине Германия закрывает Генконсульство России в Бонне к 18 сентября	01.09.2026	18:49	Market Twits	01.09.2026 18:49:00	
Возможно	#Политика Германия закроет Генконсульство России в Бонне к 18 сентября — МИД Германии Германия в ЕС инициирует расширение санкций против России	01.09.2026	18:49	Шпион РЦБ	01.09.2026 18:49:00	
Важно	🔥⚠️🇩🇪🇷🇺#санкции #россия #геополитика #германия ГЕРМАНИЯ ИНИЦИИРУЕТ В ЕС РАСШИРЕНИЕ САНКЦИЙ ПРОТИВ РОССИИ - ГЛАВА МИД ФРГ Глава МВД Германии Александр Добириндт официально обвинил Россию в атаке на аэропорт Лейпцига 4 августа ТАСС: МИД ФРГ вызвал посла России из-за инцидента с БПЛА в Лейпциге Германия закрывает Генконсульство России в Бонне к 18 сентября Германия ужесточит контроль при въезде в страну для россиян	01.09.2026	18:50	Market Twits	01.09.2026 18:50:00	
Важно	⚠️🇺🇦#украина #геополитика ТАСС: ПЕСКОВ: КОНКРЕТИКИ ПО АКТИВИЗАЦИИ ПОСРЕДНИЧЕСТВА УИТКОФФА И КУШНЕРА ПО УКРАИНЕ ПОКА НЕТ	01.09.2026	18:57	Market Twits	01.09.2026 18:57:00	
Возможно	Песков: конкретики по активизации усилий Уиткоффа и Кушнера по Украине пока нет Читать далее 👉 https://smartlab.news/i/202765 мы в max	01.09.2026	18:57	Смарт Лаб	01.09.2026 18:57:00	
Возможно	#Политика ПЕСКОВ В СВЯЗИ С СООБЩЕНИЯМИ СМИ ОБ АКТИВИЗАЦИИ УСИЛИЙ УИТКОФФА И КУШНЕРА ПО УКРАИНЕ: ПОКА НЕТ НИКАКОЙ КОНКРЕТИКИ	01.09.2026	18:57	Шпион РЦБ	01.09.2026 18:57:00	
Возможно	Берлин обвинил Москву в инциденте с дронами в аэропорту Лейпцига В рамках ответных шагов Германия ужесточит пограничный контроль для россиян, закроет генконсульство России в Бонне и Русский дом в Берлине. Читать далее 👉 https://smartlab.news/i/202767 мы в max	01.09.2026	19:05	Смарт Лаб	01.09.2026 19:05:00	
	Полюс добивает отчётностью, Юнипро добивает дивполитикой️Итоги дня 📈Озон +4.3% Ozon приглашает селлеров размещать товары в Казахстане для поставок в Россию и страны Центральной Азии🧐 📉Башнефть ап -4.2% Вышли данные по стоимости чистых активов Башнефти. Участники рынка считают, что прибыль упала кв/кв.(около 15.4 млрд рублей ). Но похоже, они не скорректировали её на 12.3 млрд дивидендов, которые были выплачены в июне. В итоге прибыль выросла до примерно 27.7 млрд рублей. Все эти данные расчётные, фактическую ситуацию с прибылью мы узнаем после публикации отчётности МСФО за 2026 год🤷‍♂️ 📉Полюс -5.6% Полюс выпустил разрывную отчётность. Разорвалось кое-что у инвесторов в Полюс😁 📈Brent +2.1% Эскалация продолжается. СМИ сообщили со ссылкой на данные греческой компании по управлению морскими рисками Marisks, что саудовский и южнокорейский супертанкеры подверглись атакам при попытке покинуть Персидский залив. «Произошедшие практически одновременно инциденты свидетельствуют о дальнейшей эскалации угроз в оманском коридоре», — отметили в Marisks🧐 📉Юнипро -4.6% СД утвердил новую дивполитику. На дивиденды будут направлять долю от полученной в отчетном периоде консолидированной прибыли общества. Какую долю, неизвестно😁 📈Инкаб +8.4% Инкаб Холдинг МСФО за I полугодие 2026 года: Рекордная чистая прибыль ₽298 млн против убытка ₽238 млн годом ранее💪 📈Мечел +3.5% Сегодня все металлурги чувствуют себя хорошо, на фоне очередной попытки доллара вырасти🤔 📈IMOEX +0.5% 👉Вот вам и переговоры министров финансов Заместитель министра финансов США по международным делам Эрин Браун заявила, что Бессент передал Силуанову четкое требование о том, что военный конфликт на Украине должен прекратиться, а Вашингтон хочет видеть мирный исход😁 А это похоже на очередные переговоры в стиле: — «Мы требуем остановки СВО» 👉Спецпосланник президента США Стив Уиткофф и зять американского лидера Джаред Кушнер активизируют усилия по украинскому урегулированию, сообщил источник ТАСС🤔 Полная карта рынка: https://smart-lab.ru/q/map Билеты на нашу осеннюю конфу на 20% дешевле по промокоду LONG: https://confa.smart-lab.ru/msk26 СМАРТЛАБ | MAX | ВК	01.09.2026	19:07	Смарт Лаб	01.09.2026 19:07:00	
Важно	⚠️🇩🇪🇷🇺#санкции #россия #геополитика #германия #нато В МИД РФ пообещали ответ на антироссийские решения Германии	01.09.2026	19:17	Market Twits	01.09.2026 19:17:00	
Возможно	НРА понизило кредитный рейтинг ПАО «Селигдар» с AA-|ru| до A+|ru|, прогноз «стабильный». Причина – рост долговой и процентной нагрузки на фоне снижения денежного потока от операционной деятельности #SELG Читать далее 👉 https://smartlab.news/i/202768 мы в max	01.09.2026	19:17	Смарт Лаб	01.09.2026 19:17:00	
Важно	🔥⚠️🇮🇷#иран #геополитика Иранские СМИ сообщают о взрывах в южных регионах Ирана взрывы в портах Чабахар и Бандар-Аббас	01.09.2026	19:21	Market Twits	01.09.2026 19:21:00	
Важно	США нанесли точечные удары по целям в иранском Бендер-Аббасе, назвав операцию «оборонительной» 📈 Brent > $94 Читать далее 👉 https://smartlab.news/i/202769 мы в max	01.09.2026	19:22	Смарт Лаб	01.09.2026 19:22:00	
Не важно	⬆️🛢#нефть = +4%	01.09.2026	19:24	Market Twits	01.09.2026 19:24:00	
Важно	⚠️🇮🇷#иран #геополитика #ормуз ВВС США наносят удары по иранским объектам в районе Ормузского пролива — AXIOS На острове Кешм и в районе Ормузского пролива произошло несколько взрывов — Press TV	01.09.2026	19:29	Market Twits	01.09.2026 19:29:00	
Возможно	США наносят удары по иранским целям в Ормузском проливе в ответ на атаки на корабли — Axios Читать далее 👉 https://smartlab.news/i/202770 мы в max	01.09.2026	19:30	Смарт Лаб	01.09.2026 19:30:00	
Важно	⚠️🇮🇷#иран #геополитика #ормуз ЦЕНТКОМ подтвердил нанесение ударов по объектам КСИР в Иране. ЦЕНТКОМ: Удары последовали за недавними попытками КСИР атаковать коммерческие суда в Ормузском проливе и американских военнослужащих, дислоцированных в регионе.	01.09.2026	19:36	Market Twits	01.09.2026 19:36:00	
Не важно	🛢🇺🇸🇻🇪#нефть #сша #венесуэла #CVX Chevron скоро объявит о расширении своей деятельности в Венесуэле Министр энергетики США Райт завтра прибудет в Венесуэлу для подписания нефтяного соглашения	01.09.2026	19:41	Market Twits	01.09.2026 19:41:00	
Не важно	Сбер приобрел два бизнес-центра в Нью-Дели для развития российско-индийского партнерства #SBER Читать далее 👉 https://smartlab.news/i/202771 мы в max	01.09.2026	19:44	Смарт Лаб	01.09.2026 19:44:00	
Не важно	🇷🇺🇮🇳#SBER #банки #россия #индия Сбер приобрел два бизнес-центра Summit Towers в Нью-Дели — Александр Ведяхин #вэф	01.09.2026	19:45	Market Twits	01.09.2026 19:45:00	
Не важно	✴️🌎#крипто #банки Группа из 21 финансового учреждения, в том числе Bank of America, Citi, Goldman Sachs и UBS, планирует создать компанию, которая будет выпускать стейблкоины для платежей и операций с цифровыми активами.	01.09.2026	19:46	Market Twits	01.09.2026 19:46:00	
Важно	#Политика Песков: в Бишкеке обсуждалось проведение переговоров по Украине в Турции	01.09.2026	19:48	Шпион РЦБ	01.09.2026 19:48:00	
Важно	❗️🇺🇦#украина #геополитика ПЕСКОВ: В БИШКЕКЕ ОБСУЖДАЛОСЬ ПРОВЕДЕНИЕ ПЕРЕГОВОРОВ ПО УКРАИНЕ В ТУРЦИИ	01.09.2026	19:49	Market Twits	01.09.2026 19:49:00	
Возможно	🇷🇺🇦🇲#армения #россия #шос Путин проводит встречу с Пашиняном на саммите ШОС Чем быстрее Армения определится с вступлением в ЕС, тем лучше — Путин	01.09.2026	19:50	Market Twits	01.09.2026 19:50:00	
Возможно	⚠️🇮🇷#иран #геополитика #ормуз Пентагон хочет зачистить побережье Ормуза ЦЕНТКОМ США разработало план нанесения периодических ударов по иранскому побережью Ормузского пролива, чтобы лишить Тегеран возможности восстановить свои огневые точки в этом районе. — AXIOS	01.09.2026	19:58	Market Twits	01.09.2026 19:58:00	
Важно	🔥⚠️🇮🇷#иран #геополитика Посольство США в Израиле предупреждает американских граждан на всем Ближнем Востоке о возможной эскалации — Sky News Arabia	01.09.2026	20:02	Market Twits	01.09.2026 20:02:00	
Важно	#Политика Путин выразил надежду, что кризис отношений РФ и Европы когда-то пройдет	01.09.2026	20:09	Шпион РЦБ	01.09.2026 20:09:00	
Важно	⚠️🇩🇪🇷🇺#нато #геополитика Германия идет по дальнейшему пути эскалации — Песков	01.09.2026	20:17	Market Twits	01.09.2026 20:17:00	
Важно	❗️🇷🇺🇺🇸🇨🇳#событие #россия #сша #китай Путин, Трамп и Си Цзиньпин могут провести трехсторонний саммит на скором саммите АТЭС — Зарубин Накануне, на встрече лидеров России и Китая, затрагивалась тема и трехстороннего саммита, и двусторонних переговоров лидеров - Ушаков рассказал Зарубину	01.09.2026	20:18	Market Twits	01.09.2026 20:18:00	
Возможно	Путин, Трамп и Си Цзиньпин могут провести трехсторонний саммит на скором саммите АТЭС — Ушаков Читать далее 👉 https://smartlab.news/i/202777 мы в max	01.09.2026	20:18	Смарт Лаб	01.09.2026 20:18:00	
Возможно	#Политика Путин, Трамп и Си Цзиньпин могут провести трехсторонний саммит на скором саммите АТЭС. Накануне, на встрече лидеров России и Китая, затрагивалась тема и трехстороннего саммита, и двусторонних переговоров лидеров - Ушаков рассказал Зарубину. Саммит АТЭС пройдет 18–19 ноября 2026 года в Китае в Шэньчжэне	01.09.2026	20:18	Шпион РЦБ	01.09.2026 20:18:00	
Возможно	🔥⚠️🇮🇷#иран #геополитика ИРАН В ОТВЕТ НА АТАКИ США ЗАПУСТИЛ РАКЕТЫ В СТОРОНУ АМЕРИКАНСКИХ БАЗ В РЕГИОНЕ —TASNIM	01.09.2026	20:23	Market Twits	01.09.2026 20:23:00	
Важно	⚠️🇮🇷#иран #геополитика #трамп ТРАМП: В настоящий момент Соединенные Штаты наносят удары по иранским целям вблизи Ормузского пролива. Удары носят масштабный и мощный характер и являются ответом на неудавшуюся попытку иранцев установить морские мины в проливе, где в настоящее время мин нет (они были полностью удалены или взорваны!), а также на запуск иранцами восьми ракет по нашей военной базе в Иордании, все из которых были успешно сбиты. Если провальная нация Ирана решит отомстить за эту вполне оправданную атаку, она подвергнется новым ударам, гораздо более сильным и масштабным, но это не будет самой крупной атакой из всех. Самая крупная уже готовится и будет ждать подходящего момента. Когда она будет осуществлена, от Ирана останется очень мало!	01.09.2026	20:26	Market Twits	01.09.2026 20:26:00	
Возможно	Трамп: США наносят удары по иранским целям вблизи Ормузского пролива. - Truth Social Читать далее 👉 https://smartlab.news/i/202778 мы в max	01.09.2026	20:27	Смарт Лаб	01.09.2026 20:27:00	
Важно	🔥⚠️🇮🇷#иран #геополитика ИРАН ГОТОВИТ К ШИРОКОМАСШТАБНЫЕ ОТВЕТНЫЕ УДАРЫ ПО ОБЪЕКТАМ США В РЕГИОНЕ В ТЕЧЕНИЕ БЛИЖАЙШИХ ЧАСОВ. ПЛАНИРУЕТ МАСШТАБНЫЙ ЗАПУСК РАКЕТ — TASNIM КСИР: "АГРЕССОРОВ ЖДЕТ СУРОВОЕ НАКАЗАНИЕ, И АМЕРИКА ПОЖАЛЕЕТ О СВОИХ НОВЫХ АТАКАХ’. ОТВЕТ ИРАНА БУДЕТ "В НЕСКОЛЬКО РАЗ БОЛЕЕ МАСШТАБНЫМ", ЧЕМ НОВЫЕ АТАКИ США. БУДУТ АТАКОВАНЫ АМЕРИКАНСКИЕ БАЗЫ И ИНТЕРЕСЫ В РЕГИОНЕ — TASNIM США ЖДЕТ СУРОВОЕ НАКАЗАНИЕ — IRIB	01.09.2026	20:35	Market Twits	01.09.2026 20:35:00	
Возможно	Иран ответит на атаки США ударами, «в несколько раз более масштабными, и целью станут американские базы и интересы в регионе» — агентство Tasnim Читать далее 👉 https://smartlab.news/i/202779 мы в max	01.09.2026	20:39	Смарт Лаб	01.09.2026 20:39:00	
Возможно	#Политика Ушаков сообщил, что примет спецпосланника Ватикана кардинала Дзуппи в конце сентября и обсудит с ним украинскую тематику.	01.09.2026	20:42	Шпион РЦБ	01.09.2026 20:42:00	
Возможно	❗️🇺🇦#украина #геополитика #ватикан Ушаков сообщил, что примет спецпосланника Ватикана кардинала Дзуппи в конце сентября и обсудит с ним украинскую тематику. — ТАСС	01.09.2026	20:45	Market Twits	01.09.2026 20:45:00	
Важно	#Политика УКРАИНА ПРЕДУПРЕЖДАЕТ АВИАКОМПАНИИ И СТРАХОВЩИКОВ, ЧТО ВОЗДУШНОЕ ПРОСТРАНСТВО РОССИИ СТАНОВИТСЯ НЕБЕЗОПАСНЫМ ИЗ-ЗА ВОЗРОСШЕЙ АКТИВНОСТИ БЕСПИЛОТНИКОВ НА ФОНЕ ВОЙНЫ	01.09.2026	20:45	Шпион РЦБ	01.09.2026 20:45:00	
Не важно	#AFLT ниже 31	01.09.2026	20:48	Шпион РЦБ	01.09.2026 20:48:00	
Важно	🔥⚠️🇺🇦#украина #геополитика УКРАИНА НАЧИНАЕТ КАМПАНИЮ ПО БЛОКИРОВАНИЮ ВОЗДУШНОГО ПРОСТРАНСТВА РОССИИ — ЗЕЛЕНСКИЙ Зеленский: российское небо сейчас для украинских дронов, а не для гражданской авиации #авиа #россия	01.09.2026	20:49	Market Twits	01.09.2026 20:49:00	
Возможно	Зеленский: Украина начинает кампанию по блокированию воздушного пространства России #AFLT 📉 Аэрофлот -4,5% Читать далее 👉 https://smartlab.news/i/202780 мы в max	01.09.2026	20:50	Смарт Лаб	01.09.2026 20:50:00	
Возможно	#Политика Трамп заявил, что не за горами проведение крупнейшей атаки на Иран, после которой почти ничего не останется.	01.09.2026	20:50	Шпион РЦБ	01.09.2026 20:50:00	
Возможно	#Политика УКРАИНА НАЧИНАЕТ КАМПАНИЮ ПО БЛОКИРОВАНИЮ ВОЗДУШНОГО ПРОСТРАНСТВА РОССИИ — ЗЕЛЕНСКИЙ	01.09.2026	20:51	Шпион РЦБ	01.09.2026 20:51:00	
Возможно	#Политика Ранее Украина объявляла 40-дневный план по принуждению России остановить боевые действия (40 дней давно истекли)	01.09.2026	20:52	Шпион РЦБ	01.09.2026 20:52:00	
Не важно	⬇️🇷🇺#AFLT = -4%	01.09.2026	20:53	Market Twits	01.09.2026 20:53:00	
Важно	🇷🇺🇹🇷🇺🇦#украина #геополитика Путин и Эрдоган в ходе встречи в Бишкек почти полтора часа провели переговоры с глазу на глаз, основной темой диалога стала ситуация вокруг Черного моря — Ушаков	01.09.2026	21:03	Market Twits	01.09.2026 21:03:00	
Возможно	⚠️🇮🇷#иран #геополитика #трамп Соглашение с Ираном не стоит бумаги, на которой оно написано. Мы дали Ирану много шансов — Трамп в интервью Fox News	01.09.2026	21:05	Market Twits	01.09.2026 21:05:00	
Возможно	⚠️🇺🇦🇷🇺#украина #геополитика #авиа #россия Украина будет атаковать аэропорты Москвы и других городов роями дешёвых дронов. Цель — надолго закрыть московское небо и добиться прекращения всех рейсов в Россию, пишут украинские СМИ, сообщая, что этот план существует уже давно, но ранее были лимиты в отношении "гражданской" авиации, но теперь Киев готов идти на более жёсткие меры.	01.09.2026	21:16	Market Twits	01.09.2026 21:16:00	
Не важно	#IMOEX: думал сделать, не сделать, сделать, не сделать. Взял сделал и обновил дневной минимум	01.09.2026	21:22	Шпион РЦБ	01.09.2026 21:22:00	
Важно	🔥⚠️🇮🇷#иран #геополитика ИРАН НАЧАЛ ЗАПУСКАТЬ РАКЕТЫ ПО ОБЪЕКТАМ США В РЕГИОНЕ — FARS	01.09.2026	21:23	Market Twits	01.09.2026 21:23:00	
Возможно	#Политика ИРАН НАЧАЛ ЗАПУСКАТЬ РАКЕТЫ ПО ОБЪЕКТАМ США В РЕГИОНЕ — FARS	01.09.2026	21:24	Шпион РЦБ	01.09.2026 21:24:00	
Важно	⚠️🇪🇺🇷🇺#санкции #россия Макрон заявил, что Франция полностью поддерживает Германию и поддерживает новые европейские санкции против России	01.09.2026	21:28	Market Twits	01.09.2026 21:28:00	
Важно	🔥⚠️🇮🇷#иран #геополитика ИРАН ОБЪЯВИЛ О НАЧАЛЕ ОТВЕТНОЙ ВОЕННОЙ ОПЕРАЦИИ ПРОТИВ США В РЕГИОНЕ	01.09.2026	21:30	Market Twits	01.09.2026 21:30:00	
Возможно	Иран объявил о начале «решительной операции» в ответ на действия США, нанося удары ракетами и беспилотниками по американским базам и интересам в регионе Читать далее 👉 https://smartlab.news/i/202781 мы в max	01.09.2026	21:30	Смарт Лаб	01.09.2026 21:30:00	
Не важно	⬆️🛢#нефть = +5% BRENT > $95 WTI > $90	01.09.2026	21:48	Market Twits	01.09.2026 21:48:00	
Не важно	Спрос на наличные в России за июль–август превысил ₽1 трлн — РБК В августе объем наличных в обращении вырос на ₽443 млрд после рекордных для этого года ₽618,4 млрд в июле. Читать далее 👉 https://smartlab.news/i/202782 мы в max	01.09.2026	21:58	Смарт Лаб	01.09.2026 21:58:00	
Не важно	⬆️🛢🇪🇺#газ #европа ГАЗ в Европе обновляет максимумы 3-летние максимумы	01.09.2026	22:01	Market Twits	01.09.2026 22:01:00	
Не важно	📈 Brent превысила $95 за баррель на фоне эскалации конфликта на Ближнем Востоке Читать далее 👉 https://smartlab.news/i/202783 мы в max	01.09.2026	22:09	Смарт Лаб	01.09.2026 22:09:00	
Не важно	Закон о цифровых валютах вступил в силу, но торговля внутри РФ стартует не ранее декабря из-за отсутствия подзаконных актов ЦБ — Ъ Читать далее 👉 https://smartlab.news/i/202784 мы в max	01.09.2026	22:38	Смарт Лаб	01.09.2026 22:38:00	
Не важно	⚠️🇩🇪#авто #германия #VOW Volkswagen утвердил сроки закрытия четырех ключевых заводов в Германии: в Эмдене и Цвиккау производство должно завершиться в 2031 году, в Ганновере — в 2032 году, в Неккарзульме — в 2034 г — WIWO	01.09.2026	22:46	Market Twits	01.09.2026 22:46:00	
Важно	❗️🇷🇺#событие Путин скоро выйдет к прессе и сделает несколько заявлений — ПУЛ №3	01.09.2026	22:57	Market Twits	01.09.2026 22:57:00	
Важно	❗️🇷🇺#событие Путин вышел к прессе скорее всего, заявления будут касаться только итогов саммита ШОС	01.09.2026	23:03	Market Twits	01.09.2026 23:03:00	
Важно	#Политика Путин проводит пресс-конференцию в Бишкеке	01.09.2026	23:04	Шпион РЦБ	01.09.2026 23:04:00	
Возможно	#Политика Контакты между представителями спецслужб осуществляются всегда — Путин	01.09.2026	23:05	Шпион РЦБ	01.09.2026 23:05:00	
Возможно	❗️🇷🇺🇺🇸#россия #сша #геополитика КОНТАКТЫ МЕЖДУ ПРЕДСТАВИТЕЛЯМИ СПЕЦСЛУЖБ РФ И США ОСУЩЕСТВЛЯЮТСЯ ВСЕГДА — ПУТИН	01.09.2026	23:06	Market Twits	01.09.2026 23:06:00	
Возможно	#Политика Мы за конкретику в переговорах — Путин Если кто-то в состоянии внести позитив в переговорный процесс, который сейчас заморожен, мы не против.	01.09.2026	23:06	Шпион РЦБ	01.09.2026 23:06:00	
Важно	Путин проводит пресс-конференцию в Бишкеке: - Переговорный процесс по Украине сейчас во многом заморожен. - Нам комфортно работать по Украине с теми, кому доверяем, например, с близкими Трампа. - Кушнер и Уиткофф всегда желанные гости в РФ. - Российские войска в зоне СВО наращивают темпы наступления. - ВС РФ получили указания по подготовке и нанесению ответных массированных ударов по объектам ТЭК Украины. - Новые санкции ФРГ против РФ вызваны шатким внутриполитическим положением Мерца. - Украина просит о возобновлении переговоров и личных встречах, но с террористами переговоры не ведут. - Путин об угрозах Зеленского для гражданской авиации в небе над РФ: я не слышал этого, если это сказано вслух, то это заявка на государственный терроризм. - Указ о временном управлении объектами критической инфраструктуры не предусматривает национализации. - России осталось отремонтировать около 10% поврежденных НПЗ. - ЧУШЬ СОБАЧЬЯ. Это информационная атака — Путин о слухах про мобилизацию после выборов. - Любые военные объекты на Украине, в том числе британские, — законная цель РФ. Читать далее 👉 https://smartlab.news/i/202785 мы в max	01.09.2026	23:07	Смарт Лаб	01.09.2026 23:07:00	
Важно	#Политика Кушнер и Уиткофф — всегда желанные гости — Путин	01.09.2026	23:07	Шпион РЦБ	01.09.2026 23:07:00	
Важно	❗️🇺🇦#украина #геополитика Путин: нам гораздо комфортнее работать с людьми, которым мы доверяем. это люди, близкие к Трампу. Кушнер и Уиткофф - желанные гости.	01.09.2026	23:08	Market Twits	01.09.2026 23:08:00	
Важно	#Политика Если нас решит кто-то "сожрать", может схлопотать и по зубам — Путин	01.09.2026	23:08	Шпион РЦБ	01.09.2026 23:08:00	
Важно	⚠️🇺🇦#украина #геополитика #прогноз НЕ СОМНЕВАЮСЬ, ЧТО ВРАГ БУДЕТ СЫПАТЬСЯ. ПО СРОКАМ ТРУДНО ДАВАТЬ ПРОГНОЗЫ — ПУТИН ПРО СВО	01.09.2026	23:09	Market Twits	01.09.2026 23:09:00	
Возможно	#Политика Главный вызов — беспилотники. Мы с ним справляемся. Все задачи в этой сфере будут решены, нет сомнений — Путин Где-то можем отставать, где-то обгонять противника. Но все задачи будут решены. Наращиваем темпы наступления.	01.09.2026	23:11	Шпион РЦБ	01.09.2026 23:11:00	
Не важно	⬆️🇺🇸#DELL = +5% DELL (который всегда рекомендует покупать Трамп) повысил прогнозы на 2027 фискальный год	01.09.2026	23:14	Market Twits	01.09.2026 23:14:00	
Возможно	❗️🇷🇺#OZON Ozon предложил продавцам размещать товары на складах Казахстана для продаж в РФ	01.09.2026	23:18	Market Twits	01.09.2026 23:18:00	
Важно	⚠️🇺🇦#украина #геополитика Российской армии дано указание по нанесению ответных массированных ударов по энергетике Украины — Путин	01.09.2026	23:19	Market Twits	01.09.2026 23:19:00	
Возможно	#Политика У немцев кишка тонка, чтобы одобрить поставки газа по Северным потокам — Путин	01.09.2026	23:19	Шпион РЦБ	01.09.2026 23:19:00	
Возможно	#Политика Не слышал заявлений Зеленского. Но если он сказал это вслух, то это заявка на государственный терроризм. Вести переговоры с террористами не будем. Мы найдем чем ответить — Путин	01.09.2026	23:20	Шпион РЦБ	01.09.2026 23:20:00	
Важно	⚠️🇺🇦#украина #геополитика ПУТИН: УКРАИНА ПРОСИТ О ВОЗОБНОВЛЕНИИ ПЕРЕГОВОРОВ И ЛИЧНЫХ ВСТРЕЧАХ, НО С ТЕРРОРИСТАМИ ПЕРЕГОВОРЫ НЕ ВЕДУТ ПУТИН В ОТВЕТ НА УГРОЗЫ ЗЕЛЕНСКОГО В АДРЕС ГРАЖДАНСКОЙ АВИАЦИИ: "ЕСЛИ ЭТО СКАЗАНО ВСЛУХ, ТО ЭТО ЗАЯВКА НА ГОСУДАРСТВЕННЫЙ ТЕРРОРИЗМ" ЕСЛИ БУДУТ ПРОИСХОДИТЬ ТРАГЕДИИ С САМОЛЕТАМИ НАД РФ, МОСКВА НАЙДЕТ, ЧЕМ ОТВЕТИТЬ - ПУТИН	01.09.2026	23:21	Market Twits	01.09.2026 23:21:00	
Возможно	#Нефтянка Осталось отремонтировать 10% наших НПЗ	01.09.2026	23:22	Шпион РЦБ	01.09.2026 23:22:00	
Возможно	#Нефтянка НПЗ не были достаточно защищены. Но сегодня хотели ударить по трем НПЗ. Не получилось. Результаты по защите НПЗ есть — Путин	01.09.2026	23:22	Шпион РЦБ	01.09.2026 23:22:00	
Важно	❗️🛢🇷🇺#бензин #россия РОССИИ ОСТАЛОСЬ ОТРЕМОНТИРОВАТЬ ТОЛЬКО 10% ПОВРЕЖДЕННЫХ НПЗ УРОВЕНЬ ЗАЩИТЫ НПЗ СЕЙЧАС УЖЕ СОВСЕМ ДРУГОЙ ОНИ НЕДАВНО ПОПРОБОВАЛИ НАНЕСТИ УДАР ПО ТРЕМ НПЗ, НО УЖЕ НЕ ПОЛУЧИЛОСЬ - ОНИ ЗАЩИЩЕНЫ - ПУТИН	01.09.2026	23:24	Market Twits	01.09.2026 23:24:00	
Важно	🇷🇺#бизнес #россия #геополитика УКАЗ О ВРЕМЕННОМ УПРАВЛЕНИИ ОБЪЕКТАМИ КРИТИЧЕСКОЙ ИНФРАСТРУКТУРЫ НЕ ПРЕДУСМАТРИВАЕТ НАЦИОНАЛИЗАЦИИ УКАЗ О ЗАЩИТЕ ОБЪЕКТОВ ИНФРАСТРУКТУРЫ НАПРАВЛЕН НА ОБЪЕДИНЕНИЕ ВСЕХ УСИЛИЙ ДЛЯ ЗАЩИТЫ КРИТИЧЕСКИ ВАЖНЫХ ОБЪЕКТОВ — ПУТИН	01.09.2026	23:28	Market Twits	01.09.2026 23:28:00	
Важно	❗️⚠️🇺🇦#украина #геополитика РОССИЯ НЕ НАНОСИТ УДАРЫ ПО РУКОВОДСТВУ УКРАИНЫ, НО ЕСЛИ ЗАЯВКА НА ТЕРРОРИЗМ ПЕРЕЙДЕТ К ТЕРРОРИЗМУ, ТО ПОСМОТРИМ, ЧТО МОЖНО БУДЕТ ПРЕДПРИНЯТЬ — ПУТИН	01.09.2026	23:32	Market Twits	01.09.2026 23:32:00	
Важно	#Политика Мы не наносим ударов по украинским политикам. Нам нужны переговорщики. Но если заявка на терроризм перейдет к терроризму, мы посмотрим как на это отвечать — Путин	01.09.2026	23:32	Шпион РЦБ	01.09.2026 23:32:00	
Возможно	#Политика За время своей "40-дневной операции" Украина повредила около 100 кораблей. Ущерб экономике составил около 1% ВВП — Путин	01.09.2026	23:37	Шпион РЦБ	01.09.2026 23:37:00	
Важно	#Политика ⚡️ ЧУШЬ СОБАЧЬЯ. Это информационная атака — Путин о слухах про мобилизацию после выборов	01.09.2026	23:41	Шпион РЦБ	01.09.2026 23:41:00	
Важно	❗️🇷🇺#мобилизация #россия ПУТИН О НОВОЙ МОБИЛИЗАЦИИ В РОССИИ: "ЭТО ЧУШЬ СОБАЧЬЯ. ЭТО НОВАЯ ИНФОРМАЦИОННАЯ АТАКА НА РОССИЮ."	01.09.2026	23:42	Market Twits	01.09.2026 23:42:00	
Важно	#Политика Мы хотим прекратить войну и добиться длительного мира — Путин	01.09.2026	23:42	Шпион РЦБ	01.09.2026 23:42:00	
Возможно	#Политика Это секрет — Путин на вопрос, могут ли быть поражены объекты военной промышленности Британии, находящиеся на территории Британии	01.09.2026	23:45	Шпион РЦБ	01.09.2026 23:45:00	
Важно	❗️⚠️🇺🇦#нато #украина #геополитика ПУТИН: ЛЮБЫЕ ВОЕННЫЕ ОБЪЕКТЫ НА УКРАИНЕ, В ТОМ ЧИСЛЕ БРИТАНСКИЕ - ЗАКОННАЯ ЦЕЛЬ РФ ПУТИН НА ВОПРОС, МОГУТ ЛИ СТАТЬ БРИТАНСКИЕ ВОЕННЫЕ ОБЪЕКТЫ НА ТЕРРИТОРИИ САМОЙ БРИТАНИИ СТАТЬ ЦЕЛЬЮ РФ: "ЭТО СЕКРЕТ, ВОЕННАЯ ТАЙНА"	01.09.2026	23:46	Market Twits	01.09.2026 23:46:00	
Возможно	Путин назвал чушью и информационной атакой сообщения о скорой новой волне мобилизации в РФ Читать далее 👉 https://smartlab.news/i/202786 мы в max	01.09.2026	23:47	Смарт Лаб	01.09.2026 23:47:00	
Возможно	#Политика Путин закончил пресс-конференцию в Бишкеке Индекс Мосбиржи остался там же — ~2150	01.09.2026	23:48	Шпион РЦБ	01.09.2026 23:48:00	
Не важно	mt в max 🗓КАЛЕНДАРЬ НА СЕГОДНЯ — 2026.09.02 🇷🇺РФ - Восточный экономический форум (ВЭФ) - день 2 🇦🇺Австралия - ВВП (2кв 20265г) - 04:30мск 🇳🇿Н.Зеландия - ставка ЦБ - 05:00мск 🇳🇿пресс-конф ЦБ Н.Зеландии - 06:00мск 🇺🇸США - ADP Employment (авг) - 15:15мск 🇨🇦Канада - ставка ЦБ - 16:45мск 🇺🇸США - Factory Orders (июль) - 17:00мск 🇨🇦пресс-конф ЦБ Канады - 17:30мск 🛢нефть США - запасы EIA - 17:30мск 🇷🇺РФ - потребинфляция CPI (нед) - 19:00мск 🇺🇸США - Бежевая книга - 21:00мск 🇷🇺Минфин проведет аукцион ОФЗ 29031 🇷🇺#HNFG Henderson - День инвестора по результатам 2кв 2026 попсовые отчетности: 🇺🇸#NTAP NetApp - 23:00мск 🇺🇸#HPE Hewlett Packard - 23:05мск 🇺🇸#AI C3ai - 23:05мск 🇺🇸#GOLD Barrick Gold - 23:05мск 🇺🇸#SNOW Snowflake- 23:05мск 🇺🇸#AVGO Broadcom - 23:15мск	02.09.2026	6:17	Market Twits	02.09.2026 6:17:00	
Не важно	🌎#markets	02.09.2026	6:19	Market Twits	02.09.2026 6:19:00	
Не важно	🌎#fx USDCNY = 6.72 USDTRUB = 88.2	02.09.2026	6:20	Market Twits	02.09.2026 6:20:00	
Не важно	❗️🇳🇿#дкп #нзеландия #цб Н.ЗЕЛАНДИЯ - СТАВКА ЦБ = 2.75% (ожид 2.75% / ранее 2.5%) ЦБ: комитет считает, что постепенное сворачивание монетарных стимулов соответствует цели по возвращению инфляции к 2%.	02.09.2026	6:24	Market Twits	02.09.2026 6:24:00	
Не важно	✴️🇷🇺#CBDC #россия #крипто Wildberries, Ozon и "Яндекс Маркет" запустили оплату цифровыми рублями	02.09.2026	6:25	Market Twits	02.09.2026 6:25:00	
Не важно	🇷🇺#алмазы #россия Открытие новых месторождений в Якутии поддержит добычу алмазов в России — Роснедра, интервью РИА Новости #вэф	02.09.2026	6:27	Market Twits	02.09.2026 6:27:00	
Не важно	🚫#зерно #пшеница Замглавы МИД РФ Александр Грушко заявил на ВЭФ, что не видит изменений в позиции Запада по санкциям, которые позволили бы возобновить черноморскую зерновую сделку — РИА	02.09.2026	6:30	Market Twits	02.09.2026 6:30:00	
Возможно	🇷🇺#UNAC #авиа Первый самолет Ил-114-300 передадут заказчику в 2026 г ОАК получила большое число заявок на самолет Ил-114-300 от авиакомпаний РФ — Минпромторг, ТАСС #вэф	02.09.2026	6:31	Market Twits	02.09.2026 6:31:00	
Возможно	🇷🇺#бизнес #геополитика #россия Крупные предприятия России включаются в зонально-объектовую систему ПВО, а также участвуют в решении задач по защите объектов. Уже есть ряд предприятий, по которым вопросы временного управления будут рассматриваться первоочередно. Решение о прекращении временного управления будет приниматься на самом высоком уровне после достижения целей по обеспечению безопасности или восстановлению объектов. — Мантуров, ТАСС #вэф	02.09.2026	6:36	Market Twits	02.09.2026 6:36:00	
Не важно	✴️#крипто #прогноз #макро За криптовалютами будущее. Другое дело - за какими. — Костин «Частные негосударственные криптовалюты, они, конечно, порождают понятное сопротивление со стороны всех абсолютно стран в виде центральных банков и финансовых властей, потому что у нас там есть политика, М1, М2, ставки какие-то. А тут раз параллельно существует рынок, который никак не регулируются»,— Костин #вэф	02.09.2026	6:41	Market Twits	02.09.2026 6:41:00	
Важно	⚠️🇮🇷#иран #геополитика США и Иран обменялись мощными ударами этой ночью. Трамп пообещал уничтожить Иран, если тот продолжит наносить ответные удары — Fox News	02.09.2026	6:43	Market Twits	02.09.2026 6:43:00	
Важно	⚠️🇷🇺🇪🇺#нато #геополитика Грушко заявил об огромном риске эскалации в Балтийском регионе — РИА #вэф	02.09.2026	6:46	Market Twits	02.09.2026 6:46:00	
Возможно	🇷🇺#RAGR Государство на данный момент не собирается избавляться от контрольного пакета "Русагро". РСХБ продолжит управлять активом — глава банка Борис Листов - ИФ #вэф	02.09.2026	6:48	Market Twits	02.09.2026 6:48:00	
Возможно	⚠️🇪🇺#нато #геополитика #европа Страны ЕС призвали отменить право вето по вопросам внешней политики. Система вето в последние годы регулярно парализовала работу союза стран, а сложившаяся международная обстановка требует от ЕС способности быстро и эффективно задействовать весь свой совокупный вес. — Euronews Предлагается перейти от принципа единогласия к голосованию квалифицированным большинством.	02.09.2026	6:51	Market Twits	02.09.2026 6:51:00	
Важно	⚠️🇪🇺#нато #геополитика #макро Страны НАТО ведут дело к военному столкновению с Россией — Грушко "НАТО открыто готовится к агрессивной войне с Россией, это подтверждается действиями и риторикой альянса" #вэф	02.09.2026	6:52	Market Twits	02.09.2026 6:52:00	
Возможно	Пока у государства нет планов по продаже Русагро. Она останется под управлением Россельхозбанка — Ведомости #RAGR Читать далее 👉 https://smartlab.news/i/202787 мы в max	02.09.2026	6:52	Смарт Лаб	02.09.2026 6:52:00	
Возможно	Крупные предприятия России включают в зонально-объектовую систему ПВО и участвуют в решении задач по защите объектов — Денис Мантуров Читать далее 👉 https://smartlab.news/i/202788 мы в max	02.09.2026	6:54	Смарт Лаб	02.09.2026 6:54:00	
Возможно	Россия и США видят основу для дальнейшего развития двусторонних финансовых отношений — Антон Силуанов после встречи со Скоттом Бессентом на полях G20 Читать далее 👉 https://smartlab.news/i/202789 мы в max	02.09.2026	6:56	Смарт Лаб	02.09.2026 6:56:00	
Не важно	🇷🇺#алмазы #россия #пошлины Перенос сроков введения экспортной пошлины на алмазы в России на полгода оправдан в условиях "низкого уровня" мирового рынка алмазов и цен на них, сообщил РИА Новости глава Якутии Айсен Николаев ————————— ранее Кабмин перенес срок введения экспортной пошлины на алмазы на полгода: мера вступит в силу с 1 марта 2027г #вэф	02.09.2026	6:57	Market Twits	02.09.2026 6:57:00	
Важно	Песков: Россия и Китай проработают и согласуют вопрос перевода безвизового режима между странами на постоянную основу Читать далее 👉 https://smartlab.news/i/202790 мы в max	02.09.2026	6:58	Смарт Лаб	02.09.2026 6:58:00	
Возможно	⚠️🇷🇺#дкп #россия #бизнес Бизнес ждет снижения ключевой ставки ЦБ РФ хотя бы до 10% — президент Торгово-промышленной палаты РФ Сергей Катырин, РИА #вэф	02.09.2026	6:59	Market Twits	02.09.2026 6:59:00	
Важно	НАТО открыто готовится к агрессивной войне с Россией — замглавы МИД РФ Александр Грушко Читать далее 👉 https://smartlab.news/i/202791 мы в max	02.09.2026	7:00	Смарт Лаб	02.09.2026 7:00:00	
Не важно	🇷🇺🇨🇳#россия #китай #туризм Россия и Китай намерены проработать возможность перевода двустороннего безвизового режима на постоянную основу — Песков, ТАСС	02.09.2026	7:01	Market Twits	02.09.2026 7:01:00	
Возможно	Правительство держит на контроле последствия атак на склады маркетплейсов и готовит меры поддержки бизнеса — Денис Мантуров #OZON Читать далее 👉 https://smartlab.news/i/202792 мы в max	02.09.2026	7:03	Смарт Лаб	02.09.2026 7:03:00	
Возможно	⚠️🇷🇺🇺🇸#россия #сша #геополитика Силуанов заявил Вестям, что надо продолжать диалог РФ-США и, что если будут найдены точки соприкосновения в экономике, тогда будет легче решать и вопросы в политике. Бессент заявил, что до окончания украинского конфликта не может быть и речи о смягчении санкций или новых соглашениях.	02.09.2026	7:07	Market Twits	02.09.2026 7:07:00	
Возможно	России нужны новые месторождения на 400 млн карат для сохранения текущих объемов алмазодобычи — глава Роснедр Олег Казанов #ALRS Читать далее 👉 https://smartlab.news/i/202793 мы в max	02.09.2026	7:10	Смарт Лаб	02.09.2026 7:10:00	
Возможно	🇷🇺#HYDR Меры поддержки РусГидро как первый шаг работают, принесут компании 450 млрд руб. в ближайшие пять лет "Русгидро" сохранит инвестпрограмму в 2027 году на уровне предыдущих двух лет "Русгидро" дополнительно получит 170 млрд рублей за счет механизма либерализации ГЭС "Русгидро" не заинтересована в строительстве новых ТЭС на Дальнем Востоке — член правления компании Роман Бердников, ВЭФ #вэф	02.09.2026	7:12	Market Twits	02.09.2026 7:12:00	
Не важно	🛢🇮🇳🇷🇺#нефть #россия #индия Индия наращивает закупки российской нефти ESPO — Ъ	02.09.2026	7:13	Market Twits	02.09.2026 7:13:00	
Не важно	после отчетностей 🇺🇸#DELL Dell = +8% 🇺🇸#PANW Palo Alto Networks = -2%	02.09.2026	7:15	Market Twits	02.09.2026 7:15:00	
Не важно	Перенос введения экспортной пошлины на алмазы на полгода оправдан слабой конъюнктурой мирового рынка — глава Якутии Айсен Николаев #ALRS Читать далее 👉 https://smartlab.news/i/202794 мы в max	02.09.2026	7:15	Смарт Лаб	02.09.2026 7:15:00	
Возможно	РусГидро рассчитывает получить ₽450 млрд в рамках одобренных правительством мер поддержки до 2030 года. Еще около ₽170 млрд компания планирует привлечь с рынка за счет либерализации ГЭС #HYDR Читать далее 👉 https://smartlab.news/i/202795 мы в max	02.09.2026	7:16	Смарт Лаб	02.09.2026 7:16:00	
Не важно	⚠️🌎#кибербез #ии #макро CEO Palo Alto Networks заявил, что нынешняя инфраструктура кибербезопасности вообще не готова к вызовам, которые уже начинает бросать ИИ	02.09.2026	7:17	Market Twits	02.09.2026 7:17:00	
Не важно	⬇️🌎#акции #мир Продолжается пике в мировых акциях. Азиаты продают на азиатской сессии.	02.09.2026	7:22	Market Twits	02.09.2026 7:22:00	
Не важно	⬇️🇺🇸#облигации #сша #доходности В гособлигациях США пике... Доходности растут. "Будите Бессента!"	02.09.2026	7:24	Market Twits	02.09.2026 7:24:00	
Возможно	ГК Элемент может отложить запуск производства силовой электроники «Кубик» на год — Ъ #ELMT Читать далее 👉 https://smartlab.news/i/202796 мы в max	02.09.2026	7:25	Смарт Лаб	02.09.2026 7:25:00	
Не важно	⬇️🌕#золото #серебро #платина #USD Золото, серебро, платина = пике Доллар укрепляется	02.09.2026	7:27	Market Twits	02.09.2026 7:27:00	
Не важно	⬆️🛢#нефть Нефть растет на обострении США-Иран Трамп в интервью Fox News опять пообещал уничтожить Иран, если тот продолжит наносить ответные удары. Иран обещает сильно отвечать в случае новых атак США.	02.09.2026	7:31	Market Twits	02.09.2026 7:31:00	
Возможно	Индия увеличила долю в закупках российской нефти ESPO до 16% против 12% годом ранее — Ъ #ROSN #SIBN #SNGS Читать далее 👉 https://smartlab.news/i/202797 мы в max	02.09.2026	7:33	Смарт Лаб	02.09.2026 7:33:00	
Возможно	Китай увеличил экспорт стали в СНГ на 18% г/г, усилив тем самым давление на российских металлургов — Ъ #CHMF Читать далее 👉 https://smartlab.news/i/202798 мы в max	02.09.2026	7:45	Смарт Лаб	02.09.2026 7:45:00	
Возможно	Точные условия партнерства ВТБ и RWB все еще обсуждаются. При этом ВТБ не видит причин сомневаться в устойчивости бизнес-модели Wildberries — зампред правления ВТБ Георгий Горшков — РБК #VTBR Читать далее 👉 https://smartlab.news/i/202799 мы в max	02.09.2026	7:48	Смарт Лаб	02.09.2026 7:48:00	
Возможно	🇷🇺#VTBR #wb Точные параметры стратегического партнерства ВТБ и Wildberries все еще обсуждаются. — РБК #вэф	02.09.2026	7:51	Market Twits	02.09.2026 7:51:00	
Возможно	⚠️🇷🇺#ELMT ГК «Элемент» запустит производство силовой электроники на год позже. В силу сложности проекта, его перенос не является неожиданным, считают участники рынка. — Ъ	02.09.2026	7:52	Market Twits	02.09.2026 7:52:00	
Возможно	🇦🇲🇪🇺#армения #европа #еаэс Армения в 2025 году приняла закон о евроинтеграции и фактически отказалась от референдума по вопросу выбора между Евросоюзом и ЕАЭС — Пашинян на встрече с Путиным	02.09.2026	7:56	Market Twits	02.09.2026 7:56:00	
Не важно	🇷🇺#облигации #россия Размещения корпоративных облигаций поставили августовский рекорд. Эмитенты разместили облигаций более чем на 875,1 млрд руб., на треть превысив прошлогодний показатель. — Ъ	02.09.2026	7:58	Market Twits	02.09.2026 7:58:00	
Не важно	✴️🌎#крипто #регулирование #G20 Финансовые представители стран G20 договорились установить более четкие правила в отношении цифровых активов.	02.09.2026	7:59	Market Twits	02.09.2026 7:59:00	
Не важно	Российские компании в августе привлекли через облигации рекордные ₽875 млрд, что на 37% больше м/м и на 32% г/г — Ъ Читать далее 👉 https://smartlab.news/i/202800 мы в max	02.09.2026	8:01	Смарт Лаб	02.09.2026 8:01:00	
Не важно	🇷🇺#недвижимость #россия Активность застройщиков восстанавливается, количество сделок проектного финансирования продолжает расти — Сбер, ТАСС #вэф	02.09.2026	8:03	Market Twits	02.09.2026 8:03:00	
Не важно	🌎#ии #роботы #экономика #мир ИИ и робототехника обеспечат значительный рост производительности в экономике — Маск	02.09.2026	8:07	Market Twits	02.09.2026 8:07:00	
Не важно	🇷🇺🇮🇩#FESH #индонезия FESCO открыла коммерческое представительство в Индонезии — компания #вэф	02.09.2026	8:08	Market Twits	02.09.2026 8:08:00	
Возможно	❗️🇷🇺#банки #россия #налоги В Госдуме не обсуждают введение налога на сверхприбыль банков — Аксаков, РИА #вэф	02.09.2026	8:12	Market Twits	02.09.2026 8:12:00	
Важно	🇷🇺#вэф #россия Путин прилетел во Владивосток на ВЭФ https://forumvostok.ru/	02.09.2026	8:13	Market Twits	02.09.2026 8:13:00	
Не важно	ВТБ прогнозирует рост рынка сбережений по итогам 2026 года на 8,1% Читать далее 👉 https://smartlab.news/i/202801 мы в max	02.09.2026	8:13	Смарт Лаб	02.09.2026 8:13:00	
Возможно	FESCO открыла представительство в Индонезии для расширения контейнерных перевозок в Юго-Восточной Азии #FESH Читать далее 👉 https://smartlab.news/i/202802 мы в max	02.09.2026	8:14	Смарт Лаб	02.09.2026 8:14:00	
Не важно	✴️#крипто #торги Торги бессрочными фьючерсами на традиционные активы, такие как акции, на криптобиржах стремительно набирают популярность. Объем торгов фьючерсами на такие активы на бирже Binance вырос в 15 раз с момента запуска в начале этого года - до $445 млрд — BBG	02.09.2026	8:21	Market Twits	02.09.2026 8:21:00	
Не важно	Wildberries, Ozon и Яндекс Маркет запустили оплату цифровыми рублями #OZON Читать далее 👉 https://smartlab.news/i/202803 мы в max	02.09.2026	8:24	Смарт Лаб	02.09.2026 8:24:00	
Возможно	🇷🇺#ALRS #алмазы МИНФИН СОХРАНЯЕТ РЕСУРСЫ ДЛЯ МАССОВОЙ ЗАКУПКИ АЛМАЗОВ У "АЛРОСА" В 2026 Г, НО ЦЕЛЕСООБРАЗНОСТЬ ПО-ПРЕЖНЕМУ НЕОЧЕВИДНА ТОРГОВАЯ СЕССИЯ "АЛРОСА" В АВГУСТЕ ПРОШЛА "ОЧЕНЬ ХОРОШО", ЕСТЬ ПРИЗНАКИ РОСТА СПРОСА ДАЖЕ НА МЕЛКИЕ КАМНИ - МОИСЕЕВ, ИФ #вэф	02.09.2026	8:26	Market Twits	02.09.2026 8:26:00	
Важно	🛢🇷🇺🇨🇳#GAZP ПРОЕКТ "СИЛА СИБИРИ - 2" НАХОДИТСЯ НА ЗАВЕРШАЮЩЕМ ЭТАПЕ ПЕРЕХОДА К СТРОИТЕЛЬСТВА — ЦИВИЛЕВ	02.09.2026	8:27	Market Twits	02.09.2026 8:27:00	
Не важно	Рост выручки крупнейших продуктовых сетей в I полугодии замедлился с 17,3% до 11,6% на фоне ослабления спроса и роста издержек — Ъ #LENT #X5 #MGNT Читать далее 👉 https://smartlab.news/i/202804 мы в max	02.09.2026	8:27	Смарт Лаб	02.09.2026 8:27:00	
Не важно	⬇️🇷🇺#ритейлеры #россия Крупнейшие продуктовые ритейлеры столкнулись с замедлением роста выручки в 1п 2026г. Причинами этому стали усиление конкуренции, рост издержек в том числе из-за топливного кризиса, а также снижение реальных доходов потребителей. — Ъ	02.09.2026	8:29	Market Twits	02.09.2026 8:29:00	
Возможно	Введение налога на сверхприбыль банков сейчас не обсуждается — Анатолий Аксаков Читать далее 👉 https://smartlab.news/i/202805 мы в max	02.09.2026	8:29	Смарт Лаб	02.09.2026 8:29:00	
Не важно	⚠️🇯🇵#дкп #япония #спикеры Takata (ЦБ Японии): повышение ставки вполне возможно	02.09.2026	8:31	Market Twits	02.09.2026 8:31:00	
Не важно	⚠️🇪🇺#дкп #европа #спикеры Makhlouf (ЕЦБ): ЕЦБ должен быть готов повысить ставки	02.09.2026	8:32	Market Twits	02.09.2026 8:32:00	
Возможно	Минфин сохраняет ресурсы для массовой закупки алмазов у Алроса в 2026 году, но целесообразность по-прежнему неочевидна — Моисеев #ALRS Читать далее 👉 https://smartlab.news/i/202806 мы в max	02.09.2026	8:32	Смарт Лаб	02.09.2026 8:32:00	
Важно	⚠️🇺🇦#украина #нато #геополитика Европейские спонсоры часто ездят в Киев поездом, сообщил Дмитрий Медведев	02.09.2026	8:35	Market Twits	02.09.2026 8:35:00	
Не важно	Число сделок проектного финансирования в Сбере за январь-июль выросло почти в 1,5 раза Читать далее 👉 https://smartlab.news/i/202807 мы в max	02.09.2026	8:35	Смарт Лаб	02.09.2026 8:35:00	
Не важно	❗️🇷🇺#fx #россия ДОЛЯ РУБЛЯ В МЕЖДУНАРОДНЫХ РАСЧЕТАХ ЗА ПОСЛЕДНИЙ ГОД СУЩЕСТВЕННО ВЫРОСЛА — МИНФИН, ТАСС #вэф	02.09.2026	8:37	Market Twits	02.09.2026 8:37:00	
Не важно	Доля онлайн-продаж в российской рознице к 2030 году может вырасти до 35% Читать далее 👉 https://smartlab.news/i/202808 мы в max	02.09.2026	8:37	Смарт Лаб	02.09.2026 8:37:00	
да	BUYBACK Хэдхантер: Объем: 775.79 млн. рублей 17.08.2026 - 28.08.2026 - Дата покупки Количество приобретенных акций: 285 218 шт #HEAD Читать далее 👉 https://smartlab.news/i/202809 мы в max	02.09.2026	8:37	Смарт Лаб	02.09.2026 8:37:00	
Не важно	Высокие ставки могут запустить консолидацию рынка жилья через продажу проектов и земельных участков — зампред правления Сбербанка Анатолий Попов Читать далее 👉 https://smartlab.news/i/202811 мы в max	02.09.2026	8:40	Смарт Лаб	02.09.2026 8:40:00	
Не важно	⚠️🌎#ии #хак #кибербез OpenAI заявила, что ее новый ИИ «Astra» способен создавать кибератаки без участия человека. —————————— ранее сообщалось, что 700 ИИ-агентов OpenAI самостоятельно нашли друг друга и создали тайный чат, чтобы взломать другую платформу ИИ CEO Palo Alto Networks заявил, что нынешняя инфраструктура кибербезопасности вообще не готова к вызовам, которые уже начинает бросать ИИ	02.09.2026	8:42	Market Twits	02.09.2026 8:42:00	
Не важно	🇷🇺#смп #россия #прогноз Россия планирует к 2030 году проводить от 70 до 100 млн тонн грузов по Северному морскому пути (СМП) — министр по развитию Дальнего Востока и Арктики Алексей Чекунков, Известия #вэф	02.09.2026	8:48	Market Twits	02.09.2026 8:48:00	
Возможно	Налоговые льготы для пострадавших селлеров Wildberries могут распространить на другие маркетплейсы — РБК #OZON Читать далее 👉 https://smartlab.news/i/202812 мы в max	02.09.2026	8:48	Смарт Лаб	02.09.2026 8:48:00	
Важно	⚠️🇮🇷#иран #геополитика #трамп Трамп заявил, что больше не заинтересован в переговорах с Ираном	02.09.2026	8:50	Market Twits	02.09.2026 8:50:00	
Не важно	🇷🇺#ии #россия Россия может "катастрофически отстать" как страна, развивающая ИИ, если откажется от использования открытых ИИ-моделей — член правления АО «Яндекс Рус» Тигран Худавердян, ТАСС #вэф	02.09.2026	8:55	Market Twits	02.09.2026 8:55:00	
Возможно	Трамп заявил, что больше не стремится к достижению договоренностей с Ираном Читать далее 👉 https://smartlab.news/i/202813 мы в max	02.09.2026	8:55	Смарт Лаб	02.09.2026 8:55:00	
Возможно	🇷🇺#FESH FESCO и «Восточная биржа» будут совместно развивать логистику поставок по биржевым сделкам — компания #вэф	02.09.2026	8:56	Market Twits	02.09.2026 8:56:00	
Возможно	Разрыв дипломатических отношений между Россией и Германией пока не обсуждается — МИД РФ Читать далее 👉 https://smartlab.news/i/202815 мы в max	02.09.2026	8:56	Смарт Лаб	02.09.2026 8:56:00	
Не важно	🔔 Доброе утро! Сегодня, 02.09, событий не ожидается! 📆 Полный календарь тут: https://smart-lab.ru/calendar/stocks/ ✊Удачных инвестиций!	02.09.2026	9:00	Смарт Лаб	02.09.2026 9:00:00	
Возможно	🇷🇺#ipo #россия До трех IPO могут состояться в России до конца 2026 г — ВТБ #вэф	02.09.2026	9:03	Market Twits	02.09.2026 9:03:00	
Возможно	FESCO и Восточная биржа договорились развивать логистику поставок по договорам, заключенным в ходе биржевых торгов #FESH Читать далее 👉 https://smartlab.news/i/202817 мы в max	02.09.2026	9:03	Смарт Лаб	02.09.2026 9:03:00	
Не важно	🚫🛢🇪🇺#газ #европа ТАСС: Европа завершила лето с самыми низкими запасами газа за всю историю Цены на газ в Европе обновляют 3-летние максимумы Ситуация в Ормузе ухудшается	02.09.2026	9:05	Market Twits	02.09.2026 9:05:00	
Не важно	МНЕНИЕ: Выдачи рыночной ипотеки по итогам года могут вырасти в 2,5 раза г/г, до ₽2,4 трлн — прогноз ВТБ Читать далее 👉 https://smartlab.news/i/202818 мы в max	02.09.2026	9:05	Смарт Лаб	02.09.2026 9:05:00	
Не важно	✴️#HYPE #крипто #cot Компания Hyperliquid Strategies (#PURR) увеличила совокупную мощность своего механизма долевого финансирования ChEF до $2,5 с $1 млрд — раскрытие Ожидается, что теперь компания будет покупать еще больше токенов HYPE на баланс Сам проект Hyperliquid является лидером среди всех криптопроектов по объему buyback своих токенов HYPE Bitwise, Grayscale в июле - августе говорили, что токен HYPE сейчас все еще очень дешев и может вырасти в разы.	02.09.2026	9:11	Market Twits	02.09.2026 9:11:00	
да	🇷🇺#AFLT #spo ЗАДАЧИ ПРОДАТЬ ГОСПАКЕТ АЭРОФЛОТА НА SPO "ЛЮБОЙ ЦЕНОЙ" НЕТ, ВНИМАТЕЛЬНО СМОТРИМ НА ДИНАМИКУ РЫНКА ПАКЕТ ДЛЯ SPO АЭРОФЛОТА ЧАСТИЧНО СОСТОИТ ИЗ АКЦИЙ ФНБ, ПОЭТОМУ БУДЕТ УЧИТЫВАТЬСЯ ЦЕНА ИХ ПОКУПКИ В ФОНД - МОИСЕЕВ, ИФ #вэф	02.09.2026	9:12	Market Twits	02.09.2026 9:12:00	
Возможно	Задачи любой ценой продать госпакет Аэрофлота на SPO нет. Минфин будет учитывать текущую динамику рынка, а также стоимость приобретения акций, находящихся на балансе ФНБ — Алексей Моисеев #AFLT Читать далее 👉 https://smartlab.news/i/202819 мы в max	02.09.2026	9:15	Смарт Лаб	02.09.2026 9:15:00	
Возможно	🛢#спг #ормуз Катар и ОАЭ начали поставлять СПГ с судна на судно в обход Ормузского пролива — RTRS	02.09.2026	9:17	Market Twits	02.09.2026 9:17:00	
Возможно	🛢🇷🇺#GAZP "Силу Сибири 2" могут переименовать в "Силу Байкала" — Цивилев #вэф	02.09.2026	9:19	Market Twits	02.09.2026 9:19:00	
Не важно	🇨🇳#сталь #китай #металлы Экспорт китайской стали в СНГ вырос с начала года на 18%. Российские металлурги отмечают давление — Ъ	02.09.2026	9:20	Market Twits	02.09.2026 9:20:00	
Возможно	Генеральный директор FESCO Петр Иванов: 💰Чистая прибыль по итогам года будет 📈 Стоимость перевозок растет, сильнее всего на Ближний Восток ⚠️ Перевозки по Чёрному морю по-прежнему ограничены из-за атак беспилотников #FESH Читать далее 👉 https://smartlab.news/i/202820 мы в max	02.09.2026	9:23	Смарт Лаб	02.09.2026 9:23:00	
да	❗️🇷🇺#fx #россия #крипто НЕ ДУМАЮ, ЧТО ЕСТЬ НЕОБХОДИМОСТЬ ВОЗВРАЩАТЬСЯ К НЕНУЛЕВЫМ НОРМАТИВАМ ПРОДАЖИ ВАЛЮТНОЙ ВЫРУЧКИ, МОНИТОРИНГ РАБОТАЕТ ХОРОШО МИНФИН РФ БУДЕТ ГОТОВИТЬ ПРЕДЛОЖЕНИЯ О ВКЛЮЧЕНИИ КРИПТОВАЛЮТЫ В ПЕРИМЕТР МОНИТОРИНГА В РАМКАХ УКАЗА ОБ ОБЯЗАТЕЛЬНОЙ ПРОДАЖЕ ВАЛЮТНОЙ ВЫРУЧКИ -- МОИСЕЕВ, ИФ #вэф	02.09.2026	9:24	Market Twits	02.09.2026 9:24:00	
Возможно	Минфин РФ не считает необходимым возвращаться к ненулевым нормативам обязательной продажи валютной выручки. Минфин РФ планирует включить криптовалюты в систему валютного мониторинга — замминистра финансов Алексей Моисеев Читать далее 👉 https://smartlab.news/i/202821 мы в max	02.09.2026	9:27	Смарт Лаб	02.09.2026 9:27:00	
Не важно	⬆️#сахар = новый макс с апреля 2025 г	02.09.2026	9:35	Market Twits	02.09.2026 9:35:00	
Возможно	Системы накопления энергии могут появиться в Сибири — ТАСС #FEES Читать далее 👉 https://smartlab.news/i/202822 мы в max	02.09.2026	9:35	Смарт Лаб	02.09.2026 9:35:00	
Важно	🇺🇦#украина #геополитика #событие Лавров может встретиться с Рубио на полях Генассамблеи ООН в сентябре — Мария Захарова, РИА	02.09.2026	9:42	Market Twits	02.09.2026 9:42:00	
Важно	Лавров может встретиться с Рубио на полях Генассамблеи ООН в сентябре — Мария Захарова Читать далее 👉 https://smartlab.news/i/202823 мы в max	02.09.2026	9:44	Смарт Лаб	02.09.2026 9:44:00	
Важно	Лавров и Рубио регулярно сверяют позиции по Украине и двусторонним отношениям — Мария Захарова Читать далее 👉 https://smartlab.news/i/202824 мы в max	02.09.2026	9:46	Смарт Лаб	02.09.2026 9:46:00	
Возможно	#Политика Лавров может встретиться с Рубио на полях Генассамблеи ООН в сентябре — Мария Захарова	02.09.2026	9:48	Шпион РЦБ	02.09.2026 9:48:00	
Важно	#Макро #Крипто МИНФИН РФ БУДЕТ ГОТОВИТЬ ПРЕДЛОЖЕНИЯ О ВКЛЮЧЕНИИ КРИПТОВАЛЮТЫ В ПЕРИМЕТР МОНИТОРИНГА В РАМКАХ УКАЗА ОБ ОБЯЗАТЕЛЬНОЙ ПРОДАЖЕ ВАЛЮТНОЙ ВЫРУЧКИ	02.09.2026	9:50	Шпион РЦБ	02.09.2026 9:50:00	
Возможно	Временное управление критическими объектами будут отменять после восстановления или обеспечения их безопасности — Денис Мантуров Читать далее 👉 https://smartlab.news/i/202825 мы в max	02.09.2026	9:52	Смарт Лаб	02.09.2026 9:52:00	
Не важно	#Нефтянка Индия увеличивает долю в закупках российской нефти сорта ESPO, отгружаемой из порта Козьмино на Дальнем Востоке — Коммерсантъ за семь месяцев на страну пришлось 16% поставок против 12% годом ранее. Доля крупнейшего покупателя — Китая — сократилась с 88% до 83%. Традиционно индийские НПЗ в первую очередь ориентированы на Urals, а наращивать импорт ESPO они могут из-за снижения китайского спроса или перебоев с поставками, поясняют аналитики. Экспорт российской смеси ESPO (ВСТО) из порта Козьмино по итогам семи месяцев 2026 года вырос на 6% год к году, до 28,2 млн тонн. Как отмечают аналитики, цена на ESPO в китайских портах за неделю выросла на $1,5 за баррель, до премии $2,5 за баррель к декабрьским фьючерсам на Brent.	02.09.2026	9:54	Шпион РЦБ	02.09.2026 9:54:00	
Не важно	⬆️🇷🇺#недвижимость #россия В августе новостройки подорожали почти в 70% округов Москвы — РБК	02.09.2026	9:55	Market Twits	02.09.2026 9:55:00	
Возможно	❗️🇷🇺#NMTP #spo МИНФИН РФ СОХРАНЯЕТ ПЛАНЫ ПРОДАТЬ ГОСДОЛЮ В НМТП ЕДИНЫМ ПАКЕТОМ ДО КОНЦА ГОДА — МОИСЕЕВ, ИФ #вэф	02.09.2026	9:57	Market Twits	02.09.2026 9:57:00	
Не важно	ЦОДы начали усиливать защиту от БПЛА, что может привести к росту стоимости их услуг — Ъ #RTKM Читать далее 👉 https://smartlab.news/i/202826 мы в max	02.09.2026	9:57	Смарт Лаб	02.09.2026 9:57:00	
Возможно	Проект газопровода "Сила Сибири - 2" находится на завершающем этапе перехода к строительству и может получить новое имя - "Сила Байкала" — глава Минэнерго Сергей Цивилев #GAZP Читать далее 👉 https://smartlab.news/i/202827 мы в max	02.09.2026	9:58	Смарт Лаб	02.09.2026 9:58:00	
Возможно	Минфин РФ сохраняет планы продать госдолю в НМТП единым пакетом до конца года — замглавы ведомства Алексей Моисеев #NMTP Читать далее 👉 https://smartlab.news/i/202828 мы в max	02.09.2026	9:59	Смарт Лаб	02.09.2026 9:59:00	
Возможно	🇷🇺#SBER #ipo "Сбер" пока не видит перспектив IPO для компаний своей экосистемы — ТАСС #вэф	02.09.2026	10:00	Market Twits	02.09.2026 10:00:00	
Возможно	🇷🇺#SBER #отчетность 9 сентября - СБЕР - финрезы 8м 2026г	02.09.2026	10:03	Market Twits	02.09.2026 10:03:00	
Не важно	⬇️🇷🇺#IMOEX = -0.8% на открытии	02.09.2026	10:05	Market Twits	02.09.2026 10:05:00	
Не важно	Россиянин в среднем потребляет в год 23-23,5 кг рыбы при норме в 28 кг — руководитель Росрыболовства Илья Шестаков #AQUA РФ ежегодно поставляет в ЕС рыбы на сумму более $200 млн. Читать далее 👉 https://smartlab.news/i/202829 мы в max	02.09.2026	10:06	Смарт Лаб	02.09.2026 10:06:00	
Возможно	#Политика Странам G20 не удалось согласовать совместное коммюнике из-за Китая — Коммерсантъ Китай не согласился с заявлением о том, что «нерыночная экономика, постоянно генерирующая дешевую экспортную продукцию, не является устойчивой». Как уточнили в Минфине США, Пекин также выступил против пунктов, в которых выражалась обеспокоенность перебоями в судоходстве в Ормузском проливе, а также поддержка мониторинга дисбалансов МВФ.	02.09.2026	10:06	Шпион РЦБ	02.09.2026 10:06:00	
Не важно	МНЕНИЕ: Ренессанс Капитал понизил прогноз по дивиденду Транснефти на 2026 год с 180 до 159 рублей и 12-месячную целевую цену до 1300 руб./акцию Читать далее 👉 https://smartlab.news/i/202830 мы в max	02.09.2026	10:07	Смарт Лаб	02.09.2026 10:07:00	
Не важно	🇺🇸#сша #today Apple, вслед за Google, переименовал на своих картах озеро Онтарио в «озеро Америка»	02.09.2026	10:09	Market Twits	02.09.2026 10:09:00	
Не важно	⚠️✴️#USDT #контроль #стейблкоиины #крипто #суд Двое тайских бизнесменов — Наттхават Рактхаммачалерн и Наттхават Касамвилас подали на Tether в суд за заморозку их $42.4 млн в USDT без судебного ордера, повестки или иного формального правового основания.	02.09.2026	10:12	Market Twits	02.09.2026 10:12:00	
Не важно	До конца 2026 года мы ожидаем до трех IPO — зампред правления ВТБ Виталий Сергейчук Читать далее 👉 https://smartlab.news/i/202831 мы в max	02.09.2026	10:17	Смарт Лаб	02.09.2026 10:17:00	
Возможно	Таможенная подкомиссия поддержала предложение Минэкономразвития об обнулении до 31 декабря 2026 года гибкой пошлины на экспорт пшеницы #NKHP #RAGR Читать далее 👉 https://smartlab.news/i/202832 мы в max	02.09.2026	10:21	Смарт Лаб	02.09.2026 10:21:00	
Возможно	#IPO До конца 2026 года мы ожидаем до трех IPO при наличии подходящей рыночной конъюнктуры, сообщил зампред правления ВТБ Виталий Сергейчук	02.09.2026	10:23	Шпион РЦБ	02.09.2026 10:23:00	
Не важно	🇷🇺#пошлины #зерно #россия ЭКСПОРТНЫЕ ‌ПОШЛИНЫ ​НА ​ЗЕРНО ​В ⁠РОССИИ ‌ОБНУЛЯЮТСЯ ‌ДО ​31 ‌ДЕКАБРЯ ​2026 ‌Г., ​НА ​ПОДСОЛНЕЧНОЕ ‌МАСЛО ​И ​ШРОТ - ⁠ФИКСИРУЮТСЯ ‌НА ‌УРОВНЕ ​АВГУСТА — МИНЭК	02.09.2026	10:28	Market Twits	02.09.2026 10:28:00	
Не важно	📈Газ на европейских площадках сегодня ночью в моменте подорожал до $900 за тыс кубов #GAZP Читать далее 👉 https://smartlab.news/i/202833 мы в max	02.09.2026	10:28	Смарт Лаб	02.09.2026 10:28:00	
Не важно	#Макро Министр экономического развития РФ Максим Решетников спрогнозировал рост российского ВВП по итогам 2026 года на уровне порядка 0,6%. "Текущая наша оценка — порядка 0,6% пунктов, то, что мы ждем по итогам года, это чуть больше, чем у нас было", - сказал он.	02.09.2026	10:28	Шпион РЦБ	02.09.2026 10:28:00	
Не важно	🇷🇺#экономика #россия #прогноз Решетников прогнозирует рост ВВП РФ выше ожидаемых оценок по итогам 2026 года - на уровне порядка 0,6% — ТАСС #вэф	02.09.2026	10:31	Market Twits	02.09.2026 10:31:00	
Не важно	ГТЛК поставит Ютэйр 26 вертолетов по договору лизинга #UTAR Читать далее 👉 https://smartlab.news/i/202834 мы в max	02.09.2026	10:31	Смарт Лаб	02.09.2026 10:31:00	
Не важно	⬇️🌎#облигации Распродажа госбондов по всему миру усиливается — RTRS	02.09.2026	10:34	Market Twits	02.09.2026 10:34:00	
Не важно	⬇️🇪🇺#акции #европа Европейские акции на минимуме за месяц — RTRS	02.09.2026	10:37	Market Twits	02.09.2026 10:37:00	
Не важно	Население России начнет молодеть к концу 60-х годов текущего века — замруководителя Росстата Сергей Окладников Читать далее 👉 https://smartlab.news/i/202835 мы в max	02.09.2026	10:37	Смарт Лаб	02.09.2026 10:37:00	
Не важно	⬆️🛢🇪🇺#газ #европа Цена газа в Европе превышала $900 за 1 тыс. куб. м впервые с конца 2022г	02.09.2026	10:38	Market Twits	02.09.2026 10:38:00	
Важно	Аксаков: Россияне из-за снижения ключевой ставки все-таки начали перемещать сбережения из банковской системы на финансовый рынок Читать далее 👉 https://smartlab.news/i/202836 мы в max	02.09.2026	10:42	Смарт Лаб	02.09.2026 10:42:00	
Не важно	⚠️🇷🇺#авиа #россия #геополитика Турецкие авиакомпании массово задерживают и отменяют рейсы в Москву из-за ситуации в небе, сообщают СМИ Представители одной из турецкой авиакомпании официально мотивировали данное решение резким изменением ситуации с безопасностью в воздушном пространстве над европейской частью России, добавив, что местная турецкая сторона временно ввела запрет на выполнение полетов в московском направлении для национальных операторов. ———————————- Вчера Зеленский анонсировал кампанию по "закрытию неба" над Россией	02.09.2026	10:46	Market Twits	02.09.2026 10:46:00	
Не важно	Мантуров: Есть предприятия, которым уже неоднократно указывали на недостатки в их работе по обеспечению безопасности и восстановлению пострадавших объектов «Вопросы по ним будут рассматриваться в первую очередь», — сказал он. Читать далее 👉 https://smartlab.news/i/202837 мы в max	02.09.2026	10:46	Смарт Лаб	02.09.2026 10:46:00	
Возможно	#Политика ЭКСПОРТНЫЕ ‌ПОШЛИНЫ ​НА ​ЗЕРНО ​В ⁠РОССИИ ‌ОБНУЛЯЮТСЯ ‌ДО ​31 ‌ДЕКАБРЯ ​2026 ‌Г., ​НА ​ПОДСОЛНЕЧНОЕ ‌МАСЛО ​И ​ШРОТ - ⁠ФИКСИРУЮТСЯ ‌НА ‌УРОВНЕ ​АВГУСТА — МИНЭК	02.09.2026	10:46	Шпион РЦБ	02.09.2026 10:46:00	
Возможно	Силуанов в настоящее время не находится под американскими санкциями — глава Минфина США Скотт Бессент Читать далее 👉 https://smartlab.news/i/202838 мы в max	02.09.2026	10:49	Смарт Лаб	02.09.2026 10:49:00	
Возможно	🇷🇺#SMLT Девелопер "Самолет" выкупает долю партнера в проекте жилого комплекса на улице Сабанеева во Владивостоке — РИА #вэф	02.09.2026	10:50	Market Twits	02.09.2026 10:50:00	
Не важно	🇷🇺#авто #россия #прогноз ТАСС: "Автоваз": рынок легковых авто в 2026-2027 годах будет оставаться на уровне 2025 года #вэф	02.09.2026	10:52	Market Twits	02.09.2026 10:52:00	
Возможно	🇷🇺#FESH FESCO намерена втрое нарастить емкость контейнерного флота к 2030 г — интервью РБК #вэф	02.09.2026	10:53	Market Twits	02.09.2026 10:53:00	
Не важно	🇷🇺#событие #ии #россия Александр Ведяхин: Международная конференция по искусственному интеллекту AI Journey пройдёт с 25 по 27 ноября в Москве	02.09.2026	10:54	Market Twits	02.09.2026 10:54:00	
Не важно	Доля мигрантов на стройках РФ за последний год увеличилась примерно на 5% — глава НОСТРОЙ Антон Глушков Читать далее 👉 https://smartlab.news/i/202839 мы в max	02.09.2026	10:54	Смарт Лаб	02.09.2026 10:54:00	
Не важно	#FESH FESCO намерена втрое нарастить емкость контейнерного флота к 2030 г	02.09.2026	10:54	Шпион РЦБ	02.09.2026 10:54:00	
Возможно	⚠️🇪🇺🇷🇺#конфискация #россия Министр иностранных дел Украины считает "справедливым подходом" начать "серьезное обсуждение" использования замороженных российских активов	02.09.2026	10:57	Market Twits	02.09.2026 10:57:00	
Не важно	Девелопер Самолет выкупает долю партнера в проекте жилого комплекса во Владивостоке #SMLT Читать далее 👉 https://smartlab.news/i/202840 мы в max	02.09.2026	10:58	Смарт Лаб	02.09.2026 10:58:00	
Возможно	⬆️🇷🇺#экономика #россия #прогноз МИНЭК ПОВЫСИЛ ОЦЕНКУ РОСТА ВВП РФ В 2026Г ДО 0,6% С 0,4% -- РЕШЕТНИКОВ #вэф	02.09.2026	11:00	Market Twits	02.09.2026 11:00:00	
Важно	❗️🇷🇺#авиа #россия #геополитика РОССИЯ НЕ ДОПУСТИТ КАКИХ-ТО ЗНАЧИМЫХ ПЕРЕРЫВОВ В РАБОТЕ ГРАЖДАНСКОЙ АВИАЦИИ - НИКИТИН, КОММЕНТИРУЯ СЛОВА ЗЕЛЕНСКОГО РОССИЯ СВОЕВРЕМЕННО РЕАГИРУЕТ НА УГРОЗЫ ГРАЖДАНСКОЙ АВИАЦИИ, РОСАВИАЦИЯ РАБОТАЕТ В РЕЖИМЕ ОПЕРАТИВНОГО ДИАЛОГА СО СПЕЦСЛУЖБАМИ И МИНОБОРОНЫ — НИКИТИН, РИА ВСЕ ВЕДОМСТВА РАБОТАЮТ В ТЕСНЕЙШЕЙ КООРДИНАЦИИ ДЛЯ ПРЕДОТВРАЩЕНИЯ УГРОЗ АВИАСООБЩЕНИЮ — НИКИТИН В РОССИИ НЕ ДОПУСТЯТ ЗНАЧИМЫХ ПЕРЕРЫВОВ В РАБОТЕ ГРАЖДАНСКОЙ АВИАЦИИ, ПРОКОММЕНТИРОВАЛ ГЛАВА МИНТРАНСА РФ УГРОЗЫ ЗЕЛЕНСКОГО — ТАСС	02.09.2026	11:00	Market Twits	02.09.2026 11:00:00	
Не важно	Fesco планирует до 2030 года увеличить емкость контейнерного флота в 3 раза — гендиректор Петр Иванов #FESH Читать далее 👉 https://smartlab.news/i/202841 мы в max	02.09.2026	11:00	Смарт Лаб	02.09.2026 11:00:00	
Не важно	Полюс запустил ключевые объекты электроснабжения стратегического инвестпроекта компании в Алданском районе Республики Саха (Якутия) #PLZL Читать далее 👉 https://smartlab.news/i/202842 мы в max	02.09.2026	11:03	Смарт Лаб	02.09.2026 11:03:00	
Возможно	Мы не допустим каких-то значимых перерывов в работе гражданской авиации — глава Минтранса Никитин, комментируя угрозы Зеленского #AFLT Читать далее 👉 https://smartlab.news/i/202843 мы в max	02.09.2026	11:07	Смарт Лаб	02.09.2026 11:07:00	
Не важно	МНЕНИЕ: По нашим оценкам, MOEX торгуется с мультипликатором 5,0x P/E 2026П, что мы считаем справедливым уровнем. Данные об объемах торгов за август оцениваем как нейтральные — АТОН #MOEX Читать далее 👉 https://smartlab.news/i/202844 мы в max	02.09.2026	11:08	Смарт Лаб	02.09.2026 11:08:00	
Возможно	Глава ВТБ Андрей Костин считает "стремом" игнорировать сообщения от руководства после 18:00 #VTBR Читать далее 👉 https://smartlab.news/i/202845 мы в max	02.09.2026	11:09	Смарт Лаб	02.09.2026 11:09:00	
Возможно	#NMTP Минфин сохраняет планы продать госдолю НМТП до конца года — Ведомости Сейчас проходят оценочные мероприятия. Продажа указана в плане на этот год.	02.09.2026	11:09	Шпион РЦБ	02.09.2026 11:09:00	
Не важно	Население Европы за отказ от российского газа платит деиндустриализацией, безработицей, потерей возможности учиться — замглавы МИД РФ Александр Грушко Читать далее 👉 https://smartlab.news/i/202846 мы в max	02.09.2026	11:15	Смарт Лаб	02.09.2026 11:15:00	
Важно	⚠️🇪🇺🇷🇺#нато #россия #геополитика Каллас вызвала и.о. постпреда России при ЕС после инцидента в Лейпциге	02.09.2026	11:16	Market Twits	02.09.2026 11:16:00	
Возможно	Минэкономразвития ожидает рост ВВП РФ в 2026 году на 0,6% — глава ведомства Максим Решетников Министерство в сентябре представит уточненный макропрогноз на 2026-2029 годы. Читать далее 👉 https://smartlab.news/i/202848 мы в max	02.09.2026	11:18	Смарт Лаб	02.09.2026 11:18:00	
Важно	🚫🛢#ормуз #геополитика КСИР сообщил, что несколько часов назад два нефтяных танкера подорвались на минах и загорелись в Ормузе — Shia News ————————— Трамп утверждает, что Ормуз разминирован	02.09.2026	11:19	Market Twits	02.09.2026 11:19:00	
Возможно	Текущее охлаждение экономики является естественным этапом экономического цикла, предыдущий этап бурного роста привел к росту инфляции — глава Минэкономразвития Решетников «И понятно, что эта концентрация на снижении инфляции, она привела к тому, что кредит естественным образом поджался, и, соответственно, процентные ставки выросли, и темпы роста снизились, что говорит, кстати, о нормальном характере нашей экономики", — заявил Решетников. Читать далее 👉 https://smartlab.news/i/202849 мы в max	02.09.2026	11:22	Смарт Лаб	02.09.2026 11:22:00	
Не важно	Рост цен на золото где-то еще в самом начале своего пути — замминистра финансов Алексей Моисеев Читать далее 👉 https://smartlab.news/i/202850 мы в max	02.09.2026	11:27	Смарт Лаб	02.09.2026 11:27:00	
Не важно	#Инвестиции Зачем инвестору второй паспорт? Паспорт фактически стал еще одним фактором, который приходится учитывать при управлении капиталом. Банковский комплаенс, доступ к отдельным юрисдикциям, возможность открыть счет или купить актив за рубежом — многое сегодня зависит не только от происхождения денег, но и от гражданства владельца. Один из вариантов решить эту проблему — программы гражданства за инвестиции (CBI). Ключевое отличие от классической эмиграции в том, что для получения второго паспорта обычно не требуется переезжать в страну и жить там несколько лет. В зависимости от программы оформление может занимать от нескольких месяцев, а некоторые процедуры проходят дистанционно. Второе гражданство в таком случае используется как дополнительная инфраструктура: для путешествий, международного бизнеса, банковских операций и диверсификации юрисдикционных рисков. При этом для граждан РФ доступно уже далеко не всё, а требования банков и самих программ регулярно меняются. На канале Pro Vanuatu разбирают действующие программы гражданства за инвестиции, требования к заявителям и конкретные кейсы. Команда работает по лицензиям в четырех странах. Подробнее о доступных вариантах	02.09.2026	11:30	Шпион РЦБ	02.09.2026 11:30:00	
Возможно	⬆️🇷🇺#ALRS #алмазы АЛРОСА сообщила о резком росте спроса на инвестиционные бриллианты в России «В условиях растущего дефицита крупных алмазов и бриллиантов, который стал заметен еще в прошлом году, наблюдается повышенный интерес к инвестициям в бриллианты со стороны состоятельных клиентов Private Banking и Premium Banking в нашей стране»	02.09.2026	11:31	Market Twits	02.09.2026 11:31:00	
Возможно	КСИР: Два танкера подорвались на минах в Ормузском проливе Читать далее 👉 https://smartlab.news/i/202852 мы в max	02.09.2026	11:36	Смарт Лаб	02.09.2026 11:36:00	
Не важно	Стратегические запасы нефти в США достигли 44-летнего минимума на фоне войны в Иране и глобального дефицита энергоресурсов Читать далее 👉 https://smartlab.news/i/202853 мы в max	02.09.2026	11:43	Смарт Лаб	02.09.2026 11:43:00	
Не важно	Рынок новых легковых и коммерческих автомобилей в 2026 и в 2027 году будет оставаться примерно на уровне прошлого года - это 1,4-1,45 млн ед — вице-президент Автоваза Сергей Громак #AVAZ #SVAV «Фундаментальных оснований для существенного роста рынка мы не видим», — сказал он. Читать далее 👉 https://smartlab.news/i/202854 мы в max	02.09.2026	11:48	Смарт Лаб	02.09.2026 11:48:00	
Не важно	⬆️🛢#нефть BRENT > $97 ABC News: объем стратегических запасов нефти США упал до нового 44-летнего минимума	02.09.2026	11:50	Market Twits	02.09.2026 11:50:00	
Возможно	Сбербанк не планирует IPO компаний своей экосистемы — финдиректор Тарас Скворцов #SBER Читать далее 👉 https://smartlab.news/i/202855 мы в max	02.09.2026	11:50	Смарт Лаб	02.09.2026 11:50:00	
Возможно	❗️🇷🇺#BTBR #дивиденд СД В2В-РТС: ДИВИДЕНДЫ 1П 2026Г 4.61 РУБ/АКЦ ВОСА - 30 сентября отсечка - 11 октября	02.09.2026	11:54	Market Twits	02.09.2026 11:54:00	
Не важно	Энергопотребление в РФ с начала года снизилось на 0,1% — глава "Системного оператора" Федор Опадчий #HYDR #TGKA Читать далее 👉 https://smartlab.news/i/202856 мы в max	02.09.2026	11:54	Смарт Лаб	02.09.2026 11:54:00	
Не важно	🇷🇺#ecommerce #россия Россия планирует наращивать долю онлайн-торговли в розничном обороте и ВВП — Минпромторг #вэф	02.09.2026	11:56	Market Twits	02.09.2026 11:56:00	
Возможно	МНЕНИЕ: Аксаков прогнозирует сохранение ключевой ставки на уровне 14% годовых по итогам сентябрьского заседания ЦБ Читать далее 👉 https://smartlab.news/i/202857 мы в max	02.09.2026	11:57	Смарт Лаб	02.09.2026 11:57:00	
Не важно	СД В2В-РТС рекомендовал дивиденды за 1п 2026 г. в размере 4,61 руб/акция (ДД 3,7%), отсечка - 11 октября #BTBR Читать далее 👉 https://smartlab.news/i/202858 мы в max	02.09.2026	11:57	Смарт Лаб	02.09.2026 11:57:00	
Не важно	⬇️🇨🇳 #625HK = -5% Акции азиатского конкурента Amazon, китайского онлайн-ритейлера Shein опять падают на торгах в Гонконге вчера были дебютные торги, акции падали на 10%	02.09.2026	12:00	Market Twits	02.09.2026 12:00:00	
Возможно	⬆️🇷🇺#банки #россия #отчетность ЦБ ПОВЫСИЛ ПРОГНОЗ ПО ЧИСТОЙ ПРИБЫЛИ РОССИЙСКИХ БАНКОВ В 2026 ГОДУ ДО 3,9-4,4 ТРЛН РУБ С 3,4-3,9 ТРЛН РУБ обзор	02.09.2026	12:00	Market Twits	02.09.2026 12:00:00	
Возможно	Чистая прибыль банковского сектора за 1п 2026г выросла на 36% г/г до 2,3 трлн руб — ЦБ РФ #SBER #VTBR Читать далее 👉 https://smartlab.news/i/202859 мы в max	02.09.2026	12:02	Смарт Лаб	02.09.2026 12:02:00	
Возможно	ЦБ РФ повысил прогноз прибыли банковского сектора на 2026 год до 3,9-4,4 трлн с 3,4-3,9 трлн руб #SBER #VTBR Читать далее 👉 https://smartlab.news/i/202860 мы в max	02.09.2026	12:05	Смарт Лаб	02.09.2026 12:05:00	
Возможно	💥🇷🇺#SPBE #отчетность Август на СПБ Бирже: рост совокупного объёма торгов и серия рекордов по неоактивам отчет	02.09.2026	12:06	Market Twits	02.09.2026 12:06:00	
Не важно	ЦБ РФ: Выдачи ипотеки во 2кв 2026г выросли на 12% до 1,2 трлн руб #SBER #VTBR Читать далее 👉 https://smartlab.news/i/202861 мы в max	02.09.2026	12:14	Смарт Лаб	02.09.2026 12:14:00	
Возможно	⚠️🇷🇺#дкп #россия #прогноз Банк России на заседании в сентябре сохранит ключевую ставку на уровне 14% годовых, ожидает Анатолий Аксаков — ПРАЙМ #вэф	02.09.2026	12:16	Market Twits	02.09.2026 12:16:00	
Не важно	🇷🇺#брокеры #ии #россия В скором времени инвестору не придется искать нужную функцию по разделам приложения. Цифровой сервис будет строить путь от задачи к осознанному действию – с учетом опыта клиента, состава портфеля и контекста обращения. ИИ сможет находить нужную информацию и объяснять сложные вещи простым языком. Но окончательное решение должно оставаться за инвестором. «Будущее таких сервисов – меньше навигации по меню и больше осмысленного диалога с клиентом», – отмечает директор блока цифрового бизнеса «БКС Мир инвестиций» Александр Головин. В интервью CNews он рассказал, как его компания измеряет пользу обновлений: любая новая функция должна начинаться с вопроса «какую задачу пытается решить клиент?», то есть с конкретной потребности человека. В начале лета БКС завершил одно из самых масштабных обновлений мобильного приложения, изменилась его архитектура, улучшены клиентские пути. Все наиболее важные действия вынесены на главные экраны, второстепенные – убраны глубже, количество переходов и кликов сократилось. В БКС спокойно относятся к тому, что продуктовые решения компании начинают повторять другие крупные брокеры, это поднимает планку для всего рынка и повышает удобство для инвесторов. «Другие участники рынка видят то, что мы уже запустили, а наша команда в это время работает над новым шагом», – отметил Александр Головин.	02.09.2026	12:19	Market Twits	02.09.2026 12:19:00	
Не важно	Совокупный объём торгов ценными бумагами и неоактивами на СПБ Бирже в августе 2026 г. вырос в 2,7 раза м/м до 716,86 млрд руб #SPBE Читать далее 👉 https://smartlab.news/i/202862 мы в max	02.09.2026	12:20	Смарт Лаб	02.09.2026 12:20:00	
Не важно	ОАК должна в 2028 году выпустить 6 самолетов Ил-114-300, а затем выйти на производство 12 самолетов в год — управляющий директор "Ил" Даниил Бренерман #UNAC Читать далее 👉 https://smartlab.news/i/202863 мы в max	02.09.2026	12:23	Смарт Лаб	02.09.2026 12:23:00	
Не важно	Алроса: Спрос на инвестиционные бриллианты в России во 2кв2026 вырос на 39% к/к #ALRS Читать далее 👉 https://smartlab.news/i/202864 мы в max	02.09.2026	12:26	Смарт Лаб	02.09.2026 12:26:00	
Не важно	Вложения Русгидро в 2027 году будут на уровне 2025-2026 годов — член правления компании Роман Бердников #HYDR Читать далее 👉 https://smartlab.news/i/202865 мы в max	02.09.2026	12:29	Смарт Лаб	02.09.2026 12:29:00	
Не важно	Средняя стоимость овощей борщевого набора в рознице снизилась на 9,8% за месяц — Руспродсоюз Читать далее 👉 https://smartlab.news/i/202866 мы в max	02.09.2026	12:32	Смарт Лаб	02.09.2026 12:32:00	
Возможно	#Авиа АВИАКОМПАНИЯ TÜRKIYES PEGASUS ОТМЕНИЛА СЕГОДНЯ 12 РЕЙСОВ В/ИЗ МОСКОВСКОГО ВНУКОВО, СОСЛАВШИСЬ НА "СИТУАЦИЮ В ВОЗДУШНОМ ПРОСТРАНСТВЕ". Отмены на следующие дни пока нет.	02.09.2026	12:33	Шпион РЦБ	02.09.2026 12:33:00	
Не важно	Аксаков: Поскольку на счета цифрового рубля не начисляются проценты, то держать крупные суммы на цифровых кошельках граждане и бизнес не будут Читать далее 👉 https://smartlab.news/i/202867 мы в max	02.09.2026	12:34	Смарт Лаб	02.09.2026 12:34:00	
Не важно	Запасов золота в России достаточно для поддержания мирового лидерства в этой области на 30 лет. РФ занимает третье место в мире по запасам и второе по добыче — Замглавы "Роснедр" Асламбек Гермаханов #PLZL #UGLD #SELG Читать далее 👉 https://smartlab.news/i/202868 мы в max	02.09.2026	12:43	Смарт Лаб	02.09.2026 12:43:00	
Не важно	Россия в течение 8–10 лет может выйти на первое место в мире по производству золота, обогнав Китай. Сейчас РФ занимает уверенное второе место, отставая на 70 тонн — Сергей Журавлёв, Полюс #PLZL Читать далее 👉 https://smartlab.news/i/202869 мы в max	02.09.2026	12:50	Смарт Лаб	02.09.2026 12:50:00	
Не важно	Перегрев рынка труда в IT сменился сокращениями, заморозкой проектов и растущей конкуренцией за вакансии — РБК #ASTR #POSI Читать далее 👉 https://smartlab.news/i/202870 мы в max	02.09.2026	12:53	Смарт Лаб	02.09.2026 12:53:00	
Не важно	Для окупаемости новых золоторудных проектов цена золота должна находиться в коридоре $4 000-4 500 за унцию — Зампред правления "ВТБ" Виталий Сергейчук на ВЭФ #VTBR #PLZL #SELG #UGLD Читать далее 👉 https://smartlab.news/i/202871 мы в max	02.09.2026	13:07	Смарт Лаб	02.09.2026 13:07:00	
Возможно	Новак: Нефтяники выделили свои средства для обеспечения защиты НПЗ, они взаимодействуют с Минобороны #LKOH Случаев перевода на внешнее управление объектов энергетики, кто не обеспечил безопасность объектов, пока нет Читать далее 👉 https://smartlab.news/i/202872 мы в max	02.09.2026	13:07	Смарт Лаб	02.09.2026 13:07:00	
да	❗️🇷🇺#AFLT #spo ГОСПАКЕТ "АЭРОФЛОТА" В ЦЕЛОМ ГОТОВ К ВЫХОДУ НА РЫНОК, МИНФИН СЛЕДИТ ЗА КОНЪЮНКТУРОЙ — МОИСЕЕВ #вэф	02.09.2026	13:08	Market Twits	02.09.2026 13:08:00	
Важно	❗️🇷🇺#NMTP #spo МИНФИН РАССЧИТЫВАЕТ, ЧТО ПРОДАЖА ПАКЕТА АКЦИЙ НМТП СОСТОИТСЯ ДО КОНЦА ГОДА -- МОИСЕЕВ #вэф	02.09.2026	13:09	Market Twits	02.09.2026 13:09:00	
Возможно	#AFLT ГОСПАКЕТ "АЭРОФЛОТА" В ЦЕЛОМ ГОТОВ К ВЫХОДУ НА РЫНОК, МИНФИН СЛЕДИТ ЗА КОНЪЮНКТУРОЙ — МОИСЕЕВ	02.09.2026	13:09	Шпион РЦБ	02.09.2026 13:09:00	
Возможно	🇷🇺#ALRS #алмазы ЭКСПОРТНЫЕ ПОШЛИНЫ НЕ ПОВЛИЯЮТ НА ФИНАНСОВОЕ ПОЛОЖЕНИЕ "АЛРОСЫ", А ПРИВЕДУТ К РОСТУ СПРОСА НА ДРАГОЦЕННЫЕ КАМНИ МИНФИН ОЖИДАЕТ, ЧТО СОВОКУПНЫЙ ОБЪЕМ ЭКСПОРТА АЛМАЗОВ ИЗ РФ НЕ ИЗМЕНИТСЯ НА ФОНЕ ВВЕДЕНИЯ ПОШЛИНЫ НА ВЫВОЗ КАМНЕЙ - МОИСЕЕВ #вэф	02.09.2026	13:11	Market Twits	02.09.2026 13:11:00	
Возможно	🇷🇺#SELG #ROLO "СЕЛИГДАР" УВЕЛИЧИЛ ЗАПАСЫ ЗОЛОТА НА КЮЧУСЕ НА 7,6%, ДО 188,6 Т ПО СРАВНЕНИЮ С ПРОШЛЫМ ПОКАЗАТЕЛЕМ В 175,3 Т - КОМПАНИЯ - ТАСС "Русолово" (входит в "Селигдар") допускает после 2027 года начало активной добычи на одном из крупнейших месторождений олова в мире - Пыркакайские штокверки на Чукотке — компания, РИА Новости #вэф	02.09.2026	13:13	Market Twits	02.09.2026 13:13:00	
Не важно	МНЕНИЕ: Мы сохраняем рейтинг "Держать" и немного понижаем 12-месячную целевую цену НМТП до 11 руб./акц., что отражает повышение безрисковой ставки — Ренессанс Капитал #NMTP Читать далее 👉 https://smartlab.news/i/202873 мы в max	02.09.2026	13:15	Смарт Лаб	02.09.2026 13:15:00	
Возможно	🛢🇷🇺#бензин #россия #бизнес #геополитика В ремонте действительно находятся около 10% НПЗ, но ранее по многим из них были сдвинуты плановые работы. Работа по защите НПЗ в России в последние месяцы была усилена, это большие затраты, но это стоит того. Нефтекомпании несут крупные затраты на защиту НПЗ, но их простой влечет большие убытки. На сегодняшний день ни одно из предприятий тэк не подпадает под указ о введении внешнего управления, это превентивная мера. Нефтяники выделили свои средства для обеспечения защиты НПЗ, они взаимодействуют с Минобороны. В России нет предприятий ТЭК, которые финансово не могут обеспечить свою безопасность. - Новак #вэф	02.09.2026	13:18	Market Twits	02.09.2026 13:18:00	
Возможно	Президент Селигдара Александр Хрущ: - Утверждение технико-экономического обоснования по Кючусу состоится до конца 2026 года #SELG - На Хвойном на сегодняшний момент добыто порядка 685-700 кг золота, до конца года будет тонна - Объемы разведанных запасов золота на Кючусе составили 188,6 т (ранее сообщалось о 175,3 т). Читать далее 👉 https://smartlab.news/i/202874 мы в max	02.09.2026	13:19	Смарт Лаб	02.09.2026 13:19:00	
Не важно	🇺🇸🇨🇳#TSLA #отчетность TESLA CHINA: поставки авг = 86 166 = +3.6% г/г — CPCA	02.09.2026	13:20	Market Twits	02.09.2026 13:20:00	
Не важно	⚠️🇷🇺#авиа #россия #геополитика ТАСС: АТОР: туроператоры решают ситуацию на фоне отмены рейсов турецкими авиакомпаниями	02.09.2026	13:21	Market Twits	02.09.2026 13:21:00	
Не важно	ВТБ и ООО «Нергеопром» заключили соглашение о сотрудничестве по освоению золоторудного месторождения Апрелково-Пешковской площади. Общий бюджет проекта - ₽30 млрд, компания привлечёт ₽10 млрд от ВТБ #VTBR Читать далее 👉 https://smartlab.news/i/202875 мы в max	02.09.2026	13:21	Смарт Лаб	02.09.2026 13:21:00	
Не важно	#Золото В ВТБ подсчитали оптимальную реальную цену золота Для обеспечения адекватной окупаемости разработок новых месторождений золота его реальная цена должна находиться в коридоре 4,0-4,5 тыс. долларов за унцию — заместитель президента-председателя правления ВТБ Виталий Сергейчук на ВЭФ Сергейчук отметил, что сегодня российская золотодобывающая отрасль находится в лучшей форме за новейшую историю. «Цена позволяет генерировать рекордный денежный поток. Но ключевой тезис: вопрос не в том, как эту ренту поделить или изъять, а в том, как превратить временную ценовую премию в новый инвестиционный цикл. Потенциал добычи к 2030 году существенно выше текущего уровня – при базовом сценарии речь идет о 600 тоннах драгметалла в год».	02.09.2026	13:21	Шпион РЦБ	02.09.2026 13:21:00	
Не важно	❗️🇷🇺#наличка #россия В России не планируют вводить лимит на снятие наличных в банкоматах — Моисеев #вэф	02.09.2026	13:23	Market Twits	02.09.2026 13:23:00	
Возможно	🇷🇺#дкп #россия #прогноз В Сбере рассчитывают, что ключевая ставка снизится до 10–12%. При таком уровне экономика сможет вернуться к полноценным инвестициям — первый зампред правления Сбера Александр Ведяхин — ИС «Вести» Корпоративное кредитование уже оживает: за последние два месяца выдачи превысили 900 млрд руб., но пока бизнес в основном берет деньги на текущие нужды. #вэф	02.09.2026	13:24	Market Twits	02.09.2026 13:24:00	
Возможно	Вице-премьер Новак: - В стадии ремонта сейчас 10% НПЗ, но при этом мы сдвинули плановые ремонты на более поздние сроки - НПЗ в России защищены от атак лучше, чем в ОАЭ. Читать далее 👉 https://smartlab.news/i/202877 мы в max	02.09.2026	13:26	Смарт Лаб	02.09.2026 13:26:00	
	#smartlabonline с генеральным директором и председателем правления АО «Джи-групп» — сегодня в 14:00! «Джи-групп» представила отчетность по МСФО за 6 месяцев 2026 года. В прямом эфире обсудим финансовые результаты компании, текущее состояние бизнеса и перспективы рынка недвижимости, а также поговорим о долговой нагрузке и о том, как сегодня меняется подход к оценке кредитного качества застройщиков. В эфире обсудим: 👉 Что показала отчетность «Джи-групп» по МСФО за первое полугодие 2026 года? 👉 Как изменились выручка, прибыль и другие ключевые финансовые показатели компании? 👉 Что происходит с долговой нагрузкой и как высокая ставка влияет на стоимость финансирования? 👉 Как текущая ситуация на рынке недвижимости отражается на продажах и новых проектах? 👉 Как в нынешних условиях меняются подходы к кредитным рейтингам застройщиков? 👉 Какие планы у «Джи-групп» на второе полугодие 2026 года? Гостем #smartlabonline станет: Линар Халитов — Генеральный директор и председатель правления АО «Джи-групп» Прямая трансляция: YOUTUBE Также смотрите в записи: ДЗЕН ▎ РУТУБ ▎ VKVIDEO	02.09.2026	13:27	Смарт Лаб	02.09.2026 13:27:00	
Не важно	⬆️🛢#бензин Цены на бензин в Нидерландах достигли рекордно высокого уровня — €2,66 за литр Цены на дизель в США выросли до максимума с апреля Цена на АИ-92 на бирже в РФ на рекордном уровне	02.09.2026	13:44	Market Twits	02.09.2026 13:44:00	
Не важно	🛢🇺🇸🇻🇪#CVX #нефть #сша #венесуэла Chevron расширит свою деятельность в Венесуэле, увеличит добычу более чем в 2 раза за счет инвестиций в размере $7 млрд в течение 5 лет — CNBC	02.09.2026	13:45	Market Twits	02.09.2026 13:45:00	
Возможно	Сбер надеется на снижение ключевой ставки до 10–12%, что позволит возобновить инвестиционный цикл в экономике. Для этого реальная ставка (ключевая минус инфляция) должна составить 4-6% — Первый зампред правления Александр Ведяхин #SBER Читать далее 👉 https://smartlab.news/i/202879 мы в max	02.09.2026	13:50	Смарт Лаб	02.09.2026 13:50:00	
Возможно	⚠️🇷🇺#дкп #россия #бизнес Главной проблемой российских бизнесменов остается повышенная ключевая ставка. Российскому бизнесу в ближайшие полгода "кровь из носа" необходимо решить проблемы с нехваткой денег и высокими ставками. — глава торгово-промышленной палаты России Сергей Катырин #вэф	02.09.2026	13:51	Market Twits	02.09.2026 13:51:00	
Важно	⚠️🇪🇺🇺🇦🇷🇺#геополитика #санкции #россия #геополитика Фон дер Ляйен: - "теракт"в Лейпциге только укрепит решимость ЕС в поддержке Украины - усилим наше давление на Россию - можем усилить санкции, закрыть лазейки	02.09.2026	13:54	Market Twits	02.09.2026 13:54:00	
Не важно	Китайская Sinopec наращивает объемы закупок российской нефти — Reuters #ROSN Читать далее 👉 https://smartlab.news/i/202881 мы в max	02.09.2026	13:58	Смарт Лаб	02.09.2026 13:58:00	
Не важно	Компании РФ столкнутся с серьёзными финансовыми трудностями, если не решить проблему дефицита денег и высокой ключевой ставки. Снижение ставки до 10–12% к концу года позволит возобновить инвестиционную активность — Глава ТПП Сергей Катырин Читать далее 👉 https://smartlab.news/i/202883 мы в max	02.09.2026	14:02	Смарт Лаб	02.09.2026 14:02:00	
Не важно	📉Золото подешевело до минимума более чем за три недели из-за укрепления доллара и рисков инфляции — Reuters Читать далее 👉 https://smartlab.news/i/202884 мы в max	02.09.2026	14:03	Смарт Лаб	02.09.2026 14:03:00	
Не важно	МНЕНИЕ: Можно и будет не лишним принять мысль, что предел макроэкономической прочности, который казался таким далеким, достигнут — ИК Иволга Капитал Читать далее 👉 https://smartlab.news/i/202885 мы в max	02.09.2026	14:04	Смарт Лаб	02.09.2026 14:04:00	
Не важно	⬇️🇺🇸#акции #сша #обзор Самые сильные продажи в акциях США на данный момент наблюдаются в компаниях маленькой капитализации. Индекс Russell 2000 намного слабее остальных. соотношение "put/call" в Russell 2000 выросло до максимума за 2 года настроения - самые медвежьи — мониторинг	02.09.2026	14:05	Market Twits	02.09.2026 14:05:00	
Не важно	🇺🇸#акции #сша #обзор Очень сильно выросло кол-во и объем шортов в Nasdaq 100 — Goldman нетто-шорт во фьючерсах на максимуме за много лет	02.09.2026	14:09	Market Twits	02.09.2026 14:09:00	
Не важно	#Банки Доходы российских банков за полугодие выросли на 36%, до 2.3 трлн руб Банк России в условиях сохраняющейся высокой процентной маржи повысил прогноз по прибыли банковского сектора на 2026 год на 0,5 трлн рублей или 12,8%, до 3,9—4,4 трлн рублей. Предыдущий прогноз был в диапазоне 3,4—3,9 трлн рублей.	02.09.2026	14:10	Шпион РЦБ	02.09.2026 14:10:00	
Возможно	⚠️🇪🇺🇷🇺#санкции #россия #нато Глава МИД ФРГ пригрозил санкциями против "большого числа" россиян — ТАСС	02.09.2026	14:11	Market Twits	02.09.2026 14:11:00	
Не важно	На мировом рынке какао ожидается дефицит предложения из-за усиления явления Эль-Ниньо, которое угрожает производству в ключевых регионах выращивания — Bloomberg Читать далее 👉 https://smartlab.news/i/202887 мы в max	02.09.2026	14:13	Смарт Лаб	02.09.2026 14:13:00	
Не важно	🧠#ии #занятость #макро Goldman: мы по-прежнему наблюдаем положительную корреляцию между внедрением ИИ и ростом безработицы среди молодежи	02.09.2026	14:14	Market Twits	02.09.2026 14:14:00	
Важно	🇷🇺#офз #аукцион Минфин разместил ОФЗ 29031	02.09.2026	14:16	Market Twits	02.09.2026 14:16:00	
Не важно	МНЕНИЕ: Аналитики Солид Инвестиции прогнозируют курс доллара в диапазоне 85–92 рубля к концу 2026 года Читать далее 👉 https://smartlab.news/i/202888 мы в max	02.09.2026	14:16	Смарт Лаб	02.09.2026 14:16:00	
Не важно	🇷🇺#россия #энергетика Дальний Восток лидирует в России по числу энергопроектов: их объём превышает 4,3 трлн рублей. Спрос на новую генерацию обеспечат крупные промышленные предприятия, которые запустят в ближайшие годы, сообщил на ВЭФ 2026 топ-менеджер ВТБ Дмитрий Средин. Другими центрами инвестиций становятся добыча меди, платиноидов и цветных металлов, газохимия и инфраструктура. Особое значение имеют порты, погранпереходы с Китаем и модернизация Восточного полигона. «Без гарантированного вывоза продукции ни энергетика, ни металлургия, ни газохимия не заработают в полную силу», — подчеркнул Дмитрий Средин. #вэф	02.09.2026	14:19	Market Twits	02.09.2026 14:19:00	
Не важно	Эль-Ниньо может привести к значительному сокращению производства никеля в Индонезии — Bloomberg Читать далее 👉 https://smartlab.news/i/202889 мы в max	02.09.2026	14:19	Смарт Лаб	02.09.2026 14:19:00	
Важно	Минфин РФ разместил на аукционе ОФЗ-ПК в объеме ₽1 трлн при спросе ₽1,42 трлн, средневзвешенная цена – 92,5122% от номинала Читать далее 👉 https://smartlab.news/i/202890 мы в max	02.09.2026	14:21	Смарт Лаб	02.09.2026 14:21:00	
Не важно	#Бонды Минфин РФ разместил на аукционе ОФЗ-ПК в объеме ₽1 трлн при спросе ₽1,42 трлн, средневзвешенная цена – 92,5122% от номинала	02.09.2026	14:26	Шпион РЦБ	02.09.2026 14:26:00	
Не важно	Продажи LADA в августе 2026 г. выросли на 3,3% г/г до 29 225 авто — Автоваз #AVAZ Читать далее 👉 https://smartlab.news/i/202891 мы в max	02.09.2026	14:30	Смарт Лаб	02.09.2026 14:30:00	
Не важно	Инвесторы из дружественных стран присутствуют на рынке, однако на сделках IPO их участие пока остается ограниченным — Зампред правления ВТБ Виталий Сергейчук на ВЭФ #VTBR Читать далее 👉 https://smartlab.news/i/202892 мы в max	02.09.2026	14:30	Смарт Лаб	02.09.2026 14:30:00	
Не важно	Введение экспортных пошлин на алмазы не окажет негативного влияния на финансовое положение Алросы. Напротив, мера может привести к росту спроса на драгоценные камни и стабилизации цен — Замминистра финансов РФ Алексей Моисеев #ALRS Читать далее 👉 https://smartlab.news/i/202894 мы в max	02.09.2026	14:37	Смарт Лаб	02.09.2026 14:37:00	
Не важно	Средние оптовые цены на свинину в этом году на 10-15% ниже, чем в прошлом — гендиректор Национального союза свиноводов #RAGR Читать далее 👉 https://smartlab.news/i/202897 мы в max	02.09.2026	14:40	Смарт Лаб	02.09.2026 14:40:00	
Не важно	🇷🇺#fx #россия CNYRUB = 13	02.09.2026	14:41	Market Twits	02.09.2026 14:41:00	
Возможно	8 сентября 2026 г. МГКЛ опубликует операционные результаты за восемь месяцев 2026 г. #MGKL Читать далее 👉 https://smartlab.news/i/202898 мы в max	02.09.2026	14:42	Смарт Лаб	02.09.2026 14:42:00	
Не важно	🛢🇺🇸🇻🇪#нефть #сша #венесуэла Министр энергетики США Райт: Я думаю, что к первой половине следующего года добыча нефти в Венесуэле превысит 1,5 миллиона баррелей в день	02.09.2026	14:43	Market Twits	02.09.2026 14:43:00	
Не важно	Цены на бриллианты в августе продолжили расти, при этом цены на мелкие камни увеличились сильнее, а цены на камни весом 1 карат выросли впервые за 15 месяцев — Rapaport #ALRS Читать далее 👉 https://smartlab.news/i/202899 мы в max	02.09.2026	14:43	Смарт Лаб	02.09.2026 14:43:00	
Важно	#АкулыКоллективногоЗапада МИНИСТР ФИНАНСОВ США БЕССЕНТ ОБ ИРАНЕ И РОССИИ: НИКТО НЕ ДОЛЖЕН ПОДДЕРЖИВАТЬ ЭТОТ РЕЖИМ	02.09.2026	14:44	Шпион РЦБ	02.09.2026 14:44:00	
Важно	⚠️🇺🇸🇷🇺🇮🇷#санкции #иран #россия #сша Бессент про Иран и Россию: никто не должен поддерживать этот режим, мое послание всем - держаться подальше авиалинии, морские перевозки, цифровые активы могут стать мишенями мы собираемся систематически устранять плохих игроков - интервью Fox News	02.09.2026	14:45	Market Twits	02.09.2026 14:45:00	
Не важно	ВЗВТ допустил техдефолт по выплате процентов за 7-й купонный период Читать далее 👉 https://smartlab.news/i/202900 мы в max	02.09.2026	14:47	Смарт Лаб	02.09.2026 14:47:00	
Не важно	Минтранс РФ: Российский торговый флот за 3-4 года должен войти в 10-ку крупнейших по дедвейту #FLOT «Наш флаг должен быть в числе десяти самых крупнейших, и наш торговый флот должен быть в десяти самых крупнейших в мире», — сообщил Никитин. Читать далее 👉 https://smartlab.news/i/202901 мы в max	02.09.2026	14:55	Смарт Лаб	02.09.2026 14:55:00	
Не важно	📈Акции Совкомбанка растут на 3,7%, до ₽10,210 #SVCB Читать далее 👉 https://smartlab.news/i/202902 мы в max	02.09.2026	14:59	Смарт Лаб	02.09.2026 14:59:00	
Не важно	Международный платёж за пару минут — теперь и в криптовалюте Когда деньги нужно отправить зарубежному партнёру быстро, ждать несколько дней — не вариант. В Сбере вы можете проводить международные расчёты в криптовалюте. Что важно: • перевод с кошелька на кошелёк занимает пару минут • стоимость - от 0,3% • без минимальной суммы платежа • документы для банка и валютного контроля формируются автоматически А если нужна помощь не только с платежом, специалисты Сбера помогут пройти и другие этапы ВЭД — от поиска партнёра до проведения расчёта и валютного контроля. Узнайте, подойдёт ли криптовалюта для вашей сделки.	02.09.2026	15:02	Market Twits	02.09.2026 15:02:00	
Не важно	Обвал на мировом рынке облигаций набирает обороты на фоне растущих опасений по поводу инфляции — CNBC Читать далее 👉 https://smartlab.news/i/202904 мы в max	02.09.2026	15:03	Смарт Лаб	02.09.2026 15:03:00	
Не важно	МНЕНИЕ: Аналитики Т-Инвестиций обновили целевые цены по своим фаворитам: 🔸 Транснефть – целевая цена 1 510 руб., апсайд 48% 🔸 Озон Фармацевтика – целевая цена 60 руб., апсайд 42% 🔸 Мать и дитя – целевая цена 1 580 руб., апсайд 22% 🔸 Яндекс – целевая цена 5 600 руб., апсайд 62% 🔸 Хедхантер – целевая цена 3 500 руб., апсайд 34% 🔸 Сбер – целевая цена 388 руб., апсайд 36% 🔸 ДОМ.PФ – целевая цена 2 790 руб., апсайд 26% #OZPH #MDMG #YDEX #HEAD #SBER #DOMRF Читать далее 👉 https://smartlab.news/i/202905 мы в max	02.09.2026	15:13	Смарт Лаб	02.09.2026 15:13:00	
Не важно	Резкий рост цен на энергоносители ударил по рынкам облигаций — FT Читать далее 👉 https://smartlab.news/i/202906 мы в max	02.09.2026	15:21	Смарт Лаб	02.09.2026 15:21:00	
Возможно	Россия тайно помогает Ирану разрабатывать сверхзвуковые крылатые ракеты — FT Читать далее 👉 https://smartlab.news/i/202907 мы в max	02.09.2026	15:24	Смарт Лаб	02.09.2026 15:24:00	
Не важно	#Электрокары Как меняется сектор электромобилей на фоне дефицита бензина • Доля чистых электромобилей на российском рынке впервые достигла 2% по итогам августа. Evolute занял около 25% EV-сегмента • Спрос на зарядку для электромобилей и гибридов, спровоцированный перебоями с топливом, вызвал резкий рост трафика у операторов электрозарядных станций и всплеск интереса инвесторов к этому бизнесу. Средняя загрузка сети в Москве вплотную подошла к порогу окупаемости, компании фиксируют очереди в популярных локациях и планируют установку дополнительных станций. • Импорт новых электромобилей в июле вырос на 116,5% год к году — до 1210 машин. Для сравнения, за предыдущие шесть месяцев было ввезено 1488. • Вторичный рынок электрокаров поставил абсолютный рекорд. В июле продано/зарегистрировано 3646 машин с пробегом — в 2,9 раза больше год к году и более чем вдвое больше июня. За семь месяцев вторичный рынок вырос на 67%, до 11,4 тыс. машин • На станциях проекта «Энергия Москвы» достигнут рубеж в 2 млн зарядных сессий. В городе работают более 450 городских ЭЗС, из них 72 установлены в 2026 году. • В России выросли продажи зарядок для электромобилей. На Wildberries продажи зарядок для электромобилей с мая по август выросли на 120% по сравнению с прошлым годом. На Ozon продажи выросли в 2,6 раза. • Hyper из группы РОСНАНО запустил инвестиционное предложение: инвестор выбирает станцию в ЦАО, ЗАО или Зеленограде и приобретает ее лоты. Между владельцами лотов распределяется 25% выручки конкретной зарядной станции.	02.09.2026	15:24	Шпион РЦБ	02.09.2026 15:24:00	
Не важно	Инвестиции в экономику РФ вернутся к росту примерно с 2028 года (в 2027 году ожидания скромные) — Глава Минэкономразвития Максим Решетников в интервью РБК на полях ВЭФ Читать далее 👉 https://smartlab.news/i/202908 мы в max	02.09.2026	15:25	Смарт Лаб	02.09.2026 15:25:00	
Не важно	Корабли используют импровизированную защиту от беспилотных летательных аппаратов по мере усиления атак в Черном море — Reuters Читать далее 👉 https://smartlab.news/i/202909 мы в max	02.09.2026	15:34	Смарт Лаб	02.09.2026 15:34:00	
Важно	⚠️🇷🇺#инфляция #экономика #россия #прогноз АНАЛИТИКИ ПОВЫСИЛИ ПРОГНОЗ ПО ИНФЛЯЦИИ В 2026Г ДО 6,6% С 6,2% ПОНИЗИЛИ ПРОГНОЗ ПО РОСТУ ВВП РФ В 2026Г ДО 0,5% С 0,6% — ОПРОС ЦБ	02.09.2026	15:39	Market Twits	02.09.2026 15:39:00	
Возможно	🇷🇺 #MGKL #отчетность 8 сентября - МГКЛ - оперрезы 8м 2026г	02.09.2026	15:43	Market Twits	02.09.2026 15:43:00	
Не важно	В российских аэропортах нет дефицита авиатоплива. Благодаря координации с Минэнерго удалось избежать сбоев, авиакомпании обеспечены керосином – Министр транспорта Андрей Никитин #AFLT #UTAR Читать далее 👉 https://smartlab.news/i/202910 мы в max	02.09.2026	15:44	Смарт Лаб	02.09.2026 15:44:00	
Возможно	#Макро АНАЛИТИКИ ПОВЫСИЛИ ПРОГНОЗ ПО ИНФЛЯЦИИ В 2026Г ДО 6,6% С 6,2% — опрос ЦБ	02.09.2026	15:45	Шпион РЦБ	02.09.2026 15:45:00	
Возможно	🇷🇺🇨🇳#россия #китай #вэф Владимир Путин проводит встречу с вице-премьером Госсовета КНР Дин Сюэсяном отношения РФ-КНР динамично развиваются стенограмма	02.09.2026	15:47	Market Twits	02.09.2026 15:47:00	
Не важно	🍫#какао #прогноз Мировой рынок какао впервые за 3 года может столкнуться с дефицитом предложения из-за усиления Эль-Ниньо, которое угрожает производству в ключевых регионах выращивания. В сезоне 2026–2027гг ожидается дефицит в размере от 300 000 до 400 000 тонн. — BBG	02.09.2026	15:49	Market Twits	02.09.2026 15:49:00	
Возможно	🇷🇺#SMLT Девелопер "Самолет" пока не планирует выходить на новые региональные рынки — компания, РИА #вэф	02.09.2026	15:51	Market Twits	02.09.2026 15:51:00	
Возможно	Энергетический шок в мире произошел из-за того, что Украина решила атаковать российские энергетические объекты и НПЗ — глава Минфина США Скотт Бессент "Это создает давление на цены на топливо во всем мире", - подчеркнул Бессент. Читать далее 👉 https://smartlab.news/i/202911 мы в max	02.09.2026	15:51	Смарт Лаб	02.09.2026 15:51:00	
Возможно	Прогноз аналитиков на 2026 год — Опрос ЦБ 📈Инфляция 6,6% (повышение с 6,2%) Ключевая ставка 14,5% (не изменился) 📉ВВП 0,5% (понижен с 0,6%) 📈Курс доллара ₽79,7 (повышен с ₽78,4) 📈Цена нефти $64 (повышен с $63) Читать далее 👉 https://smartlab.news/i/202912 мы в max	02.09.2026	15:54	Смарт Лаб	02.09.2026 15:54:00	
Возможно	⚠️🇷🇺#дкп #россия #прогноз АНАЛИТИКИ ОЖИДАЮТ СРЕДНЮЮ КЛЮЧЕВУЮ СТАВКУ ЦБР НА УРОВНЕ 14,5% В 2026Г (на уровне прошлого прогноза 14,5%) — ОПРОС ЦБ	02.09.2026	15:55	Market Twits	02.09.2026 15:55:00	
Не важно	⚠️🇺🇸#дкп #сша На платформе Kalshi быстро растут ставки на то, что ФРС повысит ставку в сентябре	02.09.2026	15:58	Market Twits	02.09.2026 15:58:00	
Не важно	#Макро Аналитики ожидают среднюю ключевую ставку в 2026 на уровне 14.5% — опрос ЦБ Это означает, что снижение ставки в 2026 году еще случится, вплоть до 13.5% к концу года	02.09.2026	15:59	Шпион РЦБ	02.09.2026 15:59:00	
Важно	Генсек НАТО Рютте: Россия становится все более безрассудной Он сослался на беспилотники, ракеты и предполагаемые гибридные атаки, направленные на территорию союзников. Он заявил, что единство НАТО «непоколебимо», подтвердил поддержку Германии и пообещал продолжить военную помощь Украине, включая жизненно важные системы ПВО. Читать далее 👉 https://smartlab.news/i/202913 мы в max	02.09.2026	16:02	Смарт Лаб	02.09.2026 16:02:00	
Важно	⚠️🇺🇦🇷🇺#украина #геополитика #авиа #россия УКРАИНА ПРОСИТ ИКАО (агентство ООН по гражданской авиации) ПОЛНОСТЬЮ ЗАПРЕТИТЬ ГОСУДАРСТВАМ-ЧЛЕНАМ ИСПОЛЬЗОВАТЬ ВОЗДУШНОЕ ПРОСТРАНСТВО РОССИИ	02.09.2026	16:06	Market Twits	02.09.2026 16:06:00	
Не важно	⬆️🇺🇸#UBER = +2% Uber уволит 3 300 человек (10% персонала)	02.09.2026	16:08	Market Twits	02.09.2026 16:08:00	
Не важно	🛢🇺🇸🇻🇪🇨🇳#нефть #сша #венесуэла #китай Министр энергетики США Райт: у Китая не будет прав на нефтяные месторождения Венесуэлы	02.09.2026	16:10	Market Twits	02.09.2026 16:10:00	
Не важно	🛢🇺🇸🇻🇪#нефть #сша #венесуэла Министр энергетики США Райт: Добыча нефти в Венесуэле выросла на 25%, экспорт - на 50%	02.09.2026	16:11	Market Twits	02.09.2026 16:11:00	
Не важно	МНЕНИЕ: Т-Инвестиции повысили целевую цену по акциям "Газпром нефти" до 520 рублей за штуку, сохранив нейтральный взгляд #SIBN Читать далее 👉 https://smartlab.news/i/202914 мы в max	02.09.2026	16:11	Смарт Лаб	02.09.2026 16:11:00	
Не важно	🇷🇺#PRMD ПРОМОМЕД проводит клиническое исследование инновационного препарата против ВИЧ-инфекции — релиз	02.09.2026	16:12	Market Twits	02.09.2026 16:12:00	
Не важно	🇷🇺#INCB «Инкаб Холдинг» первым в России получил статус технологического холдинга — релиз	02.09.2026	16:15	Market Twits	02.09.2026 16:15:00	
Возможно	🛢🇺🇸#ормуз #трамп Министр энергетики США Райт: Трамп меняет значение Ормузского пролива	02.09.2026	16:16	Market Twits	02.09.2026 16:16:00	
Не важно	Решетников: Наша экономика давно уже не "ресурсная", потому что никакая "ресурсная" экономика все эти десятки тысяч санкций не выдержала бы «У нас сложная экономика. Та ресурсная часть, которая есть — она сильно диверсифицирована, она крайне эффективна», — отметил Решетников. Читать далее 👉 https://smartlab.news/i/202915 мы в max	02.09.2026	16:17	Смарт Лаб	02.09.2026 16:17:00	
Не важно	«Инкаб Холдинг» стал первой российской компанией, получившей официальный статус технологического холдинга. В портфеле группы 8 патентов, включая разработки подводного кабеля для глубин до 4 км #INCB Читать далее 👉 https://smartlab.news/i/202916 мы в max	02.09.2026	16:19	Смарт Лаб	02.09.2026 16:19:00	
Не важно	Киев официально уведомил Международную организацию гражданской авиации (ИКАО) о возможных рисках для гражданских самолетов в воздушном пространстве России #AFLT Читать далее 👉 https://smartlab.news/i/202917 мы в max	02.09.2026	16:25	Смарт Лаб	02.09.2026 16:25:00	
Не важно	❗️🇯🇵 #fx #япония #интервенции ЦБ ЯПОНИИ ПРОВОДИТ ИНТЕРВЕНЦИИ В ЙЕНЕ	02.09.2026	16:28	Market Twits	02.09.2026 16:28:00	
Не важно	📈Несмотря на снижение индекса Мосбиржи на 0,7%, акции большинства эмитентов чувствуют себя просто прекрасно и настроены на дальнейшее ралли Читать далее 👉 https://smartlab.news/i/202918 мы в max	02.09.2026	16:31	Смарт Лаб	02.09.2026 16:31:00	
Не важно	Индекс финансовой грамотности россиян за последние 15 лет вырос на 17%, но активным инвестированием занимаются лишь 13% граждан — Член комитета Совфеда по бюджету и финрынкам Елена Дягилева Читать далее 👉 https://smartlab.news/i/202919 мы в max	02.09.2026	16:33	Смарт Лаб	02.09.2026 16:33:00	
Возможно	🇷🇺🇨🇳#ROSN #RUAL #китай Дерипаска и Сечин приняли участие в переговорах Путина с вице-премьером госсовета Китая — РИА #вэф	02.09.2026	16:37	Market Twits	02.09.2026 16:37:00	
Не важно	❗️ВПЕРЕДИ 🇨🇦Канада - ставка ЦБ - 16:45мск КОНСЕНСУС: без изменений 2.25%	02.09.2026	16:41	Market Twits	02.09.2026 16:41:00	
Не важно	❗️🇨🇦#дкп #канада #цб КАНАДА - СТАВКА ЦБ = 2.25% (ОЖИД 2.25% / РАНЕЕ 2.25%) ЦБ: проинфляционные риски выросли	02.09.2026	16:45	Market Twits	02.09.2026 16:45:00	
Не важно	Конгресс Никарагуа принял конституционную реформу, которая запрещает оппозиционным партиям участвовать в выборах и увеличивает президентский срок с 6 до 7 лет — Reuters Читать далее 👉 https://smartlab.news/i/202920 мы в max	02.09.2026	16:45	Смарт Лаб	02.09.2026 16:45:00	
Не важно	ПРОМОМЕД проводит клиническое исследование инновационного препарата против ВИЧ-инфекции #PRMD Читать далее 👉 https://smartlab.news/i/202921 мы в max	02.09.2026	16:49	Смарт Лаб	02.09.2026 16:49:00	
Не важно	🛢🇷🇺#бензин #россия Новак: Россия импортирует бензин, дизельное топливо и авиакеросин	02.09.2026	16:50	Market Twits	02.09.2026 16:50:00	
Не важно	Positive Technologies получила сертификат ФСТЭК России на MaxPatrol EPP – решение для антивирусной защиты компьютеров, серверов и рабочих станций. Это важно для продаж в госсектор, банки, компании с персональными данными и субъекты КИИ, где часто требуются сертифицированные средства защиты. MaxPatrol EPP и MaxPatrol EDR входят в MaxPatrol Endpoint Security, под защитой которого уже находится более 300 тыс. устройств у 350 клиентов. Сертификация расширяет для компании доступный рынок endpoint-защиты и может поддержать рост B2B-направления. #POSI Читать далее 👉 https://smart-lab.ru/mobile/topic/1347220 мы в max	02.09.2026	16:51	Смарт Лаб	02.09.2026 16:51:00	
Не важно	#Редомициляция В РОССИЮ ВЕРНУЛИСЬ АКТИВЫ 138 КОМПАНИЙ ОБЩЕЙ СТОИМОСТЬЮ 6,2 ТРЛН РУБЛЕЙ В РАМКАХ СПЕЦИАЛЬНОГО АДМИНИСТРАТИВНОГО РАЙОНА НА ОСТРОВЕ РУССКИЙ - ТРУТНЕВ	02.09.2026	16:55	Шпион РЦБ	02.09.2026 16:55:00	
Возможно	🇷🇺#бизнес #офшоры #россия В Россию вернулись активы 138 компаний общей стоимостью 6,2 трлн рублей в рамках специального административного района на Острове Русский — Трутнев #вэф	02.09.2026	16:58	Market Twits	02.09.2026 16:58:00	
Не важно	❗️🇺🇸#сша #экономика #отчетность США - Factory Orders (июль) = +0.9% м/м (ожид +0.7% / ранее -0.3%)	02.09.2026	17:00	Market Twits	02.09.2026 17:00:00	
Возможно	❗️🛢#опек #нефть ОПЕК+ В ВОСКРЕСЕНЬЕ НЕ ПРИМЕТ НИКАКОГО РЕШЕНИЯ О ПОЛИТИКЕ В ОБЛАСТИ ДОБЫЧИ НЕФТИ, ОСНОВНОЕ ВНИМАНИЕ БУДЕТ УДЕЛЕНО ОБСУЖДЕНИЮ РЫНКА — RTRS	02.09.2026	17:03	Market Twits	02.09.2026 17:03:00	
Возможно	Очередная встреча ОПЕК+ в воскресенье не предусматривает принятия решений по параметрам добычи нефти — Reuters Читать далее 👉 https://smartlab.news/i/202923 мы в max	02.09.2026	17:04	Смарт Лаб	02.09.2026 17:04:00	
Не важно	💥✴️🇺🇸#HOOD #крипто 1 сентября сеть Robinhood Chain от брокера Robinhood заработала $3,75 млн в виде ежедневных комиссий, установив новый рекорд четвертый день подряд и став сетью с самым высоким доходом от комиссий за день. Robinhood Chain перечисляет 10% своих комиссий в фонд Arbitrum Foundation, из которых 80% поступает в Arbitrum DAO, а 20% — в фонд разработчиков. Таким образом, ежедневный доход экосистемы Arbitrum (#ARB) от Robinhood Chain составил около $370 тыс. Для сравнения: в тот же день сеть Arbitrum заработала менее $15 ты в виде комиссий. — данные DefiLlama	02.09.2026	17:06	Market Twits	02.09.2026 17:06:00	
Не важно	В рамках специального административного района (САР) на острове Русский в Россию вернулись активы 138 компаний на общую сумму ₽6,2 трлн — Вице-премьер Юрий Трутнев в докладе Путину Читать далее 👉 https://smartlab.news/i/202924 мы в max	02.09.2026	17:06	Смарт Лаб	02.09.2026 17:06:00	
Возможно	❗️🛢#нефть #опек ОПЕК+ НЕ ПЛАНИРУЕТ НОВЫХ СОКРАЩЕНИЙ ДОБЫЧИ НЕФТИ, СПРОС НА НЕФТЬ В МИРЕ ВОССТАНАВЛИВАЕТСЯ РЕЧИ О СОКРАЩЕНИИ КВОТ ОПЕК+ СЕЙЧАС НЕ ИДЕТ, НА РЫНКЕ ДЕФИЦИТ МИНИСТРЫ ОПЕК+ НА ВСТРЕЧЕ В ВОСКРЕСЕНЬЕ ОБСУДЯТ СИТУАЦИЮ НА РЫНКЕ И ИСПОЛНЕНИЕ СОГЛАШЕНИЯ - НОВАК, ИФ	02.09.2026	17:11	Market Twits	02.09.2026 17:11:00	
Не важно	Новак: • Рынок нефти сейчас находится в дефиците, при этом ОПЕК+ не планирует обсуждать новые сокращения добычи. • В воскресенье ОПЕК+ обсудит ситуацию на нефтяном рынке и выполнение действующего соглашения. • По оценкам ОПЕК и экспертов, рост мирового спроса на нефть восстанавливается. Читать далее 👉 https://smartlab.news/i/202925 мы в max	02.09.2026	17:12	Смарт Лаб	02.09.2026 17:12:00	
Не важно	Объём переработки природного газа на Дальнем Востоке с 2023 года вырос с 24 млрд куб. м до почти 40 млрд куб. м — Вице-премьер Юрий Трутнев в докладе Путину #GAZP #NVTK Читать далее 👉 https://smartlab.news/i/202926 мы в max	02.09.2026	17:13	Смарт Лаб	02.09.2026 17:13:00	
Не важно	❗️ВПЕРЕДИ 🛢нефть США - запасы EIA - 17:30мск (ожид -0.4М / ранее +0.095M) ———————————— запасы API были = -2.6M	02.09.2026	17:16	Market Twits	02.09.2026 17:16:00	
Важно	⚠️🇺🇦#украина #геополитика Рубио: Сейчас США ведут переговоры с Украиной о выдаче лицензии на Patriot У Украины даже при наличии лицензии США уйдет несколько лет на строительство заводов по выпуску Patriot — Рубио	02.09.2026	17:20	Market Twits	02.09.2026 17:20:00	
Возможно	#Политика РУБИО: США СЕЙЧАС ВЕДУТ ПЕРЕГОВОРЫ С УКРАИНОЙ О ЛИЦЕНЗИРОВАНИИ PATRIOTS	02.09.2026	17:20	Шпион РЦБ	02.09.2026 17:20:00	
Возможно	США ведут с Украиной переговоры о лицензии на ракеты Patriot — Рубио У Украины даже при наличии лицензии США уйдет несколько лет на строительство заводов по выпуску Patriot, отметил Рубио. Читать далее 👉 https://smartlab.news/i/202927 мы в max	02.09.2026	17:21	Смарт Лаб	02.09.2026 17:21:00	
Не важно	💥✴️#LINK #крипто Штат Вайоминг выбрал технологии от Chainlink для проверки резервов своего стейблкоина Frontier (FRNT)	02.09.2026	17:25	Market Twits	02.09.2026 17:25:00	
Не важно	❗️🛢🇺🇸#нефть #сша #отчетность НЕФТЬ - ЗАПАСЫ EIA: CRUDE = -4.45M (ожид -0.4М / ранее +0.095M)	02.09.2026	17:30	Market Twits	02.09.2026 17:30:00	
Возможно	#Макро По оценке аналитиков SberCIB 3 сентября Минфин может объявить о снижении чистых покупок валюты и золота почти до нуля, против 136 млрд рублей в августе. В начале сентября на курс рубля может влиять сокращение покупок валюты Минфином по бюджетному правилу. Завтра, в 12:00, Минфин объявит об операциях по бюджетному правилу в сентябре	02.09.2026	17:31	Шпион РЦБ	02.09.2026 17:31:00	
Не важно	За последние 6 лет добыча меди на Дальнем Востоке выросла в 9,4 раза, угля - в 1,7 раза, золота - в 1,3 раза — Вице-премьер Юрий Трутнев в докладе Путину #MTLR #RASP Читать далее 👉 https://smartlab.news/i/202929 мы в max	02.09.2026	17:32	Смарт Лаб	02.09.2026 17:32:00	
Не важно	🇷🇺🇮🇳#банки #россия #индия #SBER Проблем в расчетах между Россией и Индией нет, а более 90% платежей проходят за 10 минут. Банковская инфраструктура полностью выстроена, однако с российской стороной пока работает лишь около 1% индийских экспортеров. — управляющий филиалом Сбербанка в Индии Иван Носов, на ВЭФ. #вэф	02.09.2026	17:34	Market Twits	02.09.2026 17:34:00	
Не важно	#IMOEX В день, когда горят костры рябин, индекс Мосбиржи обычно растет: 2025: +0,5% 2024: -0.05% 2023: +0.03% 2022: +0.69% 2021: +0.27% 2020: -0.83% 2019: +0.04% 2018: +0.01% 2017: выходной 2016: выходной 2015: +1.17% Куда пойдем завтра, 3 сентября?	02.09.2026	17:39	Шпион РЦБ	02.09.2026 17:39:00	
Не важно	Коммерческие запасы нефти в США за неделю сократились на 4,45 млн баррелей - в 4 раза сильнее прогноза (-1,1 млн) Читать далее 👉 https://smartlab.news/i/202932 мы в max	02.09.2026	17:43	Смарт Лаб	02.09.2026 17:43:00	
Не важно	Официальные курсы валют на 3 сентября: ¥ — ₽12,9217, $ — ₽86,9963, € — ₽100,8287 Читать далее 👉 https://smartlab.news/i/202933 мы в max	02.09.2026	17:48	Смарт Лаб	02.09.2026 17:48:00	
Не важно	🇷🇺#fx #россия ЦБ установил официальные курсы валют на 3 сентября	02.09.2026	17:56	Market Twits	02.09.2026 17:56:00	
Не важно	Банки повышают ставки по коротким вкладам на фоне дефицита ликвидности — Ъ #SBER #VTBR Читать далее 👉 https://smartlab.news/i/202934 мы в max	02.09.2026	17:59	Смарт Лаб	02.09.2026 17:59:00	
Важно	🇺🇸🇷🇺#сша #россия #геополитика ВИЗИТ ШЕФА ЦРУ В МОСКВУ БЫЛ ПРОДОЛЖЕНИЕМ КУРСА НА НАЛАЖИВАНИЕ КАНАЛОВ СВЯЗИ МЕЖДУ РАЗВЕДСЛУЖБАМИ США И РОССИИ — РУБИО Рубио: США должны иметь возможность поддерживать диалог с Россией	02.09.2026	18:02	Market Twits	02.09.2026 18:02:00	
Возможно	#Политика ВИЗИТ ШЕФА ЦРУ В МОСКВУ БЫЛ ПРОДОЛЖЕНИЕМ КУРСА НА НАЛАЖИВАНИЕ КАНАЛОВ СВЯЗИ МЕЖДУ РАЗВЕДСЛУЖБАМИ США И РОССИИ - РУБИО	02.09.2026	18:02	Шпион РЦБ	02.09.2026 18:02:00	
Возможно	Селигдар использует денежный поток от высоких цен на золото в I п. 2026 г. для сокращения заимствований — президент холдинга Александр Хрущ #SELG Читать далее 👉 https://smartlab.news/i/202935 мы в max	02.09.2026	18:04	Смарт Лаб	02.09.2026 18:04:00	
Не важно	💥🇺🇸#GOOGL #ии Новая модель Gemini от Google превзошла Claude Opus 5 в тестах — СМИ	02.09.2026	18:07	Market Twits	02.09.2026 18:07:00	
Не важно	⚠️🇨🇦#дкп #канада #спикеры Глава Банка Канады Маклемм: если мы увидим, что инфляция становится проблемой, может потребоваться многократное повышение процентных ставок.	02.09.2026	18:12	Market Twits	02.09.2026 18:12:00	
Возможно	Россети Сибирь направят на развитие электросетевого комплекса Бурятии более ₽2,3 млрд в 2026 году. Ключевой проект - строительство питающего центра 110 кВ в центре Улан-Удэ — Компания #MRKS Читать далее 👉 https://smartlab.news/i/202936 мы в max	02.09.2026	18:12	Смарт Лаб	02.09.2026 18:12:00	
Возможно	Антерра допустила дефолт по двум выпускам биржевых облигаций из-за ареста счетов Читать далее 👉 https://smartlab.news/i/202937 мы в max	02.09.2026	18:12	Смарт Лаб	02.09.2026 18:12:00	
Не важно	⚠️🇪🇺🇷🇺#санкции #россия ЕК намерена включить в 22-й пакет санкций 1 600 российских физлиц и компаний — Каллас	02.09.2026	18:13	Market Twits	02.09.2026 18:13:00	
Важно	#Политика У УКРАИНЫ ДАЖЕ ПРИ НАЛИЧИИ ЛИЦЕНЗИИ США УЙДЕТ НЕСКОЛЬКО ЛЕТ НА СТРОИТЕЛЬСТВО ЗАВОДОВ ПО ВЫПУСКУ PATRIOT - РУБИО	02.09.2026	18:13	Шпион РЦБ	02.09.2026 18:13:00	
Не важно	✴️#крипто #торги Платформа прогнозов Kalshi хочет уже на следующей неделе запустить торги бессрочными фьючерсами на нефть WTI. Ведет переговоры с регуляторами.	02.09.2026	18:21	Market Twits	02.09.2026 18:21:00	
Возможно	🛢🇺🇸#ормуз #трамп ТРАМП: Теперь, когда он находится под контролем США, может быть, нам стоит переименовать Ормузский пролив в «ПРОЛИВ ТРАМПА»??? Как и сама Америка, он станет «горячее», чем когда-либо! Благодарю вас за внимание к этому вопросу.	02.09.2026	18:24	Market Twits	02.09.2026 18:24:00	
Возможно	#Политика Трамп: Теперь, когда он находится под контролем США, стоит ли менять название Ормузского пролива на пролив ТРАМПА?	02.09.2026	18:24	Шпион РЦБ	02.09.2026 18:24:00	
Возможно	Трамп: Теперь, когда пролив находится под контролем США, стоит ли нам переименовать Ормузский пролив в пролив Трампа??? Читать далее 👉 https://smartlab.news/i/202938 мы в max	02.09.2026	18:28	Смарт Лаб	02.09.2026 18:28:00	
Не важно	Мы открыты, искренни и честны. Но субъективно, это был лучший эфир Можно пересмотреть предыдущие и сравнить. Но лучше посмотреть актуальный))) https://www.youtube.com/live/z58xNPrj2KM	02.09.2026	18:29	Смарт Лаб	02.09.2026 18:29:00	
Важно	❗️🇺🇦#украина #геополитика УИТКОФФ И КУШНЕР ПОЛНОСТЬЮ СОСРЕДОТОЧЕНЫ НА ПЕРЕГОВОРАХ ПО МИРНЫМ СОГЛАШЕНИЯМ, ВКЛЮЧАЯ УРЕГУЛИРОВАНИЕ КОНФЛИКТА НА УКРАИНЕ — РУБИО	02.09.2026	18:35	Market Twits	02.09.2026 18:35:00	
Возможно	#Политика УИТКОФФ И КУШНЕР ПОЛНОСТЬЮ СОСРЕДОТОЧЕНЫ НА ПЕРЕГОВОРАХ ПО МИРНЫМ СОГЛАШЕНИЯМ, ВКЛЮЧАЯ УРЕГУЛИРОВАНИЕ КОНФЛИКТА НА УКРАИНЕ - РУБИО	02.09.2026	18:35	Шпион РЦБ	02.09.2026 18:35:00	
Возможно	Уиткофф и Кушнер сфокусированы на мирных переговорах, включая Украину — Рубио Читать далее 👉 https://smartlab.news/i/202940 мы в max	02.09.2026	18:36	Смарт Лаб	02.09.2026 18:36:00	
Возможно	❗️ВПЕРЕДИ 🇷🇺РФ - потребинфляция CPI (нед) - 19:00мск	02.09.2026	18:51	Market Twits	02.09.2026 18:51:00	
Важно	❗️🇷🇺#инфляция #россия #отчетность ДЕФЛЯЦИЯ В РФ С 25 ПО 31 АВГУСТА СОСТАВИЛА 0,01%, С НАЧАЛА ГОДА ПОТРЕБИТЕЛЬСКИЕ ЦЕНЫ ВЫРОСЛИ НА 4,67% — РОССТАТ ИНФЛЯЦИЯ В РОССИИ НА 31 АВГУСТА СОСТАВИЛА 6,32% В ГОДОВОМ ВЫРАЖЕНИИ — МИНЭКОНОМРАЗВИТИЯ	02.09.2026	19:00	Market Twits	02.09.2026 19:00:00	
Возможно	Росстат — Инфляция в РФ 📉 Дефляция в РФ с 25 по 31 августа 2026 года составила 0,01% против инфляции на уровне 0,01% неделей ранее 📈 Годовая инфляция в РФ на 31 августа выросла до 6,32% Читать далее 👉 https://smartlab.news/i/202942 мы в max	02.09.2026	19:00	Смарт Лаб	02.09.2026 19:00:00	
Возможно	#Макро НЕДЕЛЬНАЯ ДЕФЛЯЦИЯ 0.01% (неделей ранее инфляция 0.01%)	02.09.2026	19:00	Шпион РЦБ	02.09.2026 19:00:00	
Не важно	Налога на сверхприбыль банков не будет, НМТП будет продан️Итоги дня 📈Селигдар +2.8% Селигдар использует денежный поток от высоких цен на золото в I п. 2026 г. для сокращения заимствований, заявил президент холдинга Александр Хрущ. Он также сказал, что утверждение технико-экономического обоснования по Кючусу состоится до конца 2026 года🧐 📈Озон +2.2% Меры поддержки, принятые для продавцов WB, могут распространиться на селлеров других маркетплейсов — замглавы Минпромторга Роман Чекушов на ВЭФ🧐 📈В2В-РТС+1.6% СД рекомендовал дивиденды по итогам шести месяцев в размере ₽4,61 на акцию. Див. доходность — 3,76%. Последний день покупки акций под дивиденды — 8 октября🤑 📈USDRUBF +0.6% Доллар технически рисует картину к продолжению роста. Я мог бы в это поверить, но смущает отсутствие фундаментальных предпосылок для этого🤷‍♂️ 📈Сбербанк +0.4% В Госдуме не обсуждают введение налога на сверхприбыль банков, заявил глава комитета Госдумы по финансовому рынку Анатолий Аксаков в рамках ВЭФ. Судя по котировкам, инвесторы не особо этому верят😁 📉НМТП -0.9% Минфин планирует до конца года успеть продать госпакет акций Новороссийского морского порта, однако в сентябре правительство его продать не успеет. Об этом заявил замминистра финансов Алексей Моисеев в кулуарах ВЭФ журналистам🧐 📉Русагро-1.4% Средние оптовые цены на свинину в этом году на 10-15% ниже, чем в прошлом — гендиректор Национального союза свиноводов.Таможенная подкомиссия поддержала предложение Минэкономразвития об обнулении до 31 декабря 2026 года гибкой пошлины на экспорт пшеницы. «Данные меры позволят поддержать производителей и экспортеров зерновых и масличных культур, производителей масла, которые столкнулись со сложностями при вывозе продукции», — пояснил заместитель министра экономического развития РФ Владимир Ильичев🤔 📉МГКЛ-1.8% Акции продолжают снижаться после открытого обращения АВО в Банк России😔 Полная карта рынка: https://smart-lab.ru/q/map Билеты на нашу осеннюю конфу на 20% дешевле по промокоду LONG: https://confa.smart-lab.ru/msk26 СМАРТЛАБ | MAX | ВК	02.09.2026	19:01	Смарт Лаб	02.09.2026 19:01:00	
Возможно	Рост ВВП России замедлился до 0,6% в июле после 1,7% в июне — Минэкономразвития Читать далее 👉 https://smartlab.news/i/202943 мы в max	02.09.2026	19:01	Смарт Лаб	02.09.2026 19:01:00	
Возможно	#Макол ДЕФЛЯЦИЯ В РФ С 1 ПО 31 АВГУСТА СОСТАВИЛА 0,08% - НЕДЕЛЬНЫЕ ДАННЫЕ РОССТАТА	02.09.2026	19:01	Шпион РЦБ	02.09.2026 19:01:00	
Возможно	❗️🇷🇺#экономика #россия #отчетность РОСТ ВВП РФ В ИЮЛЕ ЗАМЕДЛИЛСЯ ДО 0,6%Г/Г ПРОТИВ РОСТА 1,7% В ИЮНЕ — МИНЭКОНОМРАЗВИТИЯ	02.09.2026	19:03	Market Twits	02.09.2026 19:03:00	
Не важно	#Прогноз Дальше — больше	02.09.2026	19:04	Шпион РЦБ	02.09.2026 19:04:00	
Не важно	#Макро Бензин подорожал за неделю на 0.9%	02.09.2026	19:05	Шпион РЦБ	02.09.2026 19:05:00	
Не важно	🇷🇺#ХимМед #облигации ХимМед выходит с дебютным выпуском облигаций СПБ-001Р-01: — Книга заявок открывается 3 сентября в 11:00 (мск) Параметры выпуска: — Срок обращения: 3 года (1080 дней) — Купон: до 22,5% годовых, выплата ежемесячная (12 раз в год) — Оферта: call-оферта через 1,5 года (01.03.2028) — Эффективная доходность к оферте (YTP): до 24,97% Финансовые результаты за 1П2026 (МСФО): Выручка выросла на 19% г/г, до 4,4 млрд руб. Валовая прибыль — 1,8 млрд руб. (+26% г/г)	02.09.2026	19:09	Market Twits	02.09.2026 19:09:00	
Возможно	Рубио: Трамп сможет вводить санкции против РФ даже без одобрения Конгресса Рубио назвал обсуждаемый в Палате представителей документ «ценным инструментом», но подчеркнул, что его применение останется на усмотрение главы государства. Читать далее 👉 https://smartlab.news/i/202944 мы в max	02.09.2026	19:12	Смарт Лаб	02.09.2026 19:12:00	
Возможно	Бельгия вновь заблокировала идею использования замороженных активов РФ для Украины — Reuters Читать далее 👉 https://smartlab.news/i/202945 мы в max	02.09.2026	19:17	Смарт Лаб	02.09.2026 19:17:00	
Не важно	Пассажиропоток авиакомпаний РФ в июле сократился на 6,5% г/г — данные Росстата #AFLT #UTAR Читать далее 👉 https://smartlab.news/i/202946 мы в max	02.09.2026	19:21	Смарт Лаб	02.09.2026 19:21:00	
Возможно	Рубио охарактеризовал недавнюю поездку директора ЦРУ в Москву как рутинный шаг по налаживанию и поддержанию межразведывательных каналов связи с Россией Читать далее 👉 https://smartlab.news/i/202947 мы в max	02.09.2026	19:27	Смарт Лаб	02.09.2026 19:27:00	
Важно	#Политика Рубио призвал Палату представителей принять законопроект об «адских санкциях» против России Марко Рубио заявил, что президенту США «крайне полезно» иметь в своём распоряжении предусмотренные законопроектом рычаги давления, чтобы «оперативно задействовать их по мере изменения обстоятельств», в том числе для введения пошлин против других стран. Рубио также отметил, что демократы в Палате представителей, несмотря на заявления о поддержке Украины, «не спешат» голосовать в поддержку законопроекта.	02.09.2026	19:38	Шпион РЦБ	02.09.2026 19:38:00	
Возможно	МНЕНИЕ: Итоги аукциона Минфина РФ по размещению ОФЗ 02.09.2026 Читать далее 👉 https://smartlab.news/i/202949 мы в max	02.09.2026	20:02	Смарт Лаб	02.09.2026 20:02:00	
Возможно	Русолово может выйти на финансовую самостоятельность до конца 2026 года на фоне роста прибыльности — президент холдинга Александр Хрущ #ROLO #SELG Читать далее 👉 https://smartlab.news/i/202950 мы в max	02.09.2026	20:13	Смарт Лаб	02.09.2026 20:13:00	
Не важно	🛢🇺🇸#бензин #сша Запрет на экспорт российского дизеля разогнал поставки из США — Ъ Мировой дефицит дизтоплива, вызванный запретом на экспорт продукта из России и перебоями с отгрузкой из стран Ближнего Востока, позволил производителям США нарастить поставки до рекорда и поднял цены на их продукцию.	02.09.2026	20:31	Market Twits	02.09.2026 20:31:00	
Возможно	🇷🇺#офз #россия После двухмесячного перерыва Минфин возобновил аукционы по ОФЗ, полностью разместив 2 сентября выпуск бумаги с переменным купоном на 1 трлн руб. — Эксперт	02.09.2026	20:35	Market Twits	02.09.2026 20:35:00	
Не важно	Экспорт дизтоплива из США достиг рекорда на фоне российского эмбарго — Ъ #LKOH #ROSN Читать далее 👉 https://smartlab.news/i/202952 мы в max	02.09.2026	20:42	Смарт Лаб	02.09.2026 20:42:00	
Не важно	✴️#rwa #крипто #торги #обзор Кол-во холдеров токенизированных акций выросло на 134% м/м - до 1.9 млн человек с начала года +1 360% среди основных причин аналитики указывают на быстрое внедрение токенизации, рекордные хайповые IPO (SpaceX, OpenAI, Anthropic), а также повышенный спрос на торги в режиме 24/7 (криптобиржи сейчас предоставляют такую возможность в отличие от традиционных бирж)	02.09.2026	20:50	Market Twits	02.09.2026 20:50:00	
Возможно	Норвегия арестовала российское судно по иску Нафтогаза на $4,22 млрд — Reuters Читать далее 👉 https://smartlab.news/i/202953 мы в max	02.09.2026	21:03	Смарт Лаб	02.09.2026 21:03:00	
Возможно	Ограничение экспорта дизтоплива может привести к перегрузке российских НПЗ — Ъ #LKOH #ROSN Читать далее 👉 https://smartlab.news/i/202954 мы в max	02.09.2026	21:09	Смарт Лаб	02.09.2026 21:09:00	
Возможно	🛢#нефть #трамп #прогноз Трамп: цены на нефть упадут	02.09.2026	21:19	Market Twits	02.09.2026 21:19:00	
Возможно	🛢#ормуз #трамп Трамп: Ормуз под контролем	02.09.2026	21:20	Market Twits	02.09.2026 21:20:00	
Важно	⚠️🇮🇷#иран #геополитика #трамп Трамп: новые удары по Ирану продлятся недолго готовы нанести еще один удар по Ирану	02.09.2026	21:21	Market Twits	02.09.2026 21:21:00	
Возможно	🛢#бензин #трамп #прогноз Трамп: цены на бензин упадут	02.09.2026	21:24	Market Twits	02.09.2026 21:24:00	
Важно	❗️🇺🇦#украина #геополитика #трамп Трамп: война на Украине должна прекратиться готов делать саммит с Путиным готов делать "писдил" хотим провести саммит с Путиным, когда будем готовы к мирному соглашению	02.09.2026	21:26	Market Twits	02.09.2026 21:26:00	
Возможно	Трамп: - Хочу провести саммит с Путиным, когда мы будем готовы к мирному соглашению. - Они должны прекратить эту войну. - Трамп полагает, что время для украинского урегулирования может наступить «довольно скоро». Читать далее 👉 https://smartlab.news/i/202955 мы в max	02.09.2026	21:27	Смарт Лаб	02.09.2026 21:27:00	
Возможно	#Политика ХОЧУ ПРОВЕСТИ САММИТ С ПУТИНЫМ, КОГДА МЫ БУДЕМ ГОТОВЫ К МИРНОМУ СОГЛАШЕНИЮ — ТРАМП	02.09.2026	21:27	Шпион РЦБ	02.09.2026 21:27:00	
Не важно	❗️🇺🇸#акции #сша #трамп #прогноз ТРАМП: ФОНДОВЫЙ РЫНОК БУДЕТ РАСТИ	02.09.2026	21:32	Market Twits	02.09.2026 21:32:00	
Не важно	Chevron, Eni и GE Vernona анонсировали многомиллиардные сделки по добыче нефти в Венесуэле — Bloomberg #CVX Читать далее 👉 https://smartlab.news/i/202956 мы в max	02.09.2026	21:58	Смарт Лаб	02.09.2026 21:58:00	
Не важно	Собрали для вас каналы, где нет инфо-шума и «быстрых денег», а есть реальная аналитика, идеи и системный подход к рынку. Сохраняйте, подписывайтесь и формируйте своё инфополе правильно: 🔹Товарищ Ганн — авторский канал трейдера с 10-летним опытом. В основе анализа — система на базе углов Ганна, которая позволяет находить зоны разворота и оценивать силу тренда. За каналом стоит не только 10 лет практики, но и академическая база: автор защитил в СПбГУ диссертацию на тему своей торговой системы. 🔹Жизнь на Дивиденды — блог студентки, которая в 23 года заработала на 2 квартиры в Москве. Её портфель облигаций >18 млн рублей и доходность >290.000₽ в месяц. Таких результатов на рынке НИКТО НЕ ИМЕЕТ. 🔹Портфель Двинского — канал русского экономиста Константина Двинского. Он не дает сигналов и не занимается спекуляциями. Он подробно разбирает, как решения властей, ставка и геополитика превращаются в прибыль компаний и стоимость акций. То, о чем боятся писать другие, внутренние дела компаний, собственные расследования - только в Портфеле Двинского. 🔹Академия Биржевика — практический канал об инвестициях и трейдинге. Пошаговые гайды, разборы стратегий и системный подход команды «Биржевика» помогают лучше понимать рынок и не терять деньги на типичных ошибках. Подписывайтесь, здесь учат зарабатывать на своих знаниях: @BirzhevikAcademy 📌 Продвижение в ТГ/MAX @angel_crystal	02.09.2026	22:00	Смарт Лаб	02.09.2026 22:00:00	
Возможно	Промомед не планирует новых промежуточных дивидендов в 2026 году — CFO #PRMD Читать далее 👉 https://smartlab.news/i/202957 мы в max	02.09.2026	22:02	Смарт Лаб	02.09.2026 22:02:00	
Возможно	Белый дом опубликовал карту с переименованным в честь Трампа Ормузским проливом Читать далее 👉 https://smartlab.news/i/202958 мы в max	02.09.2026	22:41	Смарт Лаб	02.09.2026 22:41:00	
Не важно	🇺🇸#трамп #today Монетный двор США выпустил монету номиналом $1 с изображением Трампа	02.09.2026	22:47	Market Twits	02.09.2026 22:47:00	
Не важно	🇺🇸#техи #сша #макро США намерены производить 50% мирового объема полупроводников к концу срока Трампа — министр торговли США Латник	02.09.2026	22:50	Market Twits	02.09.2026 22:50:00	
Возможно	🇺🇸#сша #выборы #импичмент #трамп The Hill: третья попытка импичмента Трампа после выборов в Конгресс неизбежна	02.09.2026	22:52	Market Twits	02.09.2026 22:52:00	
Не важно	⚠️🇷🇺#бизнес #россия #отчетность Доля убыточных организаций в РФ в 1п 2026г выросла до 33,5% — Росстат	02.09.2026	22:54	Market Twits	02.09.2026 22:54:00	
Возможно	❗️🛢🇺🇦#бензин #украина Минэнерго Украины запустило экспериментальный проект по хранению топлива под землей, сообщил глава Минэнерго Шмыгаль "Будет создана разветвленная система подземных хранилищ и обеспечены надлежащие условия для безопасного хранения нефтепродуктов. Приоритет - обеспечение бесперебойного снабжения дизельным топливом прежде всего для нужд обороны и критической инфраструктуры"	02.09.2026	22:58	Market Twits	02.09.2026 22:58:00	
Возможно	🇷🇺#LEAS Впервые за 27 лет работы Европлан выходит на наружную рекламу в Москве. О чём это говорит? О стабильности даже в непростое время. И о том, что мы здесь всерьёз и надолго — компания	02.09.2026	23:02	Market Twits	02.09.2026 23:02:00	
Не важно	🇺🇸#HPE #отчетность HPE повысил прогнозы из-за сильного спроса на ИИ	02.09.2026	23:07	Market Twits	02.09.2026 23:07:00	
Не важно	🇺🇸#SNOW #отчетность	02.09.2026	23:08	Market Twits	02.09.2026 23:08:00	
Важно	⚠️🇺🇸🇷🇺#санкции #россия Рассмотрение законопроекта об "адских санкциях" против РФ может начаться в Палате представителей США в середине сентября — The Hill	02.09.2026	23:09	Market Twits	02.09.2026 23:09:00	
Не важно	🇺🇸#AVGO #отчетность прогноз по выручке ниже ожиданий	02.09.2026	23:16	Market Twits	02.09.2026 23:16:00	
Не важно	⚠️🇳🇿#инфляция #нзеландия #прогноз Глава ЦБ Н.Зеландии ожидает роста базовой инфляции в ближайшие месяцы	02.09.2026	23:16	Market Twits	02.09.2026 23:16:00	
Не важно	✴️#ipo #крипто Kraken отложила IPO минимум до 2кв 2027г	02.09.2026	23:17	Market Twits	02.09.2026 23:17:00	
Возможно	Рассмотрение законопроекта о санкциях против России в Палате представителей США ожидается с 14 сентября — The Hill Читать далее 👉 https://smartlab.news/i/202959 мы в max	02.09.2026	23:22	Смарт Лаб	02.09.2026 23:22:00	
Не важно	🇺🇸#MSFT #отчетность Microsoft пересмотрел свой прогноз на 1кв 2027 финансового года, прогнозирует выручку "Agents & Infra" в размере $75,15–75,75 млрд ожидает, что выручка от продаж устройств в 1кв составит $14,7 млрд -$15,2 млрд	02.09.2026	23:39	Market Twits	02.09.2026 23:39:00	
Не важно	Шуфутинский печатает …	03.09.2026	0:03	Market Twits	03.09.2026 0:03:00	
Не важно	🗓#календарь	03.09.2026	6:01	Market Twits	03.09.2026 6:01:00	
Не важно	mt в max 🗓КАЛЕНДАРЬ НА СЕГОДНЯ — 2026.09.03 🇷🇺РФ - День когда горят костры рябин 🇷🇺РФ - Восточный экономический форум (ВЭФ) - день 3. Путин выступит с большой речью на пленарной сессии. 🇦🇺Австралия - Services/Composite PMI (авг) - 02:00мск 🇯🇵Япония - Services/Composite PMI (авг) - 03:30мск 🇨🇳КНР - Caixin Services / Composite PMI (авг) - 04:45мск 🇮🇳Индия - Services/Composite PMI (авг) - 08:00мск 🇷🇺РФ - Services/Composite PMI (авг) - 09:00мск 🇨🇭Швейцария - потребинфляция CPI (авг) - 09:30мск 🇨🇭Швейцария - ВВП (2кв 2026г) - 10:00мск 🇹🇷Турция - потребинфляция CPI (авг) - 10:00мск 🇪🇺Еврозона - Services/Composite PMI (авг) - 11:00мск 🇬🇧Британия - Services/Composite PMI (авг) - 11:30мск 🇪🇺Еврозона - проминфляция PPI (июль) - 12:00мск 🇷🇺ЦБ РФ огласит объемы покупки/продажи валюты в сентябре - 12:00мск 🇺🇸США - Initial Jobless Claims - 15:30мск 🇺🇸США - торговый баланс (июль) - 15:30мск 🇧🇷Бразилия - Services/Composite PMI (авг) - 16:00мск 🇨🇦Канада - S&P Services /Composite PMI (авг) - 16:45мск 🇺🇸США - S&P Services /Composite PMI (авг) - 16:45мск 🇺🇸США - ISM Services PMI (авг) - 17:00мск 🛢натгаз США - запасы EIA - 17:30мск 🇷🇺#OZON Озон - сд по принятию мер в связи с инцидентами на объектах группы попсовые отчетности: 🇺🇸#CIEN Ciena Corp - 14:00мск 🇺🇸#LULU Lululemon - 23:05мск 🇺🇸#DOCU Docusign - 23:05мск 🇺🇸#AMBA Ambarella - 23:05мск	03.09.2026	6:23	Market Twits	03.09.2026 6:23:00	
Не важно	🌎#markets	03.09.2026	6:26	Market Twits	03.09.2026 6:26:00	
Не важно	🌎#fx USDCNY = 6.72 USDTRUB = 88.5	03.09.2026	6:27	Market Twits	03.09.2026 6:27:00	
Не важно	❗️🇦🇺#австралия #экономика #отчетность Австралия (авг) Services PMI = 53.2 (ранее 53.6) Composite PMI = 52.7 (ранее 53.2)	03.09.2026	6:31	Market Twits	03.09.2026 6:31:00	
Не важно	❗️🇯🇵#япония #экономика #отчетность Япония (авг) Services PMI = 52.5 (ранее 51.2) Composite PMI = 53.5 (ранее 52.7)	03.09.2026	6:31	Market Twits	03.09.2026 6:31:00	
Не важно	❗️🇨🇳#экономика #китай #отчетность КНР (авг) Composite PMI = 52.1 (ранее 50.8) Services PMI = 54.1 (ранее 50.4)	03.09.2026	6:31	Market Twits	03.09.2026 6:31:00	
Не важно	⚠️🇷🇺#экономика #россия РОССИЙСКАЯ ЭКОНОМИКА НАХОДИТСЯ В СИТУАЦИИ "ПЕРЕОХЛАЖДЕНИЯ", "ЦИФРЫ ГОВОРЯТ САМИ ЗА СЕБЯ" - ГРЕФ #вэф	03.09.2026	6:33	Market Twits	03.09.2026 6:33:00	
Возможно	⚠️🇷🇺#дкп #россия Сбер допускает паузы в снижении ключевой ставки ЦБ, не видит оснований для ее роста Сбер ожидает ключевую ставку цб рф на уровне 11-12% к концу года —Греф Сбер оценивает вероятность нового снижения ставки ЦБ на 25 б.п. в сентябре и паузы в "50 на 50" — зампред правления, финдиректор Тарас Скворцов #вэф	03.09.2026	6:33	Market Twits	03.09.2026 6:33:00	
да	🇷🇺#SBER #отчетность #дивиденд СБЕР РАССЧИТЫВАЕТ ЗАРАБОТАТЬ ПО ИТОГАМ 2026 ГОДА БОЛЬШЕ, ЧЕМ В 2025 ГОДУ, СОХРАНЯЯ ДОСТАТОЧНОСТЬ КАПИТАЛА НА ВЫСОКОМ УРОВНЕ НЕТ ОЖИДАНИЙ, ЧТО НЕ СМОЖЕМ ВЫПЛАЧИВАТЬ ДИВИДЕНДЫ, НАДЕЕМСЯ НА РЕКОРДНЫЕ ВЫПЛАТЫ ПО ИТОГАМ 2026 Г СБЕР ОЖИДАЕТ ПОЛУЧИТЬ ПО ИТОГАМ 2026 ГОДА РЕКОРДНУЮ ПРИБЫЛЬ И ВЫПЛАТИТЬ РЕКОРДНЫЕ ДИВИДЕНДЫ СБЕР СОЗДАСТ РЕЗЕРВЫ ПО КРЕДИТАМ МАРКЕТПЛЕЙСАМ, НО ПОЛУЧИТЬ РЕКОРДНУЮ ПРИБЫЛЬ В 2026Г БАНКУ ЭТО НЕ ПОМЕШАЕТ БАНКОВСКИЙ СЕКТОР РФ ПО ИТОГАМ 2026 ГОДА МОЖЕТ ЗАРАБОТАТЬ ОКОЛО 4 ТРЛН РУБ — ГРЕФ #вэф	03.09.2026	6:37	Market Twits	03.09.2026 6:37:00	
Возможно	🇷🇺#ALRS #алмазы АЛРОСЕ СЕЙЧАС НЕ ТРЕБУЕТСЯ ПОДДЕРЖКА В ВИДЕ ЗАКУПОК АЛМАЗОВ В ГОХРАН, У КОМПАНИИ НЕТ СЕРЬЕЗНЫХ ПРОБЛЕМ СО СБЫТОМ — ГЛАВА ЯКУТИИ РИА НОВОСТИ #вэф	03.09.2026	6:38	Market Twits	03.09.2026 6:38:00	
Возможно	⚠️🇷🇺#авиа #россия #геополитика Российское воздушное пространство остается безопасным. Россия принимает максимальные меры по обеспечению безопасности своего воздушного пространства. — советник президента России, Антон Кобяков, комментируя заявления Украины об опасности полетов над Россией — ТАСС #вэф	03.09.2026	6:43	Market Twits	03.09.2026 6:43:00	
Возможно	⚠️🇳🇴🇷🇺#украина #нато #геополитика Норвегия арестовала российское судно "Профессор Молчанов" в Баренцбурге арест был произведен по решению суда от 31 августа в рамках иска украинского "Нафтогаза" в рамках взыскания с России $4,2 млрд по решению суда в Гааге	03.09.2026	6:47	Market Twits	03.09.2026 6:47:00	
Возможно	🛢🇷🇺🇨🇳#GAZP #газ #россия #китай Газпром и CNPC обсудили вопросы стратегического сотрудничества. В частности, речь шла о подготовке к началу поставок российского газа в Китай по «дальневосточному» маршруту. Реализация проекта ведется по графику. Следующий этап – проведение пусконаладочных работ. — Газпром #вэф	03.09.2026	6:48	Market Twits	03.09.2026 6:48:00	
Не важно	🚫🛢🇪🇺#газ #европа "В Европе будет зима", — Миллер, отвечая на вопрос ТАСС о достаточности запасов газа в Европе к отопительному сезону. #вэф	03.09.2026	6:51	Market Twits	03.09.2026 6:51:00	
Возможно	Греф: Сбербанк рассчитывает по итогам 2026 года заработать рекордную прибыль и выплатить рекордные дивиденды #SBER Читать далее 👉 https://smartlab.news/i/202960 мы в max	03.09.2026	6:51	Смарт Лаб	03.09.2026 6:51:00	
Возможно	Греф: российская экономика уже перешла от замедления к переохлаждению и нуждается в поддержке и стимулировании роста инвестиций Читать далее 👉 https://smartlab.news/i/202961 мы в max	03.09.2026	6:53	Смарт Лаб	03.09.2026 6:53:00	
Возможно	🛢🇷🇺🇻🇳#NVTK #вьетнам "НОВАТЭК" обсуждает поставки СПГ частным вьетнамским компаниям, которые заканчивают строительство терминалов по приему сжиженного газа. Для начала стороны рассматривают возможность поставки 1 млн тонн СПГ — Михельсон, ТАСС #вэф	03.09.2026	6:54	Market Twits	03.09.2026 6:54:00	
Важно	Греф допустил паузы в снижении ключевой ставки, но не видит оснований для ее повышения Читать далее 👉 https://smartlab.news/i/202962 мы в max	03.09.2026	6:55	Смарт Лаб	03.09.2026 6:55:00	
Не важно	🇷🇺#авто #nev #россия Продажи новых автомобилей в РФ в январе - августе 2026 г. выросли на 7% и превысили 940 тыс. штук. Доля отечественных автомобилей на рынке РФ в январе - августе 2026 г. достигла 63,5%. Продажи электромобилей и гибридов в РФ за 8 месяцев выросли почти вдвое, до 83 тыс. Выпуск электромобилей и гибридов в рф в 2026 году может вырасти в 1,5-2 раза, до 25-30 тыс. — Мантуров #вэф	03.09.2026	6:57	Market Twits	03.09.2026 6:57:00	
Возможно	Алроса пока не нуждается в поддержке через закупки алмазов в Гохран. У компании нет серьезных проблем со сбытом продукции — глава Якутии Айсен Николаев #ALRS Читать далее 👉 https://smartlab.news/i/202963 мы в max	03.09.2026	6:58	Смарт Лаб	03.09.2026 6:58:00	
Возможно	🇷🇺#UNAC #авиа #россия Импортозамещенный самолет SJ-100 должен получить сертификат весной, поставки стартуют в 2027 г. Твердые контракты на поставку импортозамещенных самолетов SJ-100 с потенциальными заказчиками, в том числе с Red Wings и "Азимутом", могут быть заключены до конца 2026 г. — Алиханов, ТАСС #вэф	03.09.2026	6:59	Market Twits	03.09.2026 6:59:00	
Возможно	🇷🇺#SBER Сбер не планирует открывать новые филиалы в других странах. Банк намерен развиваться в этом направлении по пути партнерства — заместитель председателя правления Сбера Анатолий Попов #вэф	03.09.2026	7:00	Market Twits	03.09.2026 7:00:00	
Возможно	Новатэк продолжает переговоры с Вьетнамом о поставках СПГ — глава компании Леонид Михельсон #NVTK Читать далее 👉 https://smartlab.news/i/202964 мы в max	03.09.2026	7:01	Смарт Лаб	03.09.2026 7:01:00	
Важно	⚠️🇮🇷#иран #геополитика Иран нанес удары по американским базам в Кувейте — Press TV	03.09.2026	7:03	Market Twits	03.09.2026 7:03:00	
Не важно	⚡️❗️🗓#календарь Шуфутинский может выступить с Канье Уэстом на "Газпром Арене", если выступление состоится сегодня — источники	03.09.2026	7:04	Market Twits	03.09.2026 7:04:00	
Возможно	Сбер оценивает вероятность снижения ставки 11 сентября на 25 б.п. и паузы как 50 на 50 — финдир Сбербанка Тарас Скворцов Читать далее 👉 https://smartlab.news/i/202965 мы в max	03.09.2026	7:04	Смарт Лаб	03.09.2026 7:04:00	
Возможно	Греф: российский банковский сектор по итогам 2026 года может заработать около ₽4 трлн Читать далее 👉 https://smartlab.news/i/202966 мы в max	03.09.2026	7:06	Смарт Лаб	03.09.2026 7:06:00	
Не важно	МНЕНИЕ: Массовое распространение цифрового рубля может лишить банки более ₽100 млрд комиссий в год и увести до 10% пассивов — Ъ Читать далее 👉 https://smartlab.news/i/202967 мы в max	03.09.2026	7:13	Смарт Лаб	03.09.2026 7:13:00	
Возможно	Греф: Сбербанк намерен продолжать поддержку маркетплейсов и продавцов, пострадавших из-за атак БПЛА #OZON #SBER Читать далее 👉 https://smartlab.news/i/202968 мы в max	03.09.2026	7:14	Смарт Лаб	03.09.2026 7:14:00	
Не важно	⬆️🇺🇸#акции #сша В акциях США попытка откупа. Шорты на многолетних максимумах, а Трамп вчера сказал, что акции будут расти.	03.09.2026	7:15	Market Twits	03.09.2026 7:15:00	
Возможно	Импортозамещенный самолет SJ-100 должен получить сертификат весной 2027 года — Антон Алиханов #UNAC Читать далее 👉 https://smartlab.news/i/202969 мы в max	03.09.2026	7:16	Смарт Лаб	03.09.2026 7:16:00	
Не важно	России удалось привлечь новых технологических партнеров для всех 13 автозаводов, оставленных иностранными производителями — Антон Алиханов Читать далее 👉 https://smartlab.news/i/202970 мы в max	03.09.2026	7:18	Смарт Лаб	03.09.2026 7:18:00	
Не важно	Газпром и CNPC обсудили вопросы стратегического сотрудничества. Компания готовится к запуску поставок газа в Китай по дальневосточному маршруту #GAZP Читать далее 👉 https://smartlab.news/i/202971 мы в max	03.09.2026	7:26	Смарт Лаб	03.09.2026 7:26:00	
Не важно	РусГидро и Эн+ предложили Минэнерго упростить административные процедуры при строительстве ГЭС и ГАЭС — РБК #HYDR #ENPG Читать далее 👉 https://smartlab.news/i/202972 мы в max	03.09.2026	7:34	Смарт Лаб	03.09.2026 7:34:00	
Не важно	🇯🇵 #fx #япония #интервенции Сильное укрепление йены против доллара после очередных интервенций Трейдеры с повышенным вниманием следят за возможной интервенцией перед предстоящим заседанием Банка Японии и далее з-дневными выходными. Это окно - прекрасный шанс для ЦБ вмешаться на рынке— BBG Япония и США ранее заявляли, что готовы и далее проводить интервенции, если понадобится.	03.09.2026	7:35	Market Twits	03.09.2026 7:35:00	
Возможно	🇷🇺#бизнес #россия Генпрокурор Александр Гуцан предложил ввести в 2027 году мораторий на проверки бизнеса в качестве поддержки бизнеса в условиях атак БПЛА, передает корреспондент РБК	03.09.2026	7:37	Market Twits	03.09.2026 7:37:00	
Не важно	✴️🇷🇺#CBDC #банки #россия Из-за цифрового рубля банки потеряют ликвидность и комиссионные доходы — Ъ Внедрение цифрового рубля может привести к потере до 100 млрд руб. комиссионных доходов банков ежегодно, а также к оттоку 10% пассивов. Кроме того, выход на окупаемость будет долгим, прежде всего для небольших кредитных организаций. В различных сценариях развития эксперты ожидают, что через 5–7 лет цифровой рубль займет от 5% до 30% безналичного оборота.	03.09.2026	7:41	Market Twits	03.09.2026 7:41:00	
Возможно	ИКС Холдинг до 2030 года вложит свыше ₽35 млрд в создание в Приморском крае комплекса по выпуску сложных полупроводников для космоса, связи и радиоэлектроники — РБК #ELMT Читать далее 👉 https://smartlab.news/i/202973 мы в max	03.09.2026	7:43	Смарт Лаб	03.09.2026 7:43:00	
Не важно	🛢#нефть НПЗ в Индии и Китае, двух крупнейших в мире импортерах нефти, наращивают спотовые закупки ближневосточной нефти, что приводит к росту цен — BBG	03.09.2026	7:49	Market Twits	03.09.2026 7:49:00	
Не важно	Генпрокурор РФ предложил ввести мораторий на проверки малого бизнеса в 2027 году — РБК Читать далее 👉 https://smartlab.news/i/202974 мы в max	03.09.2026	7:52	Смарт Лаб	03.09.2026 7:52:00	
Не важно	💥✴️🇺🇸#HOOD #крипто Robinhood обогнал Binance по кол-ву холдеров токенизированных акций (862 800 против 827 200 соответственно), став крупнейшей платформой по этому показателю — Token Terminal ——————————- Сеть Robinhood Chain была запущена брокером Robinhood 1 июля и стремительно набирает популярность и бьет рекорды по многим показателям	03.09.2026	7:53	Market Twits	03.09.2026 7:53:00	
Не важно	❗️🇮🇳#экономика #индия #отчетность Индия (авг) Services PMI = 54.1 (ранее 57.4) Composite PMI = 54.3 (ранее 54.3)	03.09.2026	8:01	Market Twits	03.09.2026 8:01:00	
Возможно	🇷🇺#SELG Селигдар не планирует приобретать новые активы в ближайшей перспективе — президент холдинга Александр Хрущ, РИА #вэф	03.09.2026	8:02	Market Twits	03.09.2026 8:02:00	
Возможно	🇷🇺#AFLT Аэрофлот заявил об ориентации на устойчивую работу, а не на внешние заявления. Безопасность пассажиров остается главным приоритетом авиакомпании — глава компании Сергей Александровский, ВЕСТИ	03.09.2026	8:03	Market Twits	03.09.2026 8:03:00	
Возможно	X5 попросила Путина отменить 25% ограничение на расширение торговых сетей — Ъ #X5 Читать далее 👉 https://smartlab.news/i/202976 мы в max	03.09.2026	8:05	Смарт Лаб	03.09.2026 8:05:00	
Возможно	Аэрофлот в своей работе ориентируется не на внешние заявления, а на обеспечение устойчивой деятельности — глава компании Сергей Александровский #AFLT Читать далее 👉 https://smartlab.news/i/202977 мы в max	03.09.2026	8:06	Смарт Лаб	03.09.2026 8:06:00	
Не важно	🇷🇺#техи #россия На ВЭФ подписали соглашение о создании производства сложных полупроводников. В Приморье построят крупнейший в России производственный комплекс по производству сложных полупроводников. Соглашение о сотрудничестве при реализации инвестпроекта подписали на ВЭФ Минпромторг, Минвостокразвития, правительство края и компания «ИКС Холдинг» — Ъ #вэф	03.09.2026	8:07	Market Twits	03.09.2026 8:07:00	
Возможно	🇷🇺#X5 #ритейлеры #россия Крупнейший российский ритейлер X5 попросил президента РФ отменить одну из ключевых норм закона «О торговле», запрещающую сетям открывать новые магазины после достижения доли в 25% в муниципальном образовании или регионе. Это, по мнению ритейлеров, позволит обеспечить бесперебойные поставки продовольствия, которые сейчас находятся под угрозой из-за атак на логистическую инфраструктуру. — Ъ	03.09.2026	8:08	Market Twits	03.09.2026 8:08:00	
Не важно	🇷🇺#авто #россия Россия нашла новых партнеров для оставленных иностранцами автозаводов России удалось привлечь новых технологических партнеров для всех 13 автозаводов, оставленных иностранными производителями, сохранив контроль над активами за отечественными бенефициарами. — Алиханов #вэф	03.09.2026	8:11	Market Twits	03.09.2026 8:11:00	
Не важно	попса после отчетностей: 🇺🇸#NTAP NetApp = -9% 🇺🇸#HPE Hewlett Packard = -5% 🇺🇸#AI C3ai = -1% 🇺🇸#GOLD Barrick Gold = -4% 🇺🇸#SNOW Snowflake = +23% 🇺🇸#AVGO Broadcom = -1%	03.09.2026	8:15	Market Twits	03.09.2026 8:15:00	
Возможно	Нефтекомпании с мая исполнили лишь 41% биржевых контрактов на бензин на фоне повреждений НПЗ — Ъ #ROSN #LKOH Читать далее 👉 https://smartlab.news/i/202978 мы в max	03.09.2026	8:15	Смарт Лаб	03.09.2026 8:15:00	
Возможно	🇷🇺#ipo #spo #россия На публичный рынок могут выйти еще 3-4 федеральные компании — Моисеев «В принципе, не так уж много осталось: я называю то три, то четыре компании, где у нас доля такая, где она могла быть еще уменьшена, и мы могли бы выйти на рынок» #вэф	03.09.2026	8:16	Market Twits	03.09.2026 8:16:00	
Не важно	🇷🇺#мессенджеры #россия В России активно развиваются новые мессенджеры от отечественных разработчиков. О намерении запустить собственные проекты только в августе заявили Wildberries, Blink и Looky. — Ъ	03.09.2026	8:19	Market Twits	03.09.2026 8:19:00	
Не важно	На федеральном уровне осталось лишь три-четыре крупные компании, где государство еще может сократить свою долю и вывести акции на рынок — замглавы Минфина Алексей Моисеев Читать далее 👉 https://smartlab.news/i/202979 мы в max	03.09.2026	8:26	Смарт Лаб	03.09.2026 8:26:00	
Возможно	⬇️🇷🇺#инфляция #россия Недельная инфляция в России вновь опустилась ниже нуля. Из пяти последних значений отрицательными были четыре.	03.09.2026	8:29	Market Twits	03.09.2026 8:29:00	
Возможно	🇷🇺#ZVEZ Путин посетил судостроительный комплекс «Звезда». Оператором и якорным заказчиком предприятия является Роснефть. «Звезда» – крупнейшее в стране и одно из самых современных в мире предприятий, созданное с нуля в постсоветский период. Комплекс специализируется на строительстве крупнотоннажных гражданских судов, ледоколов и морской техники, включая буровые платформы для круглогодичной работы в Арктике. #вэф	03.09.2026	8:35	Market Twits	03.09.2026 8:35:00	
Не важно	🇷🇺#акции #россия #обзор Шансы на то, что IMOEX в этот раз закрепится выше своей 50-дневки выше, чем месяц назад, когда он этого не смог сделать — эксперты	03.09.2026	8:40	Market Twits	03.09.2026 8:40:00	
Не важно	Выплаты топ-менеджерам крупных застройщиков в I полугодии выросли на 36,6% г/г на фоне падения выручки и продаж — Ъ Читать далее 👉 https://smartlab.news/i/202980 мы в max	03.09.2026	8:41	Смарт Лаб	03.09.2026 8:41:00	
Возможно	🛢#опек #нефть #макро РОЛЬ ОПЕК ОСТАЕТСЯ ВЫСОКОЙ, ОРГАНИЗАЦИЯ, БЕЗУСЛОВНО, ПРОДОЛЖИТ ОКАЗЫВАТЬ ЗНАЧИТЕЛЬНОЕ ВЛИЯНИЕ НА МИРОВЫЕ РЫНКИ — НОВАК —————————- RTRS ранее писал, что ОПЕК+ утратил влияние на рынок нефти спустя 6 месяцев войны в Иране #вэф	03.09.2026	8:44	Market Twits	03.09.2026 8:44:00	
Возможно	🛢🇷🇺#fx #нефть #россия НОВАЯ ЦЕНА ОТСЕЧЕНИЯ ДЛЯ БЮДЖЕТНОГО ПРАВИЛА В $50/БАРРЕЛЬ ОБСУЖДАЕТСЯ, СНИЖЕНИЕ ОТСЕЧКИ - ПРАВИЛЬНЫЙ ТРЕК С ТОЧКИ ЗРЕНИЯ ПЛАНИРОВАНИЯ — НОВАК #вэф	03.09.2026	8:51	Market Twits	03.09.2026 8:51:00	
Возможно	🛢🇷🇺 #нефть #бензин #россия ДОБЫЧА НЕФТИ В РОССИИ СЕЙЧАС НИЖЕ ПРОГНОЗНЫХ ПОКАЗАТЕЛЕЙ В СВЯЗИ С УМЕНЬШЕНИЕМ ЗАГРУЗКИ НПЗ РОССИЯ СМОЖЕТ НА 100% ОТРЕМОНТИРОВАТЬ НПЗ, ТЕХНОЛОГИЙ И КОМПЕТЕНЦИЙ ДОСТАТОЧНО РОССИЯ НАЧНЕТ НАРАЩИВАТЬ ДОБЫЧУ НЕФТИ ПО МЕРЕ ВЫХОДА НПЗ ИЗ РЕМОНТОВ СНИЖЕНИЕ ДОБЫЧИ НЕФТИ РОССИЕЙ В ЭТОМ ГОДУ - ЯВЛЕНИЕ ВРЕМЕННОЕ ЭКСПОРТ НЕФТИ ИЗ РОССИИ СТАБИЛЕН, ИНФРАСТРУКТУРА ЗАГРУЖЕНА МАКСИМАЛЬНО ЗАКРЫТИЕ ОРМУЗСКОГО ПРОЛИВА БУДЕТ ПРОДОЛЖАТЬ ЗНАЧИТЕЛЬНО ВЛИЯТЬ НА МИРОВЫЕ РЫНКИ - НОВАК #вэф	03.09.2026	8:52	Market Twits	03.09.2026 8:52:00	
Возможно	Селигдар в ближайшей перспективе не планирует покупать новые активы или лицензии из-за ограниченности ресурсов — президент холдинга Александр Хрущ #SELG Читать далее 👉 https://smartlab.news/i/202981 мы в max	03.09.2026	8:52	Смарт Лаб	03.09.2026 8:52:00	
Возможно	Новак: новая цена отсечения для бюджетного правила в 50$/баррель обсуждается. Снижение отсечки это правильный трек с точки зрения планирования Читать далее 👉 https://smartlab.news/i/202982 мы в max	03.09.2026	8:54	Смарт Лаб	03.09.2026 8:54:00	
Возможно	❗️🇷🇺#вэф ПУТИН ПРИШЕЛ НА ПЛЕНАРНОЕ ЗАСЕДАНИЕ ВЭФ трансляция	03.09.2026	8:57	Market Twits	03.09.2026 8:57:00	
Важно	#Политика Пленарное заседание Путина на ВЭФ начинается	03.09.2026	8:58	Шпион РЦБ	03.09.2026 8:58:00	
	🔔 Доброе утро! Сегодня 03.09 ожидаем следующие события: 🇷🇺 Артген биотех (ИСКЧ): Онлайн-конференция с участием гендира Сергея Масюка по отчёту МСФО за 1п2026 📆 Полный календарь тут: https://smart-lab.ru/calendar/stocks/ ✊Удачных инвестиций!	03.09.2026	9:00	Смарт Лаб	03.09.2026 9:00:00	
Возможно	Новак: ▪️ Ряд НПЗ уже направили дополнительные объемы топлива на внутренний рынок ▪️ На этой неделе уже есть позитивные изменения на рынке топлива ▪️ Все поврежденные НПЗ смогут быть отремонтированы на 100% Читать далее 👉 https://smartlab.news/i/202984 мы в max	03.09.2026	9:00	Смарт Лаб	03.09.2026 9:00:00	
Возможно	❗️🇷🇺#AFLT #spo Минфин не будет продавать акции «Аэрофлота» по «бросовым ценам», заявил РБК замминистра финансов Алексей Моисеев. По его мнению, реализовывать госпакет по цене, например, в 28 руб. за акцию — «это нелогично»	03.09.2026	9:01	Market Twits	03.09.2026 9:01:00	
Не важно	💥🇷🇺#ZVEZ СУДОСТРОИТЕЛЬНЫЙ КОМПЛЕКС "ЗВЕЗДА" ВПЕЧАТЛЯЕТ, ЭТО ВЫСОКОТЕХНОЛОГИЧНОЕ СОВРЕМЕННОЕ ПРОИЗВОДСТВО -- ПУТИН #вэф	03.09.2026	9:02	Market Twits	03.09.2026 9:02:00	
Возможно	Новак: добыча нефти в России в 2026 году немного снизится из-за внеплановых ремонтов НПЗ Читать далее 👉 https://smartlab.news/i/202985 мы в max	03.09.2026	9:03	Смарт Лаб	03.09.2026 9:03:00	
Не важно	❗️🇷🇺#экономика #россия #отчетность РФ (авг) Services PMI = 51 (ранее 49) Composite PMI = 50.6 (ранее 49.6) 💥оживление в августе	03.09.2026	9:05	Market Twits	03.09.2026 9:05:00	
Возможно	❗️🇷🇺#дв #россия #макро РОССИЙСКИЕ ВЛАСТИ ПЕРЕХОДЯТ К РЕАЛИЗАЦИИ ОБНОВЛЕННОЙ СТРАТЕГИИ РАЗВИТИЯ ДАЛЬНЕГО ВОСТОКА ДО 2036 ГОДА — ПУТИН Путин объявил о переходе к следующему этапу развития Дальнего Востока Путин потребовал убирать бюрократические барьеры для бизнеса на Дальнем Востоке и в Арктике С 2027 года на Дальнем Востоке введут особой правовой режим для новых технологий #вэф	03.09.2026	9:06	Market Twits	03.09.2026 9:06:00	
Возможно	Минфин может отложить SPO Аэрофлота, если рынок не позволит продать акции по приемлемой цене — замминистра финансов Алексей Моисеев #AFLT Читать далее 👉 https://smartlab.news/i/202986 мы в max	03.09.2026	9:06	Смарт Лаб	03.09.2026 9:06:00	
Не важно	📈 Индекс PMI в сфере услуг РФ в августе вырос до 51,3 пункта с 49 пунктов месяцем ранее - S&P Global Читать далее 👉 https://smartlab.news/i/202987 мы в max	03.09.2026	9:07	Смарт Лаб	03.09.2026 9:07:00	
Возможно	#Политика Путин объявил о введении с 1 января 2026 единого преференциального режима для бизнеса на всем Дальнем Востоке и в Арктике — ТАСС	03.09.2026	9:09	Шпион РЦБ	03.09.2026 9:09:00	
Возможно	❗️🇷🇺#дв #арктика #россия Путин объявил о введении с 1 января 2027 года единого преференциального режима для бизнеса на всем Дальнем Востоке и в Арктике Единая система поддержки бизнеса вступает в силу на всей территории Дальнего Востока и Арктики с 1 января 2027 года — Путин #вэф	03.09.2026	9:10	Market Twits	03.09.2026 9:10:00	
Возможно	Путин объявил о введении с 1 января 2027 года единого преференциального режима для бизнеса на всем Дальнем Востоке и в Арктике Читать далее 👉 https://smartlab.news/i/202988 мы в max	03.09.2026	9:12	Смарт Лаб	03.09.2026 9:12:00	
Не важно	ВТБ планирует оказывать брокерские услуги, хранить и обменивать криптовалюту #VTBR Читать далее 👉 https://smartlab.news/i/202989 мы в max	03.09.2026	9:13	Смарт Лаб	03.09.2026 9:13:00	
Не важно	#Политика Пока что речь не про фондовый рынок на сессии Путина: За 11 лет в дальневосточные регионы привлечено около 25 трлн рублей капитальных вложений, ВРП вырос более чем в три раза Безработица на Дальнем Востоке снизилась за последнее время в четыре раза, до 2,2% — как в среднем по стране Путин объявил о переходе к следующему этапу развития Дальнего Востока — обновленной стратегии на предстоящие 10 лет	03.09.2026	9:18	Шпион РЦБ	03.09.2026 9:18:00	
Не важно	🇷🇺#дв #россия	03.09.2026	9:19	Market Twits	03.09.2026 9:19:00	
Возможно	#ROSN Первая нефть Восток-Ойла уже скоро отправится потребителям — Путин	03.09.2026	9:24	Шпион РЦБ	03.09.2026 9:24:00	
да	💥🇷🇺#ROSN ПЕРВАЯ НЕФТЬ "ВОСТОК ОЙЛА" ВСКОРЕ ОТПРАВИТСЯ ПОТРЕБИТЕЛЯМ — ПУТИН	03.09.2026	9:25	Market Twits	03.09.2026 9:25:00	
Возможно	#Политика РФ планирует сделать навигацию по Севморпути круглогодичной — Путин	03.09.2026	9:25	Шпион РЦБ	03.09.2026 9:25:00	
Возможно	Путин: первая нефть с Восток Ойл будет отгружена уже скоро #ROSN Читать далее 👉 https://smartlab.news/i/202990 мы в max	03.09.2026	9:28	Смарт Лаб	03.09.2026 9:28:00	
Не важно	🇷🇺#акции #россия #макро Потенциал роста фондового рынка – в регионах — Моисеев #вэф	03.09.2026	9:32	Market Twits	03.09.2026 9:32:00	
Не важно	МНЕНИЕ: Масштабная распродажа государственных облигаций в США и Европе грозит ростом стоимости заимствований, инфляцией и рисками для банков и пенсионных фондов — Известия Читать далее 👉 https://smartlab.news/i/202992 мы в max	03.09.2026	9:35	Смарт Лаб	03.09.2026 9:35:00	
Не важно	⚠️🇷🇺#лизинг #россия #обзор Рынок лизинга по итогам 1п 2026г: иллюзия роста — обзор Эксперт РА	03.09.2026	9:37	Market Twits	03.09.2026 9:37:00	
Не важно	🇷🇺#дкп #россия Греф считает, что у Банка России сохраняется пространство для дальнейшего снижения ключевой ставки, несмотря на ускорение инфляции – по его оценке, оно вызвано шоком предложения (выбытием мощностей из-за атак БПЛА), а не всплеском спроса, и не требует реакции через денежно-кредитную политику. — Ведомости #вэф	03.09.2026	9:38	Market Twits	03.09.2026 9:38:00	
Не важно	⚠️🇨🇭#инфляция #швейцария Инфляция в Швейцарии в августе выросла сильнее, чем ожидалось, и стала самой высокой за последние два года — BBG Swiss Inflation Jumps More Than Expected to Fastest in Two Years	03.09.2026	9:40	Market Twits	03.09.2026 9:40:00	
Возможно	#Политика Путин завершил речь на пленарной сессии. Теперь немного вопросов от журналистов	03.09.2026	9:40	Шпион РЦБ	03.09.2026 9:40:00	
Возможно	Путин призвал убрать бюрократические барьеры для бизнеса и не допускать «закручивания гаек» Читать далее 👉 https://smartlab.news/i/202993 мы в max	03.09.2026	9:42	Смарт Лаб	03.09.2026 9:42:00	
Возможно	#Макро Сейчас инфляция 6.3%. Цель достигается. Здесь важно не переохладить экономику — Путин	03.09.2026	9:42	Шпион РЦБ	03.09.2026 9:42:00	
Не важно	✴️🇷🇺#цфа #россия #крипто #обзор Российский рынок цифровых финансовых активов (ЦФА) демонстрирует активный рост первичных размещений, однако вторичная ликвидность остается крайне низкой: в I квартале 2026 года на вторичные сделки пришлось лишь 3,6% оборота. За первые семь месяцев текущего года общий объём размещений сократился на 15% по сравнению с аналогичным периодом 2025 года, составив 685,3 млрд руб., хотя внутри года темпы ускорились — во II квартале было размещено вдвое больше, чем в предыдущие три месяца. Основным драйвером транзакций по количеству выступают физические лица, но 94% денежного оборота по-прежнему формируют юридические лица. — обзор НКР	03.09.2026	9:43	Market Twits	03.09.2026 9:43:00	
Важно	❗️🇷🇺#инфляция #экономика #россия ЦЕЛЬ СНИЖЕНИЯ ИНФЛЯЦИИ ДОСТИГАЕТСЯ, НО ВАЖНО НЕ ПЕРЕОХЛАДИТЬ ЭКОНОМИКУ ПРАВИТЕЛЬСТВУ И ЦБ УДАЕТСЯ "ПРОХОДИТЬ МЕЖДУ СЦИЛЛОЙ И ХАРИБДОЙ" В ЭКОНОМИКЕ ДЕФИЦИТЕ БЮДЖЕТА ЕСТЬ, НО НЕ КРИТИЧНЫЙ — ПУТИН #вэф	03.09.2026	9:43	Market Twits	03.09.2026 9:43:00	
Возможно	#Макро Проблему дефицита бюджета, я уверен, мы решим — Путин	03.09.2026	9:43	Шпион РЦБ	03.09.2026 9:43:00	
Важно	Путин: у РФ один из самых низких показателей госдолга в мире. Дефицит бюджета некритичный. Уверен, что он будет решен Читать далее 👉 https://smartlab.news/i/202994 мы в max	03.09.2026	9:48	Смарт Лаб	03.09.2026 9:48:00	
Важно	Путин: была угроза гипервсплеска инфляции, ее важно было не допустить. Также важно не переохладить экономику Читать далее 👉 https://smartlab.news/i/202995 мы в max	03.09.2026	9:49	Смарт Лаб	03.09.2026 9:49:00	
Не важно	❗️🇯🇵#fx #акции #япония JPY продолжает сильно укрепляться против USD после вчерашних серий интервенций Nikkei под прессингом	03.09.2026	9:50	Market Twits	03.09.2026 9:50:00	
Возможно	#макро Новак допустил снижение цены отсечения на нефть до $50 за баррель — Коммерсантъ Решение о новых параметрах бюджетного правила будет объявлено, когда его одобрит правительство. Принципиально снижение цены отсечения на нефть — это «абсолютно правильный трек», считает вице-премьер Александр Новак. По его словам, один из вариантов — это $50 за баррель (сейчас показатель составляет $59 за баррель). Бюджетное правило позволяет перераспределять доходы от экспорта нефти и газа. Все доходы, превышающие установленную цену отсечения на нефть ($59 за баррель), направляют на покупку валюты и золота ФНБ.	03.09.2026	9:51	Шпион РЦБ	03.09.2026 9:51:00	
Не важно	МНЕНИЕ: Экспорт пшеницы из РФ в сентябре может снизиться в 2,5 раза г/г до 1,6–2 млн тонн — аналитический центр Русагротранса #RAGR Читать далее 👉 https://smartlab.news/i/202996 мы в max	03.09.2026	10:00	Смарт Лаб	03.09.2026 10:00:00	
Не важно	Создание резервов под селлеров и маркетплейсы не окажет влияния на рекордную прибыль Сбера в этом году — Греф #SBER Читать далее 👉 https://smartlab.news/i/202997 мы в max	03.09.2026	10:03	Смарт Лаб	03.09.2026 10:03:00	
Возможно	#Нефтянка Почти 60% контрактов на поставку бензина на бирже с мая не исполнены — Коммерсантъ Из-за роста повреждений НПЗ нефтекомпании ухудшили исполнение сделок на Петербургской бирже: отгрузки топлива не были завершены по почти 60% контрактов, заключенных с мая по сентябрь. Участники рынка объясняют сбои необходимостью направлять топливо приоритетным потребителям, покупатели же жалуются, что зачастую не могут получить подтверждение форс-мажора.	03.09.2026	10:03	Шпион РЦБ	03.09.2026 10:03:00	
Не важно	🇷🇺#MOEX #торги #россия Московская биржа в сентябре запустит 20 вечных фьючерсов на акции США Старт торгов новыми вечными фьючерсами на глобальные активы пройдет в два этапа, 8 и 15 сентября 2026 года релиз	03.09.2026	10:06	Market Twits	03.09.2026 10:06:00	
Возможно	Александр Исаков назначен главным экономистом ВЭБ.PФ, новую должность он будет совмещать с работой в Сбербанке, где он возглавляет центр макроэкономических исследований Читать далее 👉 https://smartlab.news/i/202999 мы в max	03.09.2026	10:06	Смарт Лаб	03.09.2026 10:06:00	
Не важно	#MOEX Московская биржа в сентябре запустит 20 вечных фьючерсов на глобальные активы Старт торгов новыми вечными фьючерсами на глобальные активы пройдет в два этапа, 8 и 15 сентября 2026 года	03.09.2026	10:09	Шпион РЦБ	03.09.2026 10:09:00	
Важно	Лавров: Мы не строим стены и не хотим отгораживаться от Европы Читать далее 👉 https://smartlab.news/i/203000 мы в max	03.09.2026	10:10	Смарт Лаб	03.09.2026 10:10:00	
Не важно	Мосбиржа в сентябре запустит 20 вечных фьючерсов на глобальные активы Читать далее 👉 https://smartlab.news/i/203001 мы в max	03.09.2026	10:12	Смарт Лаб	03.09.2026 10:12:00	
Важно	⚠️🇩🇪🇺🇦#нато #украина #геополитика Spiegel: Германия намерена помогать Украине собирать координаты возможных целей в РФ	03.09.2026	10:13	Market Twits	03.09.2026 10:13:00	
Не важно	🇮🇩🇷🇺#индонезия #россия #торговля ТАСС: Президент Индонезии предложил России поставить задачу удвоить товарооборот #вэф	03.09.2026	10:15	Market Twits	03.09.2026 10:15:00	
Не важно	⚠️🇷🇺#демография #россия Нынешний уровень рождаемости в России недостаточен — Путин #вэф	03.09.2026	10:17	Market Twits	03.09.2026 10:17:00	
Не важно	📈Акции завода "Звезда" на Мосбирже растут на 19,5%, однако это совсем не та "Звезда", которую посещал Владимир Путин, спекулянты как всегда всё перепутали #ZVEZ Путин посещал верфь на Дальнем Востоке, а завод «Звезда» находится в СПб и никакого отношения к верфям не имеет. Читать далее 👉 https://smartlab.news/i/203002 мы в max	03.09.2026	10:18	Смарт Лаб	03.09.2026 10:18:00	
да	#GAZP Алексей Миллер и Председатель Совета директоров Китайской национальной нефтегазовой корпорации (CNPC) Дай Хоулян обсудили вопросы стратегического сотрудничества — Газпром В частности, речь шла о подготовке к началу поставок российского газа в Китай по «дальневосточному» маршруту. Реализация проекта ведется по графику. Следующий этап – проведение пусконаладочных работ.	03.09.2026	10:22	Шпион РЦБ	03.09.2026 10:22:00	
Возможно	Путин: Нам, конечно, недостаточно того уровня рождаемости, на котором мы находимся. Но в Южной Корее хуже, в Японии хуже Читать далее 👉 https://smartlab.news/i/203003 мы в max	03.09.2026	10:23	Смарт Лаб	03.09.2026 10:23:00	
Возможно	❗️🇮🇷#иран #геополитика Трамп в частном порядке рассматривает возможность объявить об окончании войны с Ираном, но при этом оставить в регионе 50 000 военнослужащих, чтобы сохранить за собой право выбора — WSJ	03.09.2026	10:25	Market Twits	03.09.2026 10:25:00	
Не важно	Путин о своей недавней поездке по дальневосточному лесу: На машине ехали. Выходит тигр, идет прямо перед машиной, хвостиком машет, никуда не уходит. Хозяин тайги! Читать далее 👉 https://smartlab.news/i/203004 мы в max	03.09.2026	10:27	Смарт Лаб	03.09.2026 10:27:00	
Возможно	Путин: Планируем создать на основе Восточной биржи современный финансовый центр Читать далее 👉 https://smartlab.news/i/203005 мы в max	03.09.2026	10:32	Смарт Лаб	03.09.2026 10:32:00	
Не важно	⬆️🌫#медь #прогноз В начале 2027г цены на медь могут достичь рекордного уровня из-за опасений по поводу тарифов в США, проблем с поставками на рудниках и устойчивого мирового спроса — ANZ	03.09.2026	10:36	Market Twits	03.09.2026 10:36:00	
Не важно	Продажи новых авто в РФ за январь-август 2026 г. выросли на 7% г/г и превысили 940 тыс ед — Алиханов #SVAV Читать далее 👉 https://smartlab.news/i/203006 мы в max	03.09.2026	10:36	Смарт Лаб	03.09.2026 10:36:00	
Не важно	⬆️🛢🇪🇺#бензин #европа DPA: цены на бензин сорта E10 в Германии побили рекорд	03.09.2026	10:43	Market Twits	03.09.2026 10:43:00	
Возможно	Селигдар по итогам года покажет прирост по производству золота 12,5% — президент холдинга Александр Хрущ #SELG Читать далее 👉 https://smartlab.news/i/203008 мы в max	03.09.2026	10:43	Смарт Лаб	03.09.2026 10:43:00	
Не важно	Замглавы Минстроя: Есть ли проблемы с банкротством застройщиков в России? Конечно, есть. Есть ли критические проблемы? Нет #SMLT Читать далее 👉 https://smartlab.news/i/203009 мы в max	03.09.2026	10:46	Смарт Лаб	03.09.2026 10:46:00	
Не важно	Человекоцентричность - главная цель, которая останется ключевой в новой стратегии Сбера — Герман Греф #SBER Читать далее 👉 https://smartlab.news/i/203010 мы в max	03.09.2026	10:52	Смарт Лаб	03.09.2026 10:52:00	
Не важно	❗️🇩🇪#германия #экономика #отчетность Германия (авг) Composite PMI = 51.8 (ранее 51.3) Services PMI = 49.7 (ранее 49.8)	03.09.2026	10:55	Market Twits	03.09.2026 10:55:00	
Не важно	❗️🇪🇺#европа #экономика #отчетность Еврозона (авг) Composite PMI = 52 (ранее 52) Services PMI = 51.6 (ранее 51.7)	03.09.2026	11:00	Market Twits	03.09.2026 11:00:00	
Возможно	🇨🇳#атэс #китай #россия Китай ожидает участие Путина в саммите АТЭС в ноябре - вице-премьер госсовета КНР на ВЭФ — РИА #вэф	03.09.2026	11:02	Market Twits	03.09.2026 11:02:00	
Важно	❗️🇺🇦#украина #геополитика ДОГОВОРИТЬСЯ МЕЖДУ СОБОЙ ДОЛЖНЫ ИМЕННО РОССИЯ И УКРАИНА, А ДРУГИЕ СТРАНЫ МОГУТ ТОЛЬКО ПОДДЕРЖАТЬ И ПОМОЧЬ — ПУТИН ПУТИН СЧИТАЕТ, ЧТО ЕСТЬ ШАНС НА УРЕГУЛИРОВАНИЕ ПО УКРАИНЕ ШАНСЫ НА КОНСТРУКТИВНЫЕ ПЕРЕГОВОРЫ ПО УКРАИНЕ ЕСТЬ КОНТАКТЫ С УКРАИНОЙ ИМЕЮТСЯ, ОНИ ПРОДОЛЖАЮТСЯ В ТЕКУЩЕМ РЕЖИМЕ В ТОМ ЧИСЛЕ ПО ЛИНИИ СПЕЦСЛУЖБ КОНТАКТЫ С АМЕРИКАНСКОЙ АДМИНИСТРАЦИЕЙ ПРОДОЛЖАЮТСЯ - ПУТИН #вэф	03.09.2026	11:03	Market Twits	03.09.2026 11:03:00	
Не важно	Девелопер "Самолет" заморозил жилищный проект на 200 тыс кв м в Амурской области из-за его низкой маржинальности #SMLT Читать далее 👉 https://smartlab.news/i/203011 мы в max	03.09.2026	11:04	Смарт Лаб	03.09.2026 11:04:00	
Возможно	#Политика Воздушные угрозы осложняют мирные переговоры — Путин Контакты с США продолжаются	03.09.2026	11:05	Шпион РЦБ	03.09.2026 11:05:00	
Важно	⚠️🇺🇦#нато #украина #геополитика ЗАПАДНЫЕ СТРАНЫ МОЛЧАЛИВОЙ ПОДДЕРЖКОЙ КИЕВА СТАНОВЯТСЯ СОУЧАСТНИКАМИ ЕГО ГОСУДАРСТВЕННОГО ТЕРРОРИЗМА УГРОЗЫ АТАК НА ВОЗДУШНЫЕ СУДА РФ ОСЛОЖНЯЮТ ВОЗМОЖНОСТЬ ПРОВЕДЕНИЯ ДВУСТОРОННИХ МИРНЫХ ПЕРЕГОВОРОВ - ПУТИН #вэф	03.09.2026	11:06	Market Twits	03.09.2026 11:06:00	
Возможно	Путин: Шансы на урегулирование украинского конфликта есть Прежде всего эту проблему должны решить вовлечённые в конфликт страны – это Россия и Украина. Это подход правильный. Но мы благодарны всем, кто пытается внести свой вклад в урегулирование этого вопроса. Есть ли шансы? Да, на мой взгляд, они естьКонтакты с Украиной имеются, прямо в текущем режиме, по линии специальных служб в первую очередь. Читать далее 👉 https://smartlab.news/i/203013 мы в max	03.09.2026	11:06	Смарт Лаб	03.09.2026 11:06:00	
Не важно	❗️🇷🇺 #MGKL #buyback МГКЛ с 7 сентября начнет выкуп собственных облигаций и усилит выкуп акций в рамках уже утвержденного процесса байбека объемом до 897 млн руб. - для снижения волатильности ценных бумаг и поддержки инвесторов Компания заблаговременно сообщила рынку о начале операций, чтобы обеспечить максимальную прозрачность.	03.09.2026	11:10	Market Twits	03.09.2026 11:10:00	
Не важно	МНЕНИЕ: Получение золота на атомных электростанциях из других элементов технически возможно, но остаётся теорией из-за макроэкономических рисков — президент Селигдара #PLZL #SELG Читать далее 👉 https://smartlab.news/i/203014 мы в max	03.09.2026	11:11	Смарт Лаб	03.09.2026 11:11:00	
Возможно	МГКЛ начнет выкупать облигации и усилит выкуп акций с 7 сентября для снижения волатильности #MGKL Алексей Лазутин, генеральный директор ПАО «МГКЛ»: «В период повышенной волатильности наших ценных бумаг мы приняли решение дополнительно защитить интересы инвесторов за счет выкупа облигаций и более активного выкупа акций в рамках уже утвержденного байбека. Сообщаем рынку заранее, чтобы обеспечить максимальную прозрачность». Читать далее 👉 https://smartlab.news/i/203015 мы в max	03.09.2026	11:11	Смарт Лаб	03.09.2026 11:11:00	
Возможно	#MGKL ПАО «МГКЛ» начнет выкуп облигаций с 7 сентября в рамках поддержки котировок на 897 млн руб в период повышенной волатильности	03.09.2026	11:11	Шпион РЦБ	03.09.2026 11:11:00	
Не важно	Президент России Владимир Путин в рамках выступления на Восточном экономическом форуме отметил успешный опыт РФПИ по работе с зарубежными партнерами и суверенными фондами: «Крупные инфраструктурные логистические проекты требуют масштабных инвестиций, а значит нужны эффективные механизмы поддержки частных вложений, в том числе от наших зарубежных инвесторов, суверенных фондов. Такой успешный опыт работы с партнерами есть у Российского фонда прямых инвестиций».	03.09.2026	11:12	Market Twits	03.09.2026 11:12:00	
Не важно	📈В акциях МГКЛ "свеча" - рост более, чем на 5% после новости о байбеке #MGKL Читать далее 👉 https://smartlab.news/i/203016 мы в max	03.09.2026	11:15	Смарт Лаб	03.09.2026 11:15:00	
Не важно	Объем нового бизнеса российских лизинговых компаний по итогам 1п 2026г вырос на 5% г/г до 853 млрд руб — исследование "Эксперт РА" #LEAS Читать далее 👉 https://smartlab.news/i/203017 мы в max	03.09.2026	11:22	Смарт Лаб	03.09.2026 11:22:00	
Возможно	Большинство представителей крупного бизнеса ожидает ухудшения экономической ситуации в России в ближайшее время — опрос РБК членов РСПП Читать далее 👉 https://smartlab.news/i/203018 мы в max	03.09.2026	11:29	Смарт Лаб	03.09.2026 11:29:00	
Важно	❗️🇷🇺#дкп #россия ВЫСОКАЯ КЛЮЧЕВАЯ СТАВКА ЦБ - СОЗНАТЕЛЬНОЕ РЕШЕНИЕ, СВЯЗАННОЕ С ПОДДЕРЖАНИЕМ МАКРОЭКОНОМИЧЕСКОЙ СТАБИЛЬНОСТИ — ПУТИН #вэф	03.09.2026	11:32	Market Twits	03.09.2026 11:32:00	
Важно	🇷🇺#банки #россия У БАНКОВ СИТУАЦИЯ СТАБИЛЬНА, ДОХОДЫ БАНКОВ РАСТУТ, ДОХОДЫ ЕСТЬ — ПУТИН #вэф	03.09.2026	11:32	Market Twits	03.09.2026 11:32:00	
Возможно	Путин: Инвестиционный цикл по крупным проектам завершен, нужен новый цикл Читать далее 👉 https://smartlab.news/i/203019 мы в max	03.09.2026	11:32	Смарт Лаб	03.09.2026 11:32:00	
Возможно	🇷🇺#экономика #россия ЦИКЛ РЯДА КРУПНЫХ ИНВЕСТПРОЕКТОВ В РФ ЗАВЕРШЕН, НУЖНЕН НОВЫЙ ЦИКЛ — ПУТИН #вэф	03.09.2026	11:33	Market Twits	03.09.2026 11:33:00	
Возможно	Путин: Доходы банков растут, ситуация стабильна #SBER #VTBR Читать далее 👉 https://smartlab.news/i/203020 мы в max	03.09.2026	11:34	Смарт Лаб	03.09.2026 11:34:00	
Возможно	⚠️🇮🇷#иран #геополитика Иран в четверг нанес удар по американским базам в ОАЭ и Кувейте — IRNA	03.09.2026	11:35	Market Twits	03.09.2026 11:35:00	
Важно	🇷🇺#экономика #инфляция #россия НАКАЧИВАТЬ ДЕНЕЖНОЙ МАССОЙ ЭКОНОМИКУ РФ И РАССЧИТЫВАТЬ, ЧТО ЭТО НИКАК НЕ ПОВЛИЯЕТ НА ИНФЛЯЦИЮ, - ОПАСНО СТРОИТЬ ДОЛГОСРОЧНЫЕ ПЛАНЫ ПО ИНВЕСТИЦИЯМ В УСЛОВИЯХ ГАЛОПИРУЮЩЕЙ ИНФЛЯЦИИ НЕВОЗМОЖНО — ПУТИН #вэф	03.09.2026	11:36	Market Twits	03.09.2026 11:36:00	
Возможно	Путин: Высокая ключевая ставка - сознательное решение, связанное с поддержанием макроэкономической стабильности Читать далее 👉 https://smartlab.news/i/203021 мы в max	03.09.2026	11:36	Смарт Лаб	03.09.2026 11:36:00	
Возможно	Путин: Стабильность будет обеспечена. А в условиях стабильности будут и инвестиции Читать далее 👉 https://smartlab.news/i/203022 мы в max	03.09.2026	11:36	Смарт Лаб	03.09.2026 11:36:00	
Важно	❗️🇷🇺#авиа #россия РОСАВИАЦИЯ ПОСЛЕ СООБЩЕНИЙ О ПРОСЬБАХ КИЕВА ЗАКРЫТЬ НЕБО РОССИИ НЕ ПОЛУЧАЛА УВЕДОМЛЕНИЙ ОТ ИКАО И НЕ ИМЕЛА С НЕЙ КОНТАКТОВ РОСАВИАЦИЯ НЕ ПОЛУЧАЛА ЗАПРОСОВ О ПРИОСТАНОВКЕ РЕЙСОВ ЗАРУБЕЖНЫХ АВИАКОМПАНИЙ В РФ, НИ С ОДНОЙ ИЗ 37 СТРАН АВИАСООБЩЕНИЕ НЕ ПРЕКРАТИЛОСЬ РОСАВИАЦИЯ ПРОРАБОТАЕТ С МИД РФ ВОПРОС ВЗАИМОДЕЙСТВИЯ С ИКАО ПО ГРАЖДАНСКИМ ПОЛЕТАМ У ИКАО НЕТ ПОЛНОМОЧИЙ ЗАКРЫТЬ НЕБО НАД РОССИЕЙ, ОНИ МОГУТ ТОЛЬКО РЕКОМЕНДОВАТЬ — ГЛАВА РОСАВИАЦИИ ————————————— вчера Украина попросила ИКАО (агентство ООН по гражданской авиации) полностью запретить государствам-членам использовать воздушное пространство России	03.09.2026	11:42	Market Twits	03.09.2026 11:42:00	
Важно	#Авиа РОСАВИАЦИЯ НЕ ПОЛУЧАЛА ЗАПРОСОВ О ПРИОСТАНОВКЕ РЕЙСОВ ЗАРУБЕЖНЫХ АВИАКОМПАНИЙ В РФ, НИ С ОДНОЙ ИЗ 37 СТРАН АВИАСООБЩЕНИЕ НЕ ПРЕКРАТИЛОСЬ	03.09.2026	11:43	Шпион РЦБ	03.09.2026 11:43:00	
Возможно	Путин: Фондовый рынок в небольшом минусе, но он будет постепенно восстанавливаться Читать далее 👉 https://smartlab.news/i/203023 мы в max	03.09.2026	11:47	Смарт Лаб	03.09.2026 11:47:00	
Возможно	❗️🇷🇺#акции #россия #прогноз УВЕРЕН, ЧТО ФОНДОВЫЙ РЫНОК, КОТОРЫЙ СЕЙЧАС "В МИНУСЕ", БУДЕТ ПОСТЕПЕННО ВОССТАНАВЛИВАТЬСЯ — ПУТИН #вэф	03.09.2026	11:48	Market Twits	03.09.2026 11:48:00	
Возможно	#IMOEX 🚀 УВЕРЕН, ЧТО ФОНДОВЫЙ РЫНОК, КОТОРЫЙ СЕЙЧАС "В МИНУСЕ", БУДЕТ ПОСТЕПЕННО ВОССТАНАВЛИВАТЬСЯ — ПУТИН	03.09.2026	11:48	Шпион РЦБ	03.09.2026 11:48:00	
Возможно	Путин: Накачивать денежной массой экономику РФ и рассчитывать, что это никак не повлияет на инфляцию - опасно Читать далее 👉 https://smartlab.news/i/203024 мы в max	03.09.2026	11:49	Смарт Лаб	03.09.2026 11:49:00	
Возможно	❗️🇷🇺#депозиты #россия ПУТИН НАЗВАЛ "ГЛУПЫМИ ВБРОСАМИ" ПЕРИОДИЧЕСКИ ВОЗНИКАЮЩИЕ СЛУХИ ПРО ЗАМОРОЗКУ ДЕПОЗИТОВ "ЭТО ВБРОСЫ", "С КАКОЙ СТАТИ" #вэф	03.09.2026	11:50	Market Twits	03.09.2026 11:50:00	
Возможно	Путин: Российская экономика находится в абсолютно стабильном режиме Читать далее 👉 https://smartlab.news/i/203025 мы в max	03.09.2026	11:50	Смарт Лаб	03.09.2026 11:50:00	
Возможно	🇷🇺#экономика #россия ЭКОНОМИКА РФ НАХОДИТСЯ В АБСОЛЮТНО СТАБИЛЬНОМ РЕЖИМЕ — ПУТИН #вэф	03.09.2026	11:51	Market Twits	03.09.2026 11:51:00	
Возможно	Путин: Сообщения о возможной заморозке вкладов россиян - "глупые вбросы" Читать далее 👉 https://smartlab.news/i/203026 мы в max	03.09.2026	11:55	Смарт Лаб	03.09.2026 11:55:00	
Возможно	Согласны ли Вы с тем, что экономика РФ абсолютно стабильна?Anonymous PollКонечно согласенАбсолютно согласенСогласенSelect an option	03.09.2026	11:57	Смарт Лаб	03.09.2026 11:57:00	
да	❗️🇷🇺#fx #россия МИНФИН РФ С 7 СЕНТЯБРЯ ПО 6 ОКТЯБРЯ КУПИТ ВАЛЮТУ И ЗОЛОТО ПО БЮДЖЕТНОМУ ПРАВИЛУ НА 55,6 МЛРД РУБ, ПО 2,5 МЛРД РУБ В ДЕНЬ ЦБ РФ С 7 СЕНТЯБРЯ СОКРАТИТ ПОКУПКУ ВАЛЮТЫ ПО БЮДЖЕТНОМУ ПРАВИЛУ ДО 1,92 МЛРД РУБ. В ДЕНЬ С 5,92 МЛРД РУБ. - РАСЧЕТЫ ИФ релиз	03.09.2026	12:00	Market Twits	03.09.2026 12:00:00	
Возможно	#Макро ЦБ РФ С 7 СЕНТЯБРЯ СОКРАТИТ ПОКУПКУ ВАЛЮТЫ ПО БЮДЖЕТНОМУ ПРАВИЛУ ДО 1,92 МЛРД РУБ. В ДЕНЬ С 5,92 МЛРД РУБ. - РАСЧЕТЫ	03.09.2026	12:00	Шпион РЦБ	03.09.2026 12:00:00	
Возможно	Ежедневный объем покупок иностранной валюты и золота Минфином РФ с 7 сентября по 6 октября составит в эквиваленте 2,5 млрд руб (ранее 6,5 млрд руб) Читать далее 👉 https://smartlab.news/i/203027 мы в max	03.09.2026	12:02	Смарт Лаб	03.09.2026 12:02:00	
Важно	⚠️🇺🇦#украина #геополитика "НАДО УКРЕПЛЯТЬ СИСТЕМУ ПВО" - ПУТИН ПРО УДАРЫ ПО НПЗ, МАРКЕТПЛЕЙСАМ И ДРУГИМ ОБЪЕКТАМ РФ	03.09.2026	12:04	Market Twits	03.09.2026 12:04:00	
Возможно	Выплаты нефтяникам по топливному демпферу в августе 2026 г составили 197,3 млрд руб #ROSN #LKOH Читать далее 👉 https://smartlab.news/i/203028 мы в max	03.09.2026	12:05	Смарт Лаб	03.09.2026 12:05:00	
Возможно	#Макро МИНФИН РФ С 7 СЕНТЯБРЯ ПО 6 ОКТЯБРЯ КУПИТ ВАЛЮТУ И ЗОЛОТО ПО БЮДЖЕТНОМУ ПРАВИЛУ НА 55,6 МЛРД РУБ, ПО 2,5 МЛРД РУБ В ДЕНЬ	03.09.2026	12:06	Шпион РЦБ	03.09.2026 12:06:00	
Возможно	Нефтегазовые доходы бюджета РФ в августе 2026г снизились в 2,2 раза м/м до 424 млрд руб — данные Минфина Читать далее 👉 https://smartlab.news/i/203029 мы в max	03.09.2026	12:07	Смарт Лаб	03.09.2026 12:07:00	
Важно	🛢🇷🇺#бензин #россия РЕМОНТЫ НПЗ В РОССИИ ИДУТ ДОСТАТОЧНО БЫСТРО. К ДАННОМУ МОМЕНТУ ОСТАЛОСЬ ПРОВЕСТИ 10% РЕМОНТНЫХ РАБОТ НА НПЗ, ИХ ПРОВЕДУТ В БЛИЖАЙШЕЕ ВРЕМЯ ОБ УКАЗЕ О ВРЕМЕННОМ УПРАВЛЕНИИ: У ГОСУДАРСТВА "В МЫСЛЯХ НЕ БЫЛО" ЧТО-ТО НАЦИОНАЛИЗИРОВАТЬ ПЛАНОВ ПО НАЦИОНАЛИЗАЦИИ КРИТИЧЕСКОЙ ИНФРАСТРУКТУРЫ НЕТ, ПОСЛЕ УКАЗА КОМПАНИИ ТЕПЕРЬ ОБЯЗАНЫ ЗАЩИЩАТЬ ПРЕДПРИЯТИЯ ОТ АТАК КРОМЕ РАЗВИТИЯ ПВО ЕСТЬ ЕЩЕ ОДИН МЕТОД ЗАЩИТЫ РОССИЙСКИХ ПРЕДПРИЯТИЙ - ОТВЕТНЫЕ АТАКИ, ЧТОБЫ НЕ ПОВАДНО БЫЛО — ПУТИН НУЖНО БЫТЬ ГОТОВЫМИ КО ВСЕМУ — ПУТИН НА ВОПРОС СТОИТ ЛИ ПРИВЫКАТЬ К ДЕФИЦИТУ ТОПЛИВА Цены на нефть подросли и выгоднее экспортировать сырую нефть, но компании ведут себя ответственно и ремонтируют НПЗ — Путин #вэф	03.09.2026	12:09	Market Twits	03.09.2026 12:09:00	
Возможно	ЦБ РФ с 7 сентября сократит покупку валюты по бюджетному правилу до 1,92 млрд руб. в день с 5,92 млрд руб — расчеты Интерфакса Читать далее 👉 https://smartlab.news/i/203030 мы в max	03.09.2026	12:11	Смарт Лаб	03.09.2026 12:11:00	
Возможно	#Политика Мы должны быть ко всему готовы — Путин ответил на вопрос, привыкать ли россиянам к постоянному дефициту топлива Ремонты НПЗ идут достаточно быстро — Путин	03.09.2026	12:11	Шпион РЦБ	03.09.2026 12:11:00	
Важно	Путин: Россия столкнулась с топливным кризисом потому, что исходила, что НПЗ не могут быть объектом атак, но ошиблась в этом Пока идет СВО, ответ на атаки на гражданские объекты может быть только один — укрепление ПВОПутин на вопрос о том, надо ли привыкать россиянам к дефициту топлива: Мы должны быть готовы ко всему Читать далее 👉 https://smartlab.news/i/203031 мы в max	03.09.2026	12:13	Смарт Лаб	03.09.2026 12:13:00	
Возможно	🇷🇺#бизнес #бюджет #россия Власти не устраивают сборов с бизнеса, речь идет о добровольных взносах — Путин про дополнительные источники пополнения бюджета Речь идет о сотнях миллиардов рублей — Путин #вэф	03.09.2026	12:14	Market Twits	03.09.2026 12:14:00	
Возможно	Путин: Нет такого сценария, который потребовал бы мобилизации Темп продвижения российских войск нарастает Читать далее 👉 https://smartlab.news/i/203032 мы в max	03.09.2026	12:16	Смарт Лаб	03.09.2026 12:16:00	
Важно	❗️🇷🇺#мобилизация #россия НЕТ ТАКОГО СЦЕНАРИЯ, КОТОРЫЙ ПОТРЕБОВАЛ БЫ МОБИЛИЗАЦИИ В РОССИИ ЭТО ИНФОРМАЦИОННАЯ ОПЕРАЦИЯ В ПРЕДДВЕРИИ ВЫБОРОВ - ПУТИН #вэф	03.09.2026	12:17	Market Twits	03.09.2026 12:17:00	
Возможно	#Политика НЕТ СЦЕНАРИЯ, ПРИ КОТОРОМ МОБИЛИЗАЦИЯ БЫЛА БЫ НЕОБХОДИМА — Путин	03.09.2026	12:17	Шпион РЦБ	03.09.2026 12:17:00	
Важно	❗️🇺🇦#украина #геополитика ТЕМП ДВИЖЕНИЯ РОССИЙСКОЙ АРМИИ В ЗОНЕ СВО НАРАСТАЕТ — ПУТИН #вэф	03.09.2026	12:20	Market Twits	03.09.2026 12:20:00	
Возможно	❗️🇷🇺#вэф Путин закончил	03.09.2026	12:21	Market Twits	03.09.2026 12:21:00	
Не важно	В августе застройщики вывели на рынок 2,7 млн м² новых проектов, что на 23% меньше г/г. Однако с начала года объём запусков составил 25,5 млн м² (+6% к январю-августу 2025 года) — Аналитика ДОМ.PФ #DOMRF Читать далее 👉 https://smartlab.news/i/203034 мы в max	03.09.2026	12:22	Смарт Лаб	03.09.2026 12:22:00	
Не важно	🇷🇺#инвестиции #банки #россия Альфа-Банк планирует довести портфель прямых инвестиций в частные компании до 50 млрд руб. к концу 2027 года — Ведомости Направление запущено в 2024 году: закрыто четыре сделки, ещё минимум две ожидаются до конца текущего года. Горизонт вложений — три-пять лет. Старший вице-президент и руководитель инвестиционного бизнеса Альфа-Банка Олег Ачкасов не исключает первых удачных выходов из инвестиций уже в 2026 году.	03.09.2026	12:23	Market Twits	03.09.2026 12:23:00	
Важно	#Банки БАНКОВСКИЙ СЕКТОР ПРОШЕЛ ПИК МАРЖИНАЛЬНОСТИ, ТЕМПЫ РОСТА ПРИБЫЛИ БУДУТ ЗАМЕДЛЯТЬСЯ — CFO СБЕРА	03.09.2026	12:30	Шпион РЦБ	03.09.2026 12:30:00	
Не важно	МНЕНИЕ: Сейчас брать акции золотодобывающих компаний не стоит — у них слишком много внутренних проблем, которые перекрывают всю привлекательность — Гарда Капитал #PLZL #SELG Читать далее 👉 https://smartlab.news/i/203035 мы в max	03.09.2026	12:32	Смарт Лаб	03.09.2026 12:32:00	
Не важно	📉CNY/RUB снижается на 0,7% за последний час, до ₽12,8765, на фоне сообщений Минфина о существенном снижении покупок валюты по бюджетному правилу с 7 сентября по 6 октября. Дневной снижение - 0,8% Читать далее 👉 https://smartlab.news/i/203036 мы в max	03.09.2026	12:41	Смарт Лаб	03.09.2026 12:41:00	
Важно	❗️🇺🇦#украина #геополитика МИРНЫЕ ПЕРЕГОВОРЫ МОГУТ ВОЗОБНОВИТЬСЯ УЖЕ В БЛИЖАЙШЕЕ ВРЕМЯ — СИБИГА Рекомендую сейчас следить за новостями. У нас будет новая динамика в мирных переговорах, — глава МИД Украины Сибига	03.09.2026	12:46	Market Twits	03.09.2026 12:46:00	
Возможно	⚠️🇷🇺#банки #россия #отчетность #прогноз БАНКОВСКИЙ СЕКТОР ПРОШЕЛ ПИК МАРЖИНАЛЬНОСТИ, ТЕМПЫ РОСТА ПРИБЫЛИ БУДУТ ЗАМЕДЛЯТЬСЯ - ФИНДИРЕКТОР СБЕРА СКВОРЦОВ "Темпы роста прибыли банковского сектора будут замедляться из-за роста кредитного риска и снижения маржинальности" #вэф	03.09.2026	12:49	Market Twits	03.09.2026 12:49:00	
Не важно	Экспорт российского зерна упал до минимальных значений: черноморские терминалы остановили работу, оставшиеся порты не компенсируют перевалку — Forbes #RAGR #NKHP Читать далее 👉 https://smartlab.news/i/203037 мы в max	03.09.2026	12:49	Смарт Лаб	03.09.2026 12:49:00	
Возможно	Глава ВТБ Костин: Думаем, что ставка больше повышаться не будет #VTBR Читать далее 👉 https://smartlab.news/i/203038 мы в max	03.09.2026	12:50	Смарт Лаб	03.09.2026 12:50:00	
Возможно	❗️🇷🇺#экономика #россия ЦИКЛ РЯДА КРУПНЫХ ИНВЕСТПРОЕКТОВ В РФ ЗАВЕРШЕН, НУЖНЕН НОВЫЙ ЦИКЛ — ПУТИН ЭКОНОМИКА РФ СЕЙЧАС ПРОХОДИТ ЭТАП СТРУКТУРНОЙ ТРАНСФОРМАЦИИ, ГЛАВНЫЕ УСИЛИЯ НАПРАВЛЕНЫ НА ЗАПУСК НОВОГО ИНВЕСТЦИКЛА -- РЕШЕТНИКОВ НОВЫЙ ИНВЕСТИЦИОННЫЙ ЦИКЛ БУДЕТ ОСНОВАН НА ДОЛГОСРОЧНЫХ ВЛОЖЕНИЯХ И РАЗВИТИИ ФОНДОВОГО РЫНКА — НОВАК ОПАСЕНИЙ, ЧТО ЭКОНОМИКА РФ ПЕРЕОХЛАДИТСЯ, НЕТ — КОСТИН #вэф	03.09.2026	12:52	Market Twits	03.09.2026 12:52:00	
Возможно	Костин: Мы не ощущаем кризиса ликвидности в банковском секторе #VTBR Читать далее 👉 https://smartlab.news/i/203039 мы в max	03.09.2026	12:52	Смарт Лаб	03.09.2026 12:52:00	
Возможно	🇷🇺#NVTK Новатэк не будет останавливать инвестиции несмотря на санкции -- Михельсон, РИА #вэф	03.09.2026	12:54	Market Twits	03.09.2026 12:54:00	
Возможно	🇷🇺#дкп #россия #прогноз Костин ожидает плавного снижения ключевой ставки ЦБ #вэф	03.09.2026	12:55	Market Twits	03.09.2026 12:55:00	
Не важно	С 1 сентября инвесторам стало проще переносить ценные бумаги между брокерами через механизм M2M. Теперь перевод портфеля можно инициировать у текущего брокера, выбрав нового брокера для зачисления активов. Это важное изменение для рынка: чем ниже технические и бюрократические барьеры, тем сильнее конкуренция брокеров за уже сформированные портфели клиентов Для инвестора это означает, что выбор брокера все больше будет зависеть не от сложности перехода, а от качества сервиса, тарифов, удобства приложения, продуктовой линейки и удобства отчетов и документооборота. На этом фоне брокеры начинают предлагать дополнительные условия для перехода. Например ВТБ Мои Инвестиции компенсируют часть расходов на перевод бумаг через M2M и проводят акцию для клиентов, которые переносят портфель до конца года. Читать далее 👉 https://smart-lab.ru/mobile/topic/1347544 мы в max	03.09.2026	12:55	Смарт Лаб	03.09.2026 12:55:00	
Не важно	🇷🇺🇻🇳#FESH #вьетнам Владивостокский морской торговый порт и вьетнамский Порт Сайгон стали побратимами — FESCO #вэф	03.09.2026	12:56	Market Twits	03.09.2026 12:56:00	
Не важно	🇷🇺#акции #облигации #россия #обзор Состоятельные клиенты ВТБ Private Banking пересматривают подход к инвестициям. Акции теряют популярность — их доля в портфелях снизилась до 23%. Вместо этого растут вложения в облигации (47%) и фонды денежного рынка (20%). Инвесторы отдают предпочтение надёжным инструментам: среднесрочным ОФЗ и бумагам с рейтингом «АА», избегая высокодоходных облигаций. По данным ЦБ, во втором квартале приток на брокерские счета составил 1 трлн рублей, 45% из которых пришлось на ВТБ Мои Инвестиции. Зампред ВТБ Дмитрий Брейтенбихер на ВЭФ 2026 отметил, что клиенты всё чаще выбирают предсказуемость вместо погони за высокой доходностью.	03.09.2026	12:58	Market Twits	03.09.2026 12:58:00	
Не важно	Рынок ЦФА растёт, но остаётся рынком первичного размещения (вторичный оборот - лишь 3,6%). Объём новых размещений за январь-июль составил ₽685,3 млрд (–15% г/г), во 2кв объём удвоился к/к — Обзор НКР Читать далее 👉 https://smartlab.news/i/203040 мы в max	03.09.2026	13:07	Смарт Лаб	03.09.2026 13:07:00	
Не важно	МНЕНИЕ: Мы ожидаем, что по итогам августа цены снизятся на 0,1% м/м, а инфляция ускорится до 6,3% г/г — Ренессанс Капитал Читать далее 👉 https://smartlab.news/i/203041 мы в max	03.09.2026	13:10	Смарт Лаб	03.09.2026 13:10:00	
Важно	Рост кредитного риска и снижение маржинальности приведут к тому, что прибыль, которую мы видели в последние месяцы, больше не будет такой высокой — финдиректор Сбера Тарас Скворцов #SBER «Я думаю, что мы прошли пик по марже в банковской системе и сейчас начнётся тренд на её снижение», — сообщил Скворцов. Читать далее 👉 https://smartlab.news/i/203042 мы в max	03.09.2026	13:13	Смарт Лаб	03.09.2026 13:13:00	
Не важно	⬇️🇷🇺#авто #россия #отчетность ПРОДАЖИ НОВЫХ ЛЕГКОВЫХ И ЛЕГКИХ КОММЕРЧЕСКИХ АВТОМОБИЛЕЙ (LCV) В РФ ПО ИТОГАМ АВГУСТА СНИЗИЛИСЬ НА 7,3% Г/Г — АЕБ	03.09.2026	13:21	Market Twits	03.09.2026 13:21:00	
Возможно	❗️🇷🇺#дкп #россия #прогноз Костин не ждет сохранения ставки ЦБ на ближайшем заседании регулятора, несмотря на ожидания рынка — ТАСС Греф считает, что у Банка России сохраняется пространство для дальнейшего снижения ключевой ставки, несмотря на ускорение инфляции – по его оценке, оно вызвано шоком предложения (выбытием мощностей из-за атак БПЛА), а не всплеском спроса, и не требует реакции через денежно-кредитную политику. — Ведомости #вэф	03.09.2026	13:22	Market Twits	03.09.2026 13:22:00	
Не важно	🇷🇺🇨🇳#FESH FESCO получила кредитные рейтинги в Китае — релиз	03.09.2026	13:23	Market Twits	03.09.2026 13:23:00	
Не важно	🌕🇷🇺#золото #россия #PLZL Освоение Сухого Лога — это не только добыча золота, но и один из крупнейших инвестиционных проектов отрасли. ВТБ возьмёт на себя его банковское сопровождение: поможет проконтролировать расходование средств, исполнение контрактов и расчёты с подрядчиками «Полюса». Соглашение подписали на ВЭФ-2026. Как говорит старший вице-президент ВТБ Дмитрий Средин, банк готов выступить финансовым партнером и оказать экспертную поддержку компании. #вэф	03.09.2026	13:25	Market Twits	03.09.2026 13:25:00	
Возможно	FESCO получила кредитные рейтинги в Китае #FESH Читать далее 👉 https://smartlab.news/i/203044 мы в max	03.09.2026	13:25	Смарт Лаб	03.09.2026 13:25:00	
Возможно	Яндекс объединил свои инструменты заработка на контенте в новый сервис Яндекс ПроБлогер #YDEX Авторы каналов и блогеры получат «одно окно» для рекламной монетизации и аналитики сразу всех ключевых контент-площадок — Telegram, Макс, VK, RuTube, YouTube и Дзен. Читать далее 👉 https://smartlab.news/i/203045 мы в max	03.09.2026	13:28	Смарт Лаб	03.09.2026 13:28:00	
Не важно	#PLZL #VTBR Освоение Сухого Лога — это не только добыча золота, но и один из крупнейших инвестиционных проектов отрасли. ВТБ возьмёт на себя его банковское сопровождение: поможет проконтролировать расходование средств, исполнение контрактов и расчёты с подрядчиками «Полюса». Соглашение подписали на ВЭФ-2026. Как говорит старший вице-президент ВТБ Дмитрий Средин, банк готов выступить финансовым партнером и оказать экспертную поддержку компании.	03.09.2026	13:29	Шпион РЦБ	03.09.2026 13:29:00	
Не важно	Общие продажи новых легковых и легких коммерческих автомобилей в августе 2026 года снизились на 7,3% г/г до 116 220 ед — АЕБ #SVAV #AVAZ Читать далее 👉 https://smartlab.news/i/203046 мы в max	03.09.2026	13:33	Смарт Лаб	03.09.2026 13:33:00	
Не важно	Банк России в июле продал 6 тонн золота, став крупнейшим нетто-продавцом среди центробанков. С начала года РФ реализовала 50 тонн драгметалла, сократив свои золотые резервы до 2 277 тонн — WGC Читать далее 👉 https://smartlab.news/i/203047 мы в max	03.09.2026	13:38	Смарт Лаб	03.09.2026 13:38:00	
Возможно	Новый менеджмент ЮГК навел порядок: результат 1кв был очень хороший - заработали почти 20 млрд руб EBITDA — замминистра финансов Алексей Моисеев в интервью РБК #UGLD Читать далее 👉 https://smartlab.news/i/203048 мы в max	03.09.2026	13:41	Смарт Лаб	03.09.2026 13:41:00	
Возможно	🛢🇷🇺🇨🇳#GAZP ПЕРЕГОВОРЫ О МАРШРУТЕ И КОММЕРЧЕСКИХ УСЛОВИЯХ ПОСТАВОК ПО "СИЛЕ СИБИРИ 2" МЕЖДУ КОМПАНИЯМИ ИДУТ, ЗАВТРА ОБСУДИМ НА МЕЖПРАВКОМИССИИ — НОВАК- ВЕСТИ #вэф	03.09.2026	13:44	Market Twits	03.09.2026 13:44:00	
Возможно	#GAZP НОВАК: ПЕРЕГОВОРЫ О МАРШРУТЕ И КОММЕРЧЕСКИХ УСЛОВИЯХ ПОСТАВОК ПО "СИЛЕ СИБИРИ 2" МЕЖДУ КОМПАНИЯМИ ИДУТ, ЗАВТРА ОБСУДИМ НА МЕЖПРАВКОМИССИИ	03.09.2026	13:44	Шпион РЦБ	03.09.2026 13:44:00	
Возможно	🛢🇷🇺🇨🇳#газ #россия #китай ПРИМЕРНО 50 МЛРД КУБОМЕТРОВ ГАЗА ПОСТАВИТ РФ В КИТАЙ В ЭТОМ ГОДУ — НОВАК #вэф	03.09.2026	13:45	Market Twits	03.09.2026 13:45:00	
Возможно	Новак: Переговоры о маршруте и коммерческих условиях поставок по "Силе сибири 2" между компаниями идут, проект будет обсуждаться на комиссии России и Китая по торговле #GAZP Читать далее 👉 https://smartlab.news/i/203049 мы в max	03.09.2026	13:45	Смарт Лаб	03.09.2026 13:45:00	
Не важно	🌕#золото #мир #cot #обзор Мировые ЦБ продолжали покупать золото в июле - купили 23 тонны (снижение почти в 2 раза м/м) ЦБ КНР значительно нарастил покупки в последние месяцы. С начала года мировые ЦБ купили около 130 тонн золота против 160 тонн годом ранее — данные WGC	03.09.2026	13:47	Market Twits	03.09.2026 13:47:00	
Не важно	🌕🇷🇺#золото #россия #cot ЦБ России стал крупнейшим нетто-продавцом золота в июле, реализовав 6 тонн с начала года Россия продала 50 тонн золота — данные WGC	03.09.2026	13:47	Market Twits	03.09.2026 13:47:00	
Возможно	Озон опроверг повышение цен на площадке из-за ситуации с логистическими центрами #OZON Читать далее 👉 https://smartlab.news/i/203050 мы в max	03.09.2026	13:51	Смарт Лаб	03.09.2026 13:51:00	
Не важно	⬆️🇷🇺#IMOEX	03.09.2026	13:52	Market Twits	03.09.2026 13:52:00	
Не важно	Объем выведенного девелоперами жилья на рынок новостроек во 2кв 2026 г. в 39 регионах слишком велик для текущего спроса — замглавы Минстроя Стасишин #SMLT Читать далее 👉 https://smartlab.news/i/203051 мы в max	03.09.2026	13:55	Смарт Лаб	03.09.2026 13:55:00	
Не важно	#IMOEX — максимум с 14 августа	03.09.2026	13:55	Шпион РЦБ	03.09.2026 13:55:00	
Не важно	Предупреждали как могли	03.09.2026	13:56	Шпион РЦБ	03.09.2026 13:56:00	
Не важно	📈Ралли в Газпроме на 2% до почти заветных 90 руб вывело индекс Мосбиржи выше 2200 пунктов впервые с 14 августа #GAZP Читать далее 👉 https://smartlab.news/i/203052 мы в max	03.09.2026	13:58	Смарт Лаб	03.09.2026 13:58:00	
Не важно	Центробанки в июле купили 23 тонны золота. Крупнейший покупатель - Китай (+20 тонн), за ним следует Польша (+8 тонн) — WGC Читать далее 👉 https://smartlab.news/i/203053 мы в max	03.09.2026	14:00	Смарт Лаб	03.09.2026 14:00:00	
Не важно	❗️🇷🇺#дкп #россия #прогноз Новак ждет дальнейшего снижения ключевой ставки Банка России Костин ожидает плавного снижения ключевой ставки ЦБ Греф считает, что у Банка России сохраняется пространство для дальнейшего снижения ключевой ставки #вэф	03.09.2026	14:01	Market Twits	03.09.2026 14:01:00	
Не важно	МНЕНИЕ: В Синара ожидают курс рубля на конец сентября в диапазоне от 84 до 86 рублей за доллар США Читать далее 👉 https://smartlab.news/i/203054 мы в max	03.09.2026	14:01	Смарт Лаб	03.09.2026 14:01:00	
Не важно	⬆️🇷🇺#ZVEZ =+20% Путин посетил судостроительный комплекс «Звезда» #вэф	03.09.2026	14:03	Market Twits	03.09.2026 14:03:00	
Не важно	ВТБ обеспечит банковское сопровождение проекта «Полюса» по разработке месторождения Сухой Лог. Соглашение подписано на ВЭФ-2026 #VTBR #PLZL Читать далее 👉 https://smartlab.news/i/203055 мы в max	03.09.2026	14:07	Смарт Лаб	03.09.2026 14:07:00	
Не важно	40% россиян, рассматривающих рыночную ипотеку, готовы взять кредит по текущей ставке с расчётом на рефинансирование в будущем — Опрос ВТБ #VTBR Читать далее 👉 https://smartlab.news/i/203056 мы в max	03.09.2026	14:17	Смарт Лаб	03.09.2026 14:17:00	
Возможно	🇷🇺#недвижимость #россия Ситуация с банкротством застройщиков под контролем. Критической проблемы с банкротством застройщиков в России нет, заявил РИА Недвижимость заместитель министра строительства и ЖКХ РФ Никита Стасишин #вэф	03.09.2026	14:23	Market Twits	03.09.2026 14:23:00	
Не важно	Россияне всё чаще предпочитают хранить деньги под подушкой вместо банковских вкладов — Bloomberg #SBER #VTBR Читать далее 👉 https://smartlab.news/i/203057 мы в max	03.09.2026	14:23	Смарт Лаб	03.09.2026 14:23:00	
Не важно	ВТБ планирует обеспечивать ликвидность для клиентских операций с цифровой валютой и выступать в роли организации, осуществляющей обмен криптовалюты — Зампред правления Виталий Сергейчук на ВЭФ #VTBR Читать далее 👉 https://smartlab.news/i/203058 мы в max	03.09.2026	14:24	Смарт Лаб	03.09.2026 14:24:00	
Возможно	#Недвижимость Ситуация с банкротством застройщиков под контролем. Критической проблемы с банкротством застройщиков в России нет — заместитель министра строительства и ЖКХ РФ	03.09.2026	14:24	Шпион РЦБ	03.09.2026 14:24:00	
Возможно	🇺🇸#сша #today Вице-президент США Джей Ди Вэнс сегодня проведёт брифинг для СМИ в качестве пресс-секретаря Белого дома, следует из расписания	03.09.2026	14:31	Market Twits	03.09.2026 14:31:00	
Не важно	Россия в 2026 году поставит в Китай 50 млрд куб. м природного газа, в том числе 10 млрд куб. м через Казахстан. Также будут осуществляться поставки СПГ — Новак #NVTK #GAZP Читать далее 👉 https://smartlab.news/i/203059 мы в max	03.09.2026	14:35	Смарт Лаб	03.09.2026 14:35:00	
Важно	Глава МИД Украины: Рекомендую сейчас следовать за новостями. Мы будем иметь новую динамику в мирных переговорах По его словам, активная политико-дипломатическая фаза может возобновиться в нескольких столицах. Читать далее 👉 https://smartlab.news/i/203060 мы в max	03.09.2026	14:39	Смарт Лаб	03.09.2026 14:39:00	
Не важно	Расходы российских компаний на защиту своих объектов (в том числе НПЗ) не повлияют на цены для потребителей, так как бизнес несёт эти затраты за свой счёт — Новак — Цены на АЗС растут примерно в рамках инфляции, а вертикально интегрированные компании выполняют, по сути, социальную функцию Читать далее 👉 https://smartlab.news/i/203061 мы в max	03.09.2026	14:43	Смарт Лаб	03.09.2026 14:43:00	
Не важно	⬆️🇷🇺#IMOEX = +1.5%	03.09.2026	14:49	Market Twits	03.09.2026 14:49:00	
Возможно	⬆️#акции #прогноз ФОНДОВЫЙ РЫНОК БУДЕТ РАСТИ — ТРАМП, 2 сентября ФОНДОВЫЙ РЫНОК БУДЕТ ПОСТЕПЕННО ВОССТАНАВЛИВАТЬСЯ — ПУТИН, 3 сентября	03.09.2026	14:56	Market Twits	03.09.2026 14:56:00	
Не важно	МНЕНИЕ: Прогноз SberCIB по нефти и золоту на сентябрь: Нефть — $80–95 за баррель Brent, Золото — $4 000–4 400 за унцию Читать далее 👉 https://smartlab.news/i/203063 мы в max	03.09.2026	15:02	Смарт Лаб	03.09.2026 15:02:00	
Не важно	Охлаждение спроса на рынке новостроек ведёт к росту долговой нагрузки застройщиков из‑за медленного наполнения эскроу-счетов и снижения прибыльности — Старший директор по корпоративным рейтингам «Эксперт РА» Дмитрий Сергиенко — Большинство девелоперов не сокращают аппетиты к масштабированию и продолжают запускать новые проекты в неблагоприятной экономической обстановке Читать далее 👉 https://smartlab.news/i/203064 мы в max	03.09.2026	15:05	Смарт Лаб	03.09.2026 15:05:00	
Не важно	🇷🇺#авто #nev #россия #отчетность ПРОДАЖИ НОВЫХ ЛЕГКОВЫХ АВТОМОБИЛЕЙ В РОССИИ В ЯНВАРЕ-АВГУСТЕ ВЫРОСЛИ НА 10%, НО СОКРАТИЛИСЬ В АВГУСТЕ НА 6% ПРОДАЖИ НОВЫХ ЭЛЕКТРОМОБИЛЕЙ И ГИБРИДОВ В РОССИИ В ЯНВАРЕ-АВГУСТЕ ВЫРОСЛИ ПОЧТИ ВДВОЕ, ДО 83,3 ТЫС ШТУК -- МИНПРОМТОРГ, РИА	03.09.2026	15:07	Market Twits	03.09.2026 15:07:00	
Возможно	🛢#ормуз #трамп #сирия Трамп поддержал вариант использования сирийского маршрута в обход Ормузского пролива	03.09.2026	15:08	Market Twits	03.09.2026 15:08:00	
Не важно	🇺🇸#NVDA Nvidia покупает ии-стартап Hugging Face за $12,9 млрд закрытие сделки ожидается в 1п 2027г	03.09.2026	15:12	Market Twits	03.09.2026 15:12:00	
Не важно	🇨🇳🇩🇪#1810HK #авто #китай #германия Xiaomi подписала меморандумы о взаимопонимании с группой немецких автодилеров, чтобы выйти на рынок Германии	03.09.2026	15:15	Market Twits	03.09.2026 15:15:00	
Возможно	Вице-президент США Джей Ди Вэнс 3 сентября выступит в роли пресс-секретаря Белого дома, заменив Кэролайн Левитт Читать далее 👉 https://smartlab.news/i/203065 мы в max	03.09.2026	15:20	Смарт Лаб	03.09.2026 15:20:00	
Не важно	❗️ВЕРЕДИ 🇺🇸США - Initial Jobless Claims - 15:30мск 🇺🇸США - торговый баланс (июль) - 15:30мск	03.09.2026	15:22	Market Twits	03.09.2026 15:22:00	
Возможно	📈Акции Озона в течение дня растут на 6,5% на фоне перепроданности бумаги и оптимизма рынка в целом #OZON Читать далее 👉 https://smartlab.news/i/203066 мы в max	03.09.2026	15:27	Смарт Лаб	03.09.2026 15:27:00	
Не важно	❗️🇺🇸#сша #экономика #отчетность США - торговый баланс (июль) = -$88.6 млрд (ожид -$89.4 млрд / ранее -$73.3 млрд -$71.2 млрд)	03.09.2026	15:30	Market Twits	03.09.2026 15:30:00	
Не важно	❗️🇺🇸#сша #экономика #отчетность США - Initial Jobless Claims = 206 тыс (ожид 205 тыс / ранее 204 тыс) США - Continuing Jobless Claims = 1.779 млн (ожид 1.783 млн / ранее 1.778 млн 1.771 млн)	03.09.2026	15:30	Market Twits	03.09.2026 15:30:00	
Не важно	МНЕНИЕ: Ренессанс Капитал понизил 12-месячную целевую цену акций Аэрофлота до 35 руб. за акцию сохранив рейтинг «Держать» #AFLT Читать далее 👉 https://smartlab.news/i/203067 мы в max	03.09.2026	15:32	Смарт Лаб	03.09.2026 15:32:00	
Возможно	Новое правительство Сирии на фоне блокады Ормузского пролива предлагает превратить страну в альтернативный сухопутный коридор для поставок нефти из Персидского залива в Европу — The Washington Post Проект поддержан администрацией Трампа и консорциумом Chevron, TotalEnergies, сирийских и катарских инвесторов Читать далее 👉 https://smartlab.news/i/203068 мы в max	03.09.2026	15:33	Смарт Лаб	03.09.2026 15:33:00	
Не важно	❗️🇺🇸#дкп #сша #спикеры Waller (ФРС) традиционно заявил о риске дальнейшего роста инфляции. Тем не менее, отметил первые признаки дезинфляции и выступил за неизменение ставки на следующем заседании ( ранее выступал за повышение ставки сейчас, чтобы не было больнее потом)	03.09.2026	15:36	Market Twits	03.09.2026 15:36:00	
да	⬆️🇷🇺#OZON = +6% Путин заявил, что на Дальнем Востоке будет опробована упрощенная система госзакупок, в том числе через маркетплейсы.	03.09.2026	15:38	Market Twits	03.09.2026 15:38:00	
Возможно	⬆️🇷🇺#MGKL = +5% МГКЛ ускорит buyback акций с 7 сентября, запустит buyback облигаций	03.09.2026	15:39	Market Twits	03.09.2026 15:39:00	
Возможно	🇷🇺#вэф #россия Трутнев подвел итоги ВЭФ 2026: - приняли участие более 7 000 человек из 78 стран - свыше 2 400 представителей бизнеса, участники представляли более 1000 компаний - приняли участие 17 недружественных стран - прошло более 150 деловых мероприятий - подписано соглашений на 6 трлн руб	03.09.2026	15:43	Market Twits	03.09.2026 15:43:00	
Важно	Путин анонсировал запуск с 1 октября эксперимента по упрощённой системе государственных закупок, в том числе через маркетплейсы #OZON Читать далее 👉 https://smartlab.news/i/203069 мы в max	03.09.2026	15:47	Смарт Лаб	03.09.2026 15:47:00	
Возможно	Трамп: Объемы транспортировки нефти через Ормузский пролив практически восстановились Читать далее 👉 https://smartlab.news/i/203070 мы в max	03.09.2026	15:50	Смарт Лаб	03.09.2026 15:50:00	
Возможно	Суд Гамбурга до 17 декабря проведёт 16 слушаний по делу о теракте на газопроводах «Северный поток». Судебный процесс начнётся ориентировочно 26 октября — DPA #GAZP Основной обвиняемый - гражданин Украины Сергей Кузнецов, которому инкриминируется координация взрывов Читать далее 👉 https://smartlab.news/i/203071 мы в max	03.09.2026	16:01	Смарт Лаб	03.09.2026 16:01:00	
Не важно	МНЕНИЕ: Сочетание высоких темпов роста и низкой оценки делает бумаги Промомеда одной из наиболее привлекательных ставок на смену рыночного цикла — ГПБ Инвестиции #PRMD Читать далее 👉 https://smartlab.news/i/203072 мы в max	03.09.2026	16:06	Смарт Лаб	03.09.2026 16:06:00	
Не важно	Продажи новых авто (до 3-х лет) за январь-август 2026 года выросли на 7,2% г/г до 940 421 ед, за август снижение на 7,6% г/г до 125 159 ед — Минпромторг #KMAZ #SVAV #NFAZ Читать далее 👉 https://smartlab.news/i/203073 мы в max	03.09.2026	16:15	Смарт Лаб	03.09.2026 16:15:00	
Не важно	✴️🇷🇺#крипто #россия От 50% до 80% трансграничных расчетов России с международными партнерами сегодня проходят по альтернативным каналам, а не через традиционную банковскую инфраструктуру —первый заместитель генерального директора системы международных расчетов А7 Игорь Горин #вэф	03.09.2026	16:25	Market Twits	03.09.2026 16:25:00	
Не важно	✴️🇷🇺#крипто #россия Кол-во транзакций в рублевом стейблкоине A7A5 стремительно растет — Dune	03.09.2026	16:27	Market Twits	03.09.2026 16:27:00	
Не важно	#Крипто От 50% до 80% трансграничных расчетов России с международными партнерами сегодня проходят по альтернативным каналам, а не через традиционную банковскую инфраструктуру —первый заместитель генерального директора системы международных расчетов А7 Игорь Горин	03.09.2026	16:27	Шпион РЦБ	03.09.2026 16:27:00	
Не важно	АПРИ получила разрешения на строительство первой очереди ЖК «АПРИ Нева» в Ленобласти (п. Троицкая Гора, рядом с Петергофом). Первый этап включает 11 корпусов (высотой 5–8 этажей) на 1 643 квартиры (более 80,7 тыс. кв. м жилья) #APRI Читать далее 👉 https://smartlab.news/i/203074 мы в max	03.09.2026	16:33	Смарт Лаб	03.09.2026 16:33:00	
Возможно	Доходы России от продажи нефти в августе упали до шестимесячного минимума из-за снижения цен на нефть марки Urals — Bloomberg Читать далее 👉 https://smartlab.news/i/203075 мы в max	03.09.2026	16:34	Смарт Лаб	03.09.2026 16:34:00	
Не важно	🇨🇳🇷🇺#китай #россия #макро Китай намерен углублять инвестиционное сотрудничество с Россией — Синьхуа	03.09.2026	16:42	Market Twits	03.09.2026 16:42:00	
Не важно	❗️🇺🇸#экономика #сша #отчетность США (авг): S&P Composite PMI = 56 (ранее 54.5) S&P Services PMI = 56.5 (ранее 54.6)	03.09.2026	16:45	Market Twits	03.09.2026 16:45:00	
Не важно	❗️ВПЕРЕДИ 🇺🇸США - ISM Services PMI (авг) - 17:00мск	03.09.2026	16:50	Market Twits	03.09.2026 16:50:00	
Не важно	ОАК оценивает потенциальный заказ со стороны индийских авиакомпаний от 100 до 200 российских самолетов — первый зампред Сбера Александр Ведяхин #UNAC "Сейчас идет активное обсуждение с индийскими партнерами потенциальных поставок и локализации производства Sukhoi Superjet и Ил-114. И, соответственно, планируется продвижение на индийском рынке МС-21", - отметил Ведяхин. Читать далее 👉 https://smartlab.news/i/203076 мы в max	03.09.2026	16:50	Смарт Лаб	03.09.2026 16:50:00	
Возможно	#Политика Глава Пентагона Пит Хегсет считает, что вооруженный конфликт с Ираном может затянуться до 2027 года — WSJ	03.09.2026	16:57	Шпион РЦБ	03.09.2026 16:57:00	
Не важно	Дефицит внешнеторгового баланса США в июле вырос на 24,4% м/м, до $88,6 млрд, - максимум с марта 2025 года. Экспорт упал на 2,1% м/м, до $310,7 млрд, импорт вырос на 2,8% м/м, до $399,3 млрд Читать далее 👉 https://smartlab.news/i/203078 мы в max	03.09.2026	16:59	Смарт Лаб	03.09.2026 16:59:00	
Не важно	❗️🇺🇸#сша #экономика #отчетность США -ISM Services PMI (авг) = 55.4 (ранее 54.1)	03.09.2026	17:00	Market Twits	03.09.2026 17:00:00	
Не важно	Переговоры о поставке МС-21 ведутся и с рядом других авиакомпаний помимо Аэрофлота, но они будут уже после 2030 года — Алиханов #AFLT #UNAC Контракты на поставку SJ-100 расписаны на ближайшие три года Читать далее 👉 https://smartlab.news/i/203079 мы в max	03.09.2026	17:01	Смарт Лаб	03.09.2026 17:01:00	
Не важно	💥🇷🇺#UNAC #авиа #россия Контракты на поставку SJ-100 расписаны на ближайшие три года Якорный заказчик МС-21 - Аэрофлот, другие авиакомпании могут рассчитывать на поставки после 2030г . Переговоры по поставке МС-21 авиакомпаниям РФ, помимо "Аэрофлота", уже ведутся МС-21 и SJ-100 находятся на завершающих этапах сертификации и подготовки к производству -- Алиханов #вэф	03.09.2026	17:02	Market Twits	03.09.2026 17:02:00	
Не важно	Яндекс до конца 2026 г. планирует привлечь 1000 профильных экспертов для обучения ИИ-моделей — Forbes #YDEX Читать далее 👉 https://smartlab.news/i/203080 мы в max	03.09.2026	17:07	Смарт Лаб	03.09.2026 17:07:00	
Не важно	❗️🇨🇦🇺🇸#торговыевойны #канада #сша #авто Вместо того, чтобы перенести свое производство в США под давлением Трампа, ПМ Канады Карни сделал заявление: "Впервые за четыре десятилетия легковые автомобили Via будут производиться в Канаде. Раньше эти автомобили производились в США."	03.09.2026	17:09	Market Twits	03.09.2026 17:09:00	
Не важно	Министр обороны США Пит Хегсет продлевает присутствие американских сил на Ближнем Востоке до 2027 года — WSJ Читать далее 👉 https://smartlab.news/i/203081 мы в max	03.09.2026	17:12	Смарт Лаб	03.09.2026 17:12:00	
Не важно	⚠️🇮🇷#иран #геополитика #прогноз Глава Пентагона Пит Хегсет считает, что вооруженный конфликт с Ираном может затянуться до 2027 года — WSJ	03.09.2026	17:14	Market Twits	03.09.2026 17:14:00	
Возможно	⬇️🛢🇷🇺#нефть #россия #бюджет Доходы России от продажи нефти упали до минимума за полгода из-за снижения цен на нефть марки Urals, написал BBG после того, как цены на нефть упали Доходы России от продажи нефти выросли до максимума за полгода из-за роста цен на нефть марки Urals, напишет BBG после того, как цены на нефть вырастут — прогноз	03.09.2026	17:17	Market Twits	03.09.2026 17:17:00	
Не важно	Газпром нефть зарегистрировала климатический проект по производству биотоплива для морского транспорта из переработанного фритюрного масла — Глава компании Александр Дюков на ВЭФ #SIBN Выпуск биотоплива позволит компании произвести более 1 млн углеродных единиц и реализовать их на профильном рынке Читать далее 👉 https://smartlab.news/i/203082 мы в max	03.09.2026	17:18	Смарт Лаб	03.09.2026 17:18:00	
Не важно	❗️ВПЕРЕДИ 🛢натгаз США - запасы EIA - 17:30мск (ожид +30 BCF / ранее +15 BCF)	03.09.2026	17:20	Market Twits	03.09.2026 17:20:00	
Не важно	❗️🛢🇺🇸#газ #сша #отчетность ГАЗ США - ЗАПАСЫ EIA = +30 BCF (ожид +30 BCF / ранее +15 BCF)	03.09.2026	17:30	Market Twits	03.09.2026 17:30:00	
Не важно	⚠️🇺🇸#сша #акции #рецессия #прогноз #warning Инвестор-миллиардер Леон Куперман ждёт в 2027г рецессию в США и падение акций BILLIONAIRE INVESTOR LEON COOPERMAN SEES A RECESSION IN 2027 AND A STOCK DROP AHEAD каждый год, один раз в год инвестор-миллиардер Леон Куперман ждёт рецессию в США и падение акций в следующем году — мониторинг	03.09.2026	17:35	Market Twits	03.09.2026 17:35:00	
Возможно	Новатэк перенаправил поставки авиационного керосина на внутренний рынок РФ в рамках временного запрета на экспорт (до 30 ноября) — Глава компании Леонид Михельсон на ВЭФ #NVTK Читать далее 👉 https://smartlab.news/i/203085 мы в max	03.09.2026	17:41	Смарт Лаб	03.09.2026 17:41:00	
Не важно	❗️🇷🇺#акции #россия #обзор #макро Если верить статистике ВТБ, а также обзорам ЦБ и Мосбиржи, то глобально, на руках у толпы сейчас ОЧЕНЬ МАЛО акций РФ... глобально - исторически bullish (но это не точно)	03.09.2026	17:42	Market Twits	03.09.2026 17:42:00	
Не важно	⬆️✴️#BGB = +4% COINDESK: Bitget ведет переговоры с гигантами Уолл-стрит, включая BlackRock, о расширении присутствия в Азии	03.09.2026	17:45	Market Twits	03.09.2026 17:45:00	
Не важно	⬆️🛢🇷🇺#спг #россия #отчетность Экспорт СПГ из РФ в янв-авг вырос на 13,7% г/г -- данные LSEG	03.09.2026	17:48	Market Twits	03.09.2026 17:48:00	
Не важно	За январь – август 2026 г. Россия увеличила экспорт СПГ на 13,7% г/г — до 21,6 млн тонн — Reuters #NVTK #GAZP Читать далее 👉 https://smartlab.news/i/203086 мы в max	03.09.2026	17:48	Смарт Лаб	03.09.2026 17:48:00	
Не важно	💥✴️#BTC > $80 000	03.09.2026	17:52	Market Twits	03.09.2026 17:52:00	
Не важно	МНЕНИЕ: Мировой рынок человекоподобных роботов может в 10 раз превзойти автомобильный в ближайшие годы. Стоимость роботов с 2020 года упала почти вдвое, до $58 тыс. — Прогноз Agile Robots «Как сейчас у каждой семьи есть машина, вместо этого каждый человек, вероятно, захочет иметь что-то вроде человекоподобного робота, который будет находиться рядом с ним»- прогнозирует главный исполнительный директор Aglie Robots Чжаопэн Чэнь Читать далее 👉 https://smartlab.news/i/203087 мы в max	03.09.2026	17:54	Смарт Лаб	03.09.2026 17:54:00	
Не важно	Официальные курсы валют на 4 сентября: ¥ — ₽12,9191, $ — ₽86,8872, € — ₽100,5980 Читать далее 👉 https://smartlab.news/i/203088 мы в max	03.09.2026	17:55	Смарт Лаб	03.09.2026 17:55:00	
Не важно	🇷🇺#fx #россия ЦБ установил официальные курсы валют на 4 сентября	03.09.2026	17:57	Market Twits	03.09.2026 17:57:00	
Не важно	#TRNFP #Прогноз Аналитики «Финама» подтверждают рейтинг «Покупать» по привилегированным акциям «Транснефти» и сохраняют целевую цену на уровне 1 628 руб. Апсайд — 58,8%.	03.09.2026	17:57	Шпион РЦБ	03.09.2026 17:57:00	
Не важно	🇺🇸#трамп #сша #геополитика Трамп опять заявил, что у США очень много оружия, больше, чем нужно, а Байден ЧМО все раздавал Украине просто так — Truth Social	03.09.2026	17:59	Market Twits	03.09.2026 17:59:00	
Важно	⚠️🇺🇦#украина #геополитика ТРАМП ЗАЯВИЛ, ЧТО США В БЛИЖАЙШЕЕ ВРЕМЯ ВОЗОБНОВЯТ ПРОДАЖИ БОЕПРИПАСОВ СОЮЗНИКАМ	03.09.2026	18:01	Market Twits	03.09.2026 18:01:00	
Не важно	Россия отправила по Севморпути свыше 10 млн баррелей нефти в Китай с начала навигации 2026 года — данные LSEG #ROSN За весь навигационный период 2025 года объем перевозок по СМП составил около 13 млн баррелей. Читать далее 👉 https://smartlab.news/i/203089 мы в max	03.09.2026	18:10	Смарт Лаб	03.09.2026 18:10:00	
Важно	⚠️🇺🇦#нато #украина #геополитика ПМ Британии Бернэм и Макрон обсудили дальнейшие шаги по созданию на территории Украины линий по производству дальнобойных ракет SCALP, использующих британские технологии — коммюнике по итогам встречи	03.09.2026	18:13	Market Twits	03.09.2026 18:13:00	
Возможно	Трамп: Администрация Байдена передала Украине гораздо больше боеприпасов, совершенно бесплатно, чем мы использовали в Иране... Но мы будем просить эти деньги, хотя и с некоторым опозданием Читать далее 👉 https://smartlab.news/i/203090 мы в max	03.09.2026	18:15	Смарт Лаб	03.09.2026 18:15:00	
Возможно	🇷🇺#приватизация #spo #россия Минфин утверждает, что замминистра финансов Алексей Моисеев утверждает, что Минфин никогда не продает на низах: МИНФИН: Алексей Моисеев в интервью РБК: «Мы никогда не продавали по бросовым ценам» в очереди на приватизацию/SPO #AFLT #NMTP #TRNFP — интервью	03.09.2026	18:19	Market Twits	03.09.2026 18:19:00	
Не важно	✴️#POLY #крипто #торги Polymarket запустил торги бессрочными фьючерсами с плечом до 20x на крипту, акции, сырьевые товары и многое другое	03.09.2026	18:21	Market Twits	03.09.2026 18:21:00	
Возможно	🇦🇲🇪🇺#армения #европа #еаэс Пашинян: Армения не собирается отказываться от вступления в ЕС	03.09.2026	18:26	Market Twits	03.09.2026 18:26:00	
Не важно	️Игорь Шувалов по итогам пленарного заседания на ВЭФ’26 Председатель ВЭБа отметил, как просвещение, технологическое лидерство и современные финансовые инструменты могут способствовать созданию новой экономики Дальнего Востока: Мы в рамках форума объявили лозунг «Через просвещение к благосостоянию». Мы верим в то, что через базовое образование, которое достаточно сильно в России, обеспечивая первоклассное образование в наших ведущих вузах, таких как Сколтех, МФТИ и других, и создавая современные финансовые инструменты, в том числе совместный проект с ВТБ, консолидируя усилия по долгосрочным накоплениям — фонд «Благосостояние», мы сможем сформировать новую экономику. #ВЭФ ВЭБ.РФ в MAX	03.09.2026	18:30	Market Twits	03.09.2026 18:30:00	
Важно	США выразили протест Германии из-за её жёсткой позиции к России на G20 — Bloomberg Читать далее 👉 https://smartlab.news/i/203091 мы в max	03.09.2026	18:31	Смарт Лаб	03.09.2026 18:31:00	
Не важно	⚠️🇺🇸🇪🇺#сша #европа #торговыевойны Трамп заявил, что США потребуют от Европы вернуть деньги, потраченные администрацией Байдена на военную помощь Украине Т.е. скорее всего, грядут новые пошлины... — эксперты Ранее, после решения суда США о незаконности пошлин Трампа, Трамп заявлял, что найдет много других способов и предлогов, чтобы ввести на другие страны еще более жесткие пошлины и собрать еще больше денег..	03.09.2026	18:51	Market Twits	03.09.2026 18:51:00	
Не важно	💥✴️#BTC > $81 000	03.09.2026	18:52	Market Twits	03.09.2026 18:52:00	
Возможно	Словакия заблокировала переход ЕС к ежегодному продлению санкций против России Читать далее 👉 https://smartlab.news/i/203093 мы в max	03.09.2026	18:52	Смарт Лаб	03.09.2026 18:52:00	
Не важно	ВЭФ в центре внимания️Итоги дня 📈Озон +5.7% Владимир Путин заявил, что на Дальнем Востоке будет опробована упрощенная система госзакупок, в том числе через маркетплейсы👍 📈Газпром +2.3% Вопрос реализации проекта «Сила Сибири 2» (или «Сила Байкала») будет поднят в ходе заседания российско-китайской межправительственной комиссии по торгово-экономическому сотрудничеству 4 сентября, российские власти готовы содействовать скорейшему достижению договоренностей между «Газпромом» и CNPC по этому проекту, сообщил вице-премьер РФ Александр Новак в интервью ИС «Вести»🤔 📈Сбербанк +1% Формирование резервов под кредиты маркетплейсам не помешает Сберу выйти на рекордные финансовые результаты по итогам 2026 года, заявил на ВЭФ Герман Греф👍 📈МГКЛ +6.3% ПАО «МГКЛ» сообщило о начале выкупа собственных облигаций и усилении выкупа акций с 7 сентября 2026 года. Выкуп пройдет в рамках ранее утвержденного Советом директоров процесса обратного выкупа ценных бумаг. Приобретать акции и облигации на организованных торгах будет ООО «Команда МГКЛ» — 100%-ное дочернее общество ПАО «МГКЛ»🤔 📈Сегежа +2.3% Сегодня компания погасила выпуск 003P-03R на 5 млрд рублей👏 📈IMOEX +1.3% Владимир Путин заявил, что фондовый рынок будет постепенно восстанавливаться. Раз Владимир Путин заявил, значит можно тарить. Не рекомендация если что🤔 📈Звезда +9% Акции выросли сегодня после слов Путина о верфи Звезда. Правда это другая звезда, но кого это на нашем рынке волнует😁 📉USDRUBF -0.3% Ежедневный объем покупок иностранной валюты и золота Минфином РФ с 7 сентября по 6 октября составит в эквиваленте 2,5 млрд руб (ранее 6,5 млрд руб). С учётом встречных продаж ЦБ на 0.58 млрд нетто-покупки валюты в рамках бюджетного правила составят 1.92 млрд в день против 5.9 млрд рублей в августе. Ну вот, правительство чётко даёт понять, что оно хочет видеть слабый доллар😁 P.s. Там говорят ИИ по всему миру работать отказалась. Видимо не вынесли такое количество мемов про 3-е сентября😁 Полная карта рынка: https://smart-lab.ru/q/map Билеты на нашу осеннюю конфу на 20% дешевле по промокоду LONG: https://confa.smart-lab.ru/msk26 СМАРТЛАБ | MAX | ВК	03.09.2026	18:56	Смарт Лаб	03.09.2026 18:56:00	
Не важно	🇷🇺#ABIO #ipo "Артген" допускает IPO дочернего "НекстГена", если не получит госсубсидий на исследования — гендиректор, ИФ	03.09.2026	18:58	Market Twits	03.09.2026 18:58:00	
Не важно	✴️🇬🇧🇦🇪#банки #крипто Standard Chartered запускает торги криптой на споте для институциоалов в Дубае	03.09.2026	18:59	Market Twits	03.09.2026 18:59:00	
Не важно	Артген рассмотрит IPO дочернего НекстГена при отсутствии госсубсидий на исследования — CEO #ABIO Читать далее 👉 https://smartlab.news/i/203094 мы в max	03.09.2026	19:00	Смарт Лаб	03.09.2026 19:00:00	
Не важно	Бесплатный 4-дневный курс по трейдингу стартует уже завтра Можно десятками лет наращивать капитал на вкладах или долгосрочных инвестициях, а можно уже сегодня начать зарабатывать на бирже 50-100 тысяч в месяц и растить свой портфель в разы быстрее. И не важно, падает рынок или растет. Артем Назаров за 4 месяца увеличил капитал с 571 тысячи до 30,5 млн рублей через трейдинг. Трейдинг - это не казино, где всё на удачу. Это системная работа с чёткими правилами, где можно начать даже с 10 000 рублей и постепенно наращивать капитал. 📌 За 4 дня бесплатного курса от Артема Назарова с абсолютного нуля получите: — Живую торговлю в прямом эфире: с нуля до первых 5000-10000 рублей на сделке — Стратегию «ИМПУЛЬС» — пошаговый алгоритм для новичков — Понимание, как зарабатывать на росте и на падении рынка — План выхода на доход от 100 000 рублей в месяц 💻 Полностью онлайн и бесплатно, но с поддержкой как на платном курсе 🎁 Зарегистрируйтесь сейчас и получите подарок "7 ошибок новичка в первую неделю торговли" 👉 Занять место на курсе: https://tradezoneschool.ru/trade4day	03.09.2026	19:06	Market Twits	03.09.2026 19:06:00	
Важно	Великобритания и Франция обсуждают запуск сборки дальнобойных ракет SCALP на Украине Читать далее 👉 https://smartlab.news/i/203095 мы в max	03.09.2026	19:15	Смарт Лаб	03.09.2026 19:15:00	
Возможно	ЕС обсудит новые ограничения виз для россиян и расширение санкций против танкеров — Bloomberg Читать далее 👉 https://smartlab.news/i/203096 мы в max	03.09.2026	19:24	Смарт Лаб	03.09.2026 19:24:00	
Возможно	США усиливают давление на экономику Ирана, сокращая доступ Тегерана к валюте и внешнему финансированию — Reuters Читать далее 👉 https://smartlab.news/i/203097 мы в max	03.09.2026	19:35	Смарт Лаб	03.09.2026 19:35:00	
Возможно	Оман отклонил предложение Ирана о взимании платы за проход через Ормузский пролив — NYT Читать далее 👉 https://smartlab.news/i/203098 мы в max	03.09.2026	19:40	Смарт Лаб	03.09.2026 19:40:00	
Возможно	Евротранс допустил дефолты по четырем выпускам облигаций на общую сумму 170,6 млн руб #EUTR Читать далее 👉 https://smartlab.news/i/203103 мы в max	03.09.2026	19:58	Смарт Лаб	03.09.2026 19:58:00	
Важно	Зеленский: украинская сторона подтверждает подготовку встреч с американскими представителями, которые пройдут как в Киеве, так и в Москве Читать далее 👉 https://smartlab.news/i/203104 мы в max	03.09.2026	20:12	Смарт Лаб	03.09.2026 20:12:00	
Важно	#Политика В ближайшие дни Стив Уиткофф и Джаред Кушнер должны посетить Москву и Киев, заявил Зеленский. Украинская сторона уже готовится к переговорам	03.09.2026	20:14	Шпион РЦБ	03.09.2026 20:14:00	
Не важно	#нефтянка Вкнесуэла одобрила нефтяное соглашение с США на разработку 17 нефтяных месторождений с запасом 65 млрд баррелей (примерно 1/5 запасов Венесуэлы)	03.09.2026	20:20	Шпион РЦБ	03.09.2026 20:20:00	
Важно	❗️🇺🇦#украина #геополитика Зеленский заявил, что получил подтверждение от Уиткоффа и Кушнера и надеется, что они приедут с визитом в Киев и в Москву в ближайшие дни.	03.09.2026	20:26	Market Twits	03.09.2026 20:26:00	
Не важно	📣#ии #музыка Музыкальный сервис Звук запустил «Вкратце» - ИИ-пересказ аудиокниг - теперь можно быстро вспомнить сюжет аудиокниги после перерыва или познакомиться с ее содержанием перед прослушиванием. На странице аудиокниги можно заранее послушать краткое содержание. В плеере — за несколько минут вспомнить ключевые события уже прослушанных глав и продолжить с нужного места. "Мы развиваем Звук в сторону персонального AI-компаньона, который не просто рекомендует контент, а помогает взаимодействовать с ним." — Артём Лебедев, генеральный директор музыкального сервиса Звук	03.09.2026	20:32	Market Twits	03.09.2026 20:32:00	
Не важно	Торги юанем в августе выросли до 2,8 трлн руб. (+70% г/г) на фоне оферт квазивалютных облигаций — Ъ Читать далее 👉 https://smartlab.news/i/203105 мы в max	03.09.2026	20:38	Смарт Лаб	03.09.2026 20:38:00	
Возможно	Иранские удары не затронули военные объекты США на Ближнем Востоке — CBS News Читать далее 👉 https://smartlab.news/i/203106 мы в max	03.09.2026	20:49	Смарт Лаб	03.09.2026 20:49:00	
Не важно	⚠️🇺🇸🇪🇺#космос #сша #европа Космические компании Маска, Безоса, производитель ракет Stock Space и стартап Starcloud, который пытается построить первый ЦОД в космосе, отказались от участия в космическом саммите в Париже 9-10 сентября — Politico	03.09.2026	21:09	Market Twits	03.09.2026 21:09:00	
Возможно	Вэнс: Мы не будем вести переговоры с Ираном, пока они не прекратят обстреливать торговые суда Читать далее 👉 https://smartlab.news/i/203107 мы в max	03.09.2026	21:19	Смарт Лаб	03.09.2026 21:19:00	
Не важно	🇷🇺#russia #today Вероятность того, что Канье Уэст выступит в России до 31 октября, оценивается игроками на Polymarket сегодня 3 сентября в 31%	03.09.2026	21:21	Market Twits	03.09.2026 21:21:00	
Не важно	❗️🇷🇺#бизнес #инвестиции #дкп #россия Бизнес вернётся к новым инвестпроектам при ключевой ставке ниже 10%, заявил зампред правления банка Анатолий Попов в интервью. Такой уровень считают комфортным более половины клиентов Сбера. Пока высокая ставка вынуждает бизнес тратить деньги преимущественно на текущую деятельность, завершение начатых проектов и расширение мощностей #вэф	03.09.2026	21:24	Market Twits	03.09.2026 21:24:00	
Важно	Трамп: Я просто хочу, чтобы война на Украине закончилась Читать далее 👉 https://smartlab.news/i/203108 мы в max	03.09.2026	21:26	Смарт Лаб	03.09.2026 21:26:00	
Важно	#Политика ТРАМП ВЫРАЗИЛ МНЕНИЕ, ЧТО СУМЕЕТ ДОБИТЬСЯ ЗАВЕРШЕНИЯ КОНФЛИКТА НА УКРАИНЕ	03.09.2026	21:34	Шпион РЦБ	03.09.2026 21:34:00	
Важно	⚠️🇮🇷#иран #геополитика Вэнс: США не будут вести переговоры с Ираном, пока не прекратятся атаки на суда	03.09.2026	21:57	Market Twits	03.09.2026 21:57:00	
Возможно	🇺🇦#украина #геополитика #трамп Трамп: Я просто хочу, чтобы война на Украине закончилась	03.09.2026	21:57	Market Twits	03.09.2026 21:57:00	
Важно	⚠️🇺🇦#нато #украина #геополитика В Германии запустили серийное производство более 5000 дальнобойных дронов-камикадзе для Украины на сумму около €300 млн. Выпуском занимается СП немецко-американской Auterion и украинской Airlogix — Handelsblatt	03.09.2026	21:57	Market Twits	03.09.2026 21:57:00	
Не важно	🇩🇪#VOW #увольнения #авто #германия Volkswagen сегодня представил планы по сокращению 50 000 человек в рамках стратегического плана до 2030 г.	03.09.2026	22:01	Market Twits	03.09.2026 22:01:00	
Возможно	🇮🇷#иран #геополитика #трамп Трамп в интервью телеканалу GB News пообещал скорую победу над Ираном	03.09.2026	22:04	Market Twits	03.09.2026 22:04:00	
Не важно	❗️🇯🇵#fx #япония сильнейшее укрепление в йене против доллара сегодня на фоне интервенций ЦБ	03.09.2026	22:18	Market Twits	03.09.2026 22:18:00	
Не важно	⬆️🇺🇸#акции #сша хороший рост в SP500 сегодня в Nasdaq поймано очень много шортов вчера Трамп под закрытие заявил, что фондовый рынок будет расти сегодня, самый ястребиный спикер ФРС Уоллер (Waller) заявил, что видит первые признаки дезинфляции и выступил за неизменение ставки на следующем заседании ( ранее выступал за повышение ставки как можно скорее)... после этого рост в SP500 ускорился	03.09.2026	22:24	Market Twits	03.09.2026 22:24:00	
Важно	Трамп заявил, что пока не решил, приглашать ли Путина на декабрьский саммит G20 в Майами Читать далее 👉 https://smartlab.news/i/203109 мы в max	03.09.2026	22:33	Смарт Лаб	03.09.2026 22:33:00	
Не важно	⬆️🇷🇺#акции #россия Индекс IMOEX2, который учитывает все дополнительные торговые сессии, еще вчера успешно закрепился выше своей 50-дневки и сегодня успешно вылетает на Луну...	03.09.2026	22:34	Market Twits	03.09.2026 22:34:00	
Возможно	#Политика Законопроект о санкциях против России застопорился в Палате Представителей США из-за опасений по поводу тарифов — Bloomberg	03.09.2026	23:02	Шпион РЦБ	03.09.2026 23:02:00	
Возможно	Санкционный законопроект против РФ застрял в Палате представителей из-за опасений о тарифах и, вероятно, будет отложен как минимум до ноябрьских выборов — Bloomberg Читать далее 👉 https://smartlab.news/i/203110 мы в max	03.09.2026	23:04	Смарт Лаб	03.09.2026 23:04:00	
Важно	❗️🇺🇸🇷🇺#санкции #россия Законопроект об "адских санкциях" против России забуксовал т.к. сталкивается с растущим сопротивлением в Палате представителей США и, скорее всего, будет заморожен как минимум до ноябрьских промежуточных выборов из-за опасений по поводу того, что этот закон усилит власть Трампа в сфере тарифов и приведёт к дальнейшему росту цен на нефть. — BBG	03.09.2026	23:07	Market Twits	03.09.2026 23:07:00	
Не важно	🇺🇸#AAPL Новый складной iPhone Ultra будет стоить $2499, если верить утечке австралийского подразделения оператора Vodafone	03.09.2026	23:25	Market Twits	03.09.2026 23:25:00	
Не важно	🇺🇸#ии #сша OpenAI сегодня представила свою самую мощную ии-модель под названием "GPT-6 Astra"	03.09.2026	23:29	Market Twits	03.09.2026 23:29:00	
Не важно	📈 Акции Озона увеличили рост до 12,3% на вечерних торгах, достигнув верхней планки #OZON Читать далее 👉 https://smartlab.news/i/203111 мы в max	03.09.2026	23:30	Смарт Лаб	03.09.2026 23:30:00	
Важно	⚠️🇪🇺🇷🇺#санкции #россия Представители Евросоюза планируют в ближайшие недели провести серию встреч для обсуждения новых санкций против России — BBG среди новых мер рассматриваются: - ограничение выдачи туристических виз - ужесточение правил передвижения для российских дипломатов - новые ограничения против «теневого флота» РФ	03.09.2026	23:40	Market Twits	03.09.2026 23:40:00	
Не важно	после отчетностей: 🇺🇸#LULU Lululemon = -20% 🇺🇸#DOCU Docusign = +5% 🇺🇸#AMBA Ambarella = 0%	03.09.2026	23:42	Market Twits	03.09.2026 23:42:00	
Не важно	🇺🇸#Revolut Revolut получил условное одобрение Управления валютного контроля США на создание национального банка в США, запуск запланирован на 2027г	03.09.2026	23:44	Market Twits	03.09.2026 23:44:00	
Не важно	⬆️🇷🇺#акции #россия	03.09.2026	23:46	Market Twits	03.09.2026 23:46:00	
Возможно	❗️🛢🇺🇸#бензин #сша Рынок дизельного топлива в США начинает сталкивается с серьёзным дефицитом предложения, а розничные цены уже на максимумах с апреля — BBG	03.09.2026	23:53	Market Twits	03.09.2026 23:53:00	
Не важно	❗️🇯🇵 #fx #япония #интервенции интервенции в йене ЦБ Японии и Минфин США стоят стеной на текущих уровнях	03.09.2026	23:56	Market Twits	03.09.2026 23:56:00	
Не важно	mt в max 🗓КАЛЕНДАРЬ НА СЕГОДНЯ — 2026.09.04 🇷🇺РФ - Восточный экономический форум (ВЭФ) - день 4 🇺🇸США - Non-Farm Payrolls (авг) - 15:30мск 🇺🇸США - безработица (авг) - 15:30мск 🇷🇺ГОСА по дивидендам: #RUAL	04.09.2026	6:44	Market Twits	04.09.2026 6:44:00	
Не важно	🌎#markets	04.09.2026	6:46	Market Twits	04.09.2026 6:46:00	
Не важно	🌎#fx USDCNY = 6.71 USDTRUB = 88.3	04.09.2026	6:47	Market Twits	04.09.2026 6:47:00	
Возможно	🇺🇸🇷🇺#санкции #россия Спикер Палаты представителей США Джонсон заявил журналистам, что он сомневается, что законопроект об "адских санкциях" против России выйдет на голосование до ноябрьских промежуточных выборов в США — BBG	04.09.2026	6:50	Market Twits	04.09.2026 6:50:00	
Не важно	🛢🇺🇸#бензин #сша Джей Ди Вэнс на брифинге обвинил Европу в высоких ценах на бензин заявив, что европейские союзники «не способны сделать хоть что-то, чтобы помочь США» обеспечить снабжение мировых энергетических рынков.	04.09.2026	6:56	Market Twits	04.09.2026 6:56:00	
Не важно	Новак: Россия готовит новый маршрут поставок газа в Китай на 10 млрд куб. м в год и обсуждает «Силу Байкала» #GAZP Читать далее 👉 https://smartlab.news/i/203112 мы в max	04.09.2026	6:57	Смарт Лаб	04.09.2026 6:57:00	
да	🇷🇺🇨🇳#газ #спг #нефть #россия #китай РОССИЯ И КИТАЙ ГОТОВЯТ К ЗАПУСКУ ДАЛЬНЕВОСТОЧНЫЙ МАРШРУТ ПОСТАВОК ГАЗА, ПРОДОЛЖАЮТ ДИАЛОГ ПО ДРУГИМ ПРОЕКТАМ, ВКЛЮЧАЯ "СИЛУ БАЙКАЛА" РФ И КИТАЙ ПРОДОЛЖАТ ПОДГОТОВКУ КОНТРАКТА ПО "СИЛЕ БАЙКАЛА", ЧТОБЫ КОМПАНИИ БЫСТРЕЕ ДОГОВОРИЛИСЬ РОССИЯ И КИТАЙ РАЗВИВАЮТ СОВМЕСТНЫЙ ПРОЕКТ ПО ДОБЫЧЕ И СЖИЖЕНИЮ ГАЗА В АРКТИКЕ РОССИЯ И КИТАЙ НАРАСТИЛИ ЗА 7 МЕСЯЦЕВ 2026 ГОДА ТОРГОВЛЮ ЭНЕРГОРЕСУРСАМИ НА 20%, ДО БОЛЕЕ $50 МЛРД - ВИЦЕ-ПРЕМЬЕР ГОССОВЕТА КНР — НОВАК ————————————— ранее глава Минэнерго РФ Цивилев заявлял, что "Силу Сибири 2" могут переименовать в "Силу Байкала" #вэф	04.09.2026	7:00	Market Twits	04.09.2026 7:00:00	
Не важно	Новак: Большая часть независимых АЗС в России уже снабжается топливом. Ситуация по дизельному топливу стабильна. Правительство не планирует вносить изменения в демпфирующий механизм на рынке топлива Читать далее 👉 https://smartlab.news/i/203113 мы в max	04.09.2026	7:00	Смарт Лаб	04.09.2026 7:00:00	
Не важно	Новак: Россия и Китай расширяют сотрудничество в СПГ и строительстве газоперерабатывающего комплекса на Балтике #NVTK Читать далее 👉 https://smartlab.news/i/203114 мы в max	04.09.2026	7:01	Смарт Лаб	04.09.2026 7:01:00	
Не важно	🇪🇺🇬🇱#европа #гренландия Урсула фон дер Ляйен объявит о новом пакете финансировании Гренландии в размере 200 миллионов евро во время своего визита на остров в это воскресенье -- FT ———————— ранее сообщалось, что глава ЕК посетит Гренландию в воскресенье - понедельник	04.09.2026	7:04	Market Twits	04.09.2026 7:04:00	
Возможно	🛢🇷🇺#бензин #россия Новак назвал стабильной ситуацию по дизельному топливу. Российские власти намерены не допустить затоваривания дизеля, при необходимости разрешат его экспорт. Большая часть независимых автозаправочных станций в России уже снабжается топливом, в дальнейшем их количество будет увеличено. — Новак, ТАСС #вэф	04.09.2026	7:07	Market Twits	04.09.2026 7:07:00	
Не важно	🛢🇷🇺#бензин #россия Топливо пониженных экологических классов начало появляться на российских АЗС. На АЗС в ряде регионов автомобилисты уже могут заправиться бензином Евро-4 — Известия	04.09.2026	7:10	Market Twits	04.09.2026 7:10:00	
Возможно	На нефтебазе в Сочи начался пожар после атаки БПЛА #LKOH Читать далее 👉 https://smartlab.news/i/203115 мы в max	04.09.2026	7:11	Смарт Лаб	04.09.2026 7:11:00	
Возможно	🇷🇺#nev #россия #авто Проблемы с бензином этим летом подстегнули в России и без того растущий интерес к гибридам — Ъ	04.09.2026	7:12	Market Twits	04.09.2026 7:12:00	
Не важно	❗️🇷🇺#авиа #россия НЕОБХОДИМОСТИ ПРОВОДИТЬ ОТДЕЛЬНОЕ СОВЕЩАНИЕ ПО СИТУАЦИИ В АВИАЦИИ ПОСЛЕ УГРОЗ ЗЕЛЕНСКОГО НЕТ — ПЕСКОВ РИА НОВОСТИ	04.09.2026	7:12	Market Twits	04.09.2026 7:12:00	
Важно	⚠️🇺🇦#украина #геополитика Киев не собирается отдавать Донбасс и другие территории, выступает за "заморозку" конфликта — Сибига, интервью	04.09.2026	7:15	Market Twits	04.09.2026 7:15:00	
Не важно	🇷🇺#вэф На ВЭФ-2026 заключили соглашения на 7 трлн руб — советник президента Кобяков	04.09.2026	7:17	Market Twits	04.09.2026 7:17:00	
Не важно	❗️🇷🇺#дкп #россия ЦБ НЕОБХОДИМО ПРИЙТИ К ЗДРАВОЙ ДКП — СОВЕТНИК ПРЕЗИДЕНТА КОБЯКОВ #вэф	04.09.2026	7:19	Market Twits	04.09.2026 7:19:00	
Важно	Песков: необходимости проводить отдельное совещание по ситуации в авиации в России после заявлений Зеленского нет #AFLT #UTAR Читать далее 👉 https://smartlab.news/i/203116 мы в max	04.09.2026	7:19	Смарт Лаб	04.09.2026 7:19:00	
Не важно	🇷🇺#дкп #россия #прогноз Греф ожидает, что ЦБ в 2026 г будет снижать ставку темпами 0.25 - 0.50% — интервью ВЕСТИ #вэф	04.09.2026	7:20	Market Twits	04.09.2026 7:20:00	
Не важно	🇷🇺#fx #россия В августе объем биржевых торгов юанем с поставкой «завтра» вырос на 70% г/г до 2,8 трлн руб. В этот период стремительно выросли и курсы ведущих валют. Во многом такая ситуация определялась выходом на оферту крупных эмитентов с квазивалютными облигационными выпусками, которые привели к росту спроса на валюты со стороны банков. — Ъ	04.09.2026	7:23	Market Twits	04.09.2026 7:23:00	
Не важно	Продажи новых авто в России в августе снизились на 7% г/г, при этом с начала года рынок вырос на 9% — Ведомости #AVAZ Читать далее 👉 https://smartlab.news/i/203117 мы в max	04.09.2026	7:23	Смарт Лаб	04.09.2026 7:23:00	
Не важно	🇷🇺#авто #россия Производственные мощности российских автозаводов необходимо максимально задействовать для удовлетворения запроса россиян на качественные, современные и доступные автомобили — Мантуров назвал ключевую задачу российского автопрома до 2035 г — ТАСС #вэф	04.09.2026	7:25	Market Twits	04.09.2026 7:25:00	
Не важно	🛢🇷🇺🇨🇳#газ #спг #россия #китай Китай отмечает планомерное строительство проекта "Арктик СПГ - 2" и стабильную работу "Ямал СПГ" — вице-премьер Госсовета КНР Дин Сюэсян #вэф	04.09.2026	7:27	Market Twits	04.09.2026 7:27:00	
Возможно	#GAZP РОССИЯ И КИТАЙ В ХОДЕ МПК ПОДТВЕРДИЛИ ЦЕЛЕСООБРАЗНОСТЬ ПРОЕКТА "СИЛА БАЙКАЛА", УСКОРЯТ РАБОТУ ПО ВЫХОДУ НА КОНТРАКТ - НОВАК	04.09.2026	7:30	Шпион РЦБ	04.09.2026 7:30:00	
Не важно	⬆️🛢🇺🇸#бензин #сша Цены на дизель в США побили исторический рекорд	04.09.2026	7:32	Market Twits	04.09.2026 7:32:00	
	🇷🇺#FESH #отчетность FESCO ОЖИДАЕТ ПРИБЫЛЬ И РОСТ EBITDA ПО МСФО ПО ИТОГАМ 2026 Г — ГЕНДИРЕКТОР, ИФ #вэф	04.09.2026	7:34	Market Twits	04.09.2026 7:34:00	
Не важно	🇷🇺#недвижимость #россия По итогам 1п 2026г активы рыночных закрытых фондов недвижимости превысили 1 трлн руб, обновив рекорд. Чистые привлечения в такие фонды выросли с начала года на 118 млрд руб. Вложения растут прежде всего в складскую и офисную недвижимость — Ъ	04.09.2026	7:36	Market Twits	04.09.2026 7:36:00	
Не важно	⚠️🇺🇸#сша #геополитика План США - в создании в Евразии долгосрочных зон конфликта — советник президента Кобяков, ТАСС #вэф	04.09.2026	7:39	Market Twits	04.09.2026 7:39:00	
Важно	❗️⚠️🇺🇦#украина #геополитика #прогноз ТОЧКА НЕВОЗВРАТА В КОНФЛИКТЕ НА УКРАИНЕ ПРОЙДЕНА, — СОВЕТНИК ПРЕЗИДЕНТА КОБЯКОВ, ТАСС #вэф	04.09.2026	7:39	Market Twits	04.09.2026 7:39:00	
Возможно	FESCO ожидает чистую прибыль и рост EBITDA по итогам 2026 года — гендир Петр Иванов #FESH Читать далее 👉 https://smartlab.news/i/203118 мы в max	04.09.2026	7:39	Смарт Лаб	04.09.2026 7:39:00	
Не важно	Россияне продолжают активно наращивать вложения в фонды денежного рынка на фоне высоких ставок. За последний год стоимость чистых активов крупнейших фондов выросла на 25–90% — Ведомости #LQDT #AKMMA #SBMM Читать далее 👉 https://smartlab.news/i/203119 мы в max	04.09.2026	7:43	Смарт Лаб	04.09.2026 7:43:00	
Возможно	Точка невозврата в конфликте на Украине пройдена — советник Президента, Антон Кобяков Читать далее 👉 https://smartlab.news/i/203120 мы в max	04.09.2026	7:48	Смарт Лаб	04.09.2026 7:48:00	
Не важно	Стоимость чистых активов рыночных ЗПИФов недвижимости в I полугодии выросла на ₽117,8 млрд (+13,2% г/г), впервые превысив ₽1 трлн — Ъ Читать далее 👉 https://smartlab.news/i/203121 мы в max	04.09.2026	7:59	Смарт Лаб	04.09.2026 7:59:00	
Не важно	⬇️🇷🇺#авто #россия #отчетность ПРОДАЖИ НОВЫХ ЛЕГКОВЫХ АВТО В РФ В АВГУСТЕ СНИЗИЛИСЬ НА 6,5% Г/Г ДО 114.285 ШТУК -- АВТОСТАТ	04.09.2026	8:02	Market Twits	04.09.2026 8:02:00	
Не важно	✴️🇷🇺#кибербез #крипто #россия Криптовалютный рынок столкнулся с кратным ростом хакерских атак. В 1п 2026г на крупные международные криптосервисы было совершено 211 хакерских атак, это в 2,5 раза больше, чем годом ранее. Двукратный рост числа хакерских атак на криптосервисы по всему миру ставит перед российскими участниками задачу создания безопасной инфраструктуры для формирующегося крипторынка. Их защита требует многоуровневой системы, включающей сегментацию сетей, холодное хранение и регулярные проверки уязвимостей. Требуется также сформировать и соответствующее законодательство, которое защищало бы интересы инвесторов в случае кражи активов. — Ъ	04.09.2026	8:07	Market Twits	04.09.2026 8:07:00	
Возможно	⬆️🛢🇨🇳🇷🇺#торговля #нефть #газ #спг #китай #россия Россия и Китай нарастили торговлю энергоресурсами на 20% в 2026г. Объем превысил $50 млрд и составил одну треть от всего товарооборота, сообщил вице-премьер Госсовета КНР Дин Сюэсян	04.09.2026	8:12	Market Twits	04.09.2026 8:12:00	
Не важно	🌎#логистика #мир Cтоимость перевозок по морю продолжает расти: Baltic Dry index находится на максимуме за 3 года	04.09.2026	8:16	Market Twits	04.09.2026 8:16:00	
Не важно	В России могут создать до 40 межрегиональных ЦОД-хабов для развития ИИ и снижения нагрузки на энергосистему — Ведомости #RTKM Читать далее 👉 https://smartlab.news/i/203122 мы в max	04.09.2026	8:17	Смарт Лаб	04.09.2026 8:17:00	
Возможно	⚠️🇮🇷#иран #геополитика Израиль готовится к крупномасштабной скоординированной ракетной атаке со стороны Ирана. Израиль видит признаки того, что Иран вскоре может возобновить военные действия — портал C14	04.09.2026	8:21	Market Twits	04.09.2026 8:21:00	
Не важно	🇷🇺#акции #россия #макро Российский фондовый рынок сейчас переживает перестройку - все большую роль на нем играют частные инвесторы — Аксаков #вэф	04.09.2026	8:33	Market Twits	04.09.2026 8:33:00	
Не важно	Путин: Россия занимает первое место по объему поставок нефти и природного газа в Китай. А также в числе лидеров среди экспортеров угля и СПГ Читать далее 👉 https://smartlab.news/i/203123 мы в max	04.09.2026	8:41	Смарт Лаб	04.09.2026 8:41:00	
Не важно	54% ретейлеров ожидают ухудшения условий для бизнеса в 2027 году — Forbes Читать далее 👉 https://smartlab.news/i/203124 мы в max	04.09.2026	8:42	Смарт Лаб	04.09.2026 8:42:00	
Важно	❗️⚠️🇺🇦#украина #геополитика СОВЕТНИК ПРЕЗИДЕНТА РФ КОБЯКОВ НАЗВАЛ ПЛАН ТРАМПА ПО УРЕГУЛИРОВАНИЮ УКРАИНСКОГО КОНФЛИКТА ТРУДНОПОНИМАЕМЫМ И ТРУДНОРЕАЛИЗУЕМЫМ #вэф	04.09.2026	8:45	Market Twits	04.09.2026 8:45:00	
Не важно	Мировой рынок природных алмазов остается под давлением из-за слабого спроса, высоких запасов у индийских огранщиков и конкуренции со стороны синтетических камней — Forbes #ALRS Читать далее 👉 https://smartlab.news/i/203125 мы в max	04.09.2026	8:50	Смарт Лаб	04.09.2026 8:50:00	
Не важно	Рост цен на элитные новостройки Москвы замедлился с 30% до 5% на фоне падения спроса — Ъ Читать далее 👉 https://smartlab.news/i/203126 мы в max	04.09.2026	8:54	Смарт Лаб	04.09.2026 8:54:00	
Не важно	❗️🇩🇪#VOW #авто #германия Volkswagen уволит до 60 000 человек и сократит расходы на инвестиции и исследования на €50 млрд. 4 сентября набсовет концерна должен утвердить новый план масштабной реструктуризации, которая является "последним шансом" для компании. После реструктуризации, Volkswagen рассчитывает продавать около 9 млн авто к 2030г против 11 млн в 2019г. — Build	04.09.2026	8:55	Market Twits	04.09.2026 8:55:00	
Не важно	🔔 Доброе утро! Сегодня, 04.09, событий не ожидается! 📆 Полный календарь тут: https://smart-lab.ru/calendar/stocks/ ✊Удачных инвестиций!	04.09.2026	9:00	Смарт Лаб	04.09.2026 9:00:00	
Не важно	Греф: ЦБ в 2026 году, вероятно, продолжит снижать ключевую ставку шагами по 25–50 б.п. Читать далее 👉 https://smartlab.news/i/203128 мы в max	04.09.2026	9:00	Смарт Лаб	04.09.2026 9:00:00	
Важно	🔥🇺🇦#украина #геополитика ИСТОЧНИК ТАСС ПОДТВЕРДИЛ, ЧТО УИТТКОФФ И КУШНЕР В БЛИЖАЙШИЕ ДНИ НАМЕРЕНЫ ПРИЕХАТЬ В КИЕВ И МОСКВУ	04.09.2026	9:03	Market Twits	04.09.2026 9:03:00	
Возможно	Уиткофф и Кушнер в ближайшие дни намерены приехать в Киев и Москву Читать далее 👉 https://smartlab.news/i/203129 мы в max	04.09.2026	9:06	Смарт Лаб	04.09.2026 9:06:00	
Не важно	#Нефтянка Нефтегазовые доходы в августе упали вдвое — Коммерсантъ Налоговые поступления федерального бюджета от добычи и продажи нефти и газа в августе упали до минимального с января этого года значения. За месяц собрано всего 424 млрд руб., следует из опубликованных Минфином 3 сентября данных. Это на 55% меньше, чем было в июле (934 млрд руб.), и на 16% ниже, чем год назад, в августе 2025 года.	04.09.2026	9:07	Шпион РЦБ	04.09.2026 9:07:00	
Не важно	⬆️🇷🇺#IMOEX "Я люблю тебя до слез, Каждый вздох, как в первый раз, Вместо лжи красивых фраз Это облако из роз. Лепестками белых роз Наше ложе застелю, Я люблю тебя до слез, Без ума люблю." — IMOEX	04.09.2026	9:11	Market Twits	04.09.2026 9:11:00	
Не важно	#IMOEX выше 2250	04.09.2026	9:13	Шпион РЦБ	04.09.2026 9:13:00	
Не важно	Транснефть не обращалась в ФАС с просьбой увеличить тарифы на прокачку выше инфляции в связи со снижением грузопотоков Читать далее 👉 https://smartlab.news/i/203132 мы в max	04.09.2026	9:24	Смарт Лаб	04.09.2026 9:24:00	
Не важно	🛢🇷🇺🇨🇳#торговля #россия #китай #макро Выступление Сечина на ВЭФ: - Россия и Китай генерируют треть всей энергии, производимой в мире - энергопотребление КНР в 2025 году превысило потребление США и Европы - товарооборот РФ и Китая за 30 лет вырос более чем в 50 раз - Россия является крупнейшим экспортером нефти в Китай, доля поставок достигла 23% - Россия является основным поставщиком обогащенного урана в Китай - российские поставки обеспечивают для Китая около 20% импорта угля - важнейшим маршрутом поставки энергоресурсов на фоне ближневосточного кризиса стал СМП, у Китая есть приоритетный доступ к нему - Китай преодолел Ормуз благодаря заблаговременному созданию резервов - Китай фактически перехватил инициативу у ОПЕК по стабилизации мирового рынка нефти, дальнейший рост китайских резервов усилит роль КНР на энергорынке - взаиморасчеты между РФ и КНР уже почти полностью ведутся в рублях и юанях - все условия для сотрудничества РФ и Китая в сфере энергетики созданы — ТАСС #вэф	04.09.2026	9:25	Market Twits	04.09.2026 9:25:00	
Не важно	Сечин: важнейшим маршрутом поставки энергоресурсов на фоне ближневосточного кризиса стал СМП, у Китая есть приоритетный доступ к нему Читать далее 👉 https://smartlab.news/i/203133 мы в max	04.09.2026	9:25	Смарт Лаб	04.09.2026 9:25:00	
Возможно	#Политика Коммерсантъ: Предложенный президентом США Дональдом Трампом план урегулирования конфликта на Украине вызывает непонимание у мирового сообщества и вряд ли может быть воплощен на практике, сказал советник президента России Антон Кобяков. Согласно утечкам в СМИ, план представляет собой комплексное мирное соглашение, которое предполагает подтверждение суверенитета Украины при одновременном замораживании территориальных уступок.	04.09.2026	9:27	Шпион РЦБ	04.09.2026 9:27:00	
Возможно	#Политика Коммерсантъ: Предложенный президентом США Дональдом Трампом план урегулирования конфликта на Украине вызывает непонимание у мирового сообщества и вряд ли может быть воплощен на практике, сказал советник президента России Антон Кобяков. Согласно утечкам в СМИ, план представляет собой комплексное мирное соглашение, которое предполагает подтверждение суверенитета Украины при одновременном замораживании территориальных уступок.	04.09.2026	9:27	Шпион РЦБ	04.09.2026 9:27:00	
Не важно	⚠️🇷🇺#дкп #россия #опрос ЦБ РФ на заседании 11 сентября оставит ключевую ставку без изменений на уровне 14% — аналитики, опрос Известия	04.09.2026	9:29	Market Twits	04.09.2026 9:29:00	
Не важно	#Газ #Нефтянка За семь месяцев 2026 года объем торговли энергоресурсами между Россией и Китаем превысил $50 млрд — вице-премьер Госсовета КНР Дин Сюэсян По сравнению с прошлогодним показателем объем торговли энергоресурсами увеличился на 20%. Он составил одну треть всего комплекса двустороннего товарооборота.	04.09.2026	9:31	Шпион РЦБ	04.09.2026 9:31:00	
Не важно	Россия в условиях санкционного давления сталкивается с оттоком капитала. Необходимо перезапустить инвестиционный цикл и активнее привлекать частный капитал внутри страны — советник президента, Кобяков Читать далее 👉 https://smartlab.news/i/203134 мы в max	04.09.2026	9:33	Смарт Лаб	04.09.2026 9:33:00	
Возможно	#политика Бессент сообщил о присоединении ЕС к кампании экономического давления на Иран	04.09.2026	9:38	Шпион РЦБ	04.09.2026 9:38:00	
Не важно	МНЕНИЕ: Хедж-фонды представляют большую угрозу для казначейских облигаций США, чем когда-либо представлял Китай — обозреватель Reuters Читать далее 👉 https://smartlab.news/i/203135 мы в max	04.09.2026	9:39	Смарт Лаб	04.09.2026 9:39:00	
Не важно	МНЕНИЕ: ЦБ РФ на заседании 11 сентября сохранит ключевую ставку на уровне 14% — прогноз 18 из 21 опрошенных аналитика — Известия Читать далее 👉 https://smartlab.news/i/203136 мы в max	04.09.2026	9:41	Смарт Лаб	04.09.2026 9:41:00	
Не важно	#Китай ТАСС: Главное из заявлений Игоря Сечина на Российско-китайском энергетическом бизнес-форуме в рамках ВЭФ: ▪️РФ и Китай генерируют треть всей энергии, производимой в мир; ▪️Товарооборот РФ и Китая за 30 лет вырос более чем в 50 раз и превышает $200 млрд; ▪️Энергопотребление Китая в прошлом году на 40% превысило потребление США и Европы; ▪️Российские поставки обеспечивают для Китая около 20% импорта угля; ▪️Россия является основным поставщиком обогащенного урана в Китай; ▪️Важнейшим маршрутом поставки энергоресурсов на фоне ближневосточного кризиса стал СМП, у Китая есть приоритетный доступ к нем; ▪️Китай фактически перехватил инициативу у ОПЕК по стабилизации мирового рынка нефт; ▪️РФ является крупнейшим экспортером нефти в Китай, доля поставок достигла 23%; ▪️Все условия для сотрудничества РФ и Китая в сфере энергетики созданы; ▪️Благодаря более высокой эффективности закупок нефти из РФ Китай получил экономический эффект более $27 млрд; ▪️Взаиморасчеты между РФ и Китаем уже почти полностью ведутся в рублях и юанях.	04.09.2026	9:45	Шпион РЦБ	04.09.2026 9:45:00	
Не важно	⚠️🌎#облигации #cot На фоне сильных распродаж, Норвежский фонд благосостояния предлагает сократить долю гособлигаций до 50% с 70% в своем портфеле на $2.3 трлн. Письмо направлено Минфину.	04.09.2026	9:46	Market Twits	04.09.2026 9:46:00	
Не важно	Новак: на Китай к 2030 году придется более 60% всего газового экспорта России #GAZP #NVTK Читать далее 👉 https://smartlab.news/i/203138 мы в max	04.09.2026	9:52	Смарт Лаб	04.09.2026 9:52:00	
Не важно	🇷🇺🇨🇳#россия #китай Россия удерживает первое место среди поставщиков нефти в Китай, за 7 месяцев текущего года экспорт вырос на 25% На Китай к 2030 году придется более 60% всего газового экспорта России РФ направляет 94% нефтяного экспорта в дружественные страны Компании РФ на фоне ближневосточного кризиса показали себя гарантом бесперебойных отгрузок на долгосрочной основе и по рыночным ценам Россия вошла в тройку основных поставщиков СПГ на китайском рынке РФ и Китай взаимодействуют в ВИЭ, по цифровым решениям для нефтегазового сектора и защите от киберугроз — Новак, ТАСС #вэф	04.09.2026	9:54	Market Twits	04.09.2026 9:54:00	
Не важно	❗️🇷🇺#дкп #россия Надо снижать ключевую ставку ради создания новых возможностей для бизнеса — Греф, ВЕСТИ #вэф	04.09.2026	9:56	Market Twits	04.09.2026 9:56:00	
Не важно	🇷🇺#экономика #бизнес #дкп #ии #россия Приход китайского бизнеса в Россию — большое благо, поскольку он дает возможность получить доступ к опыту КНР в организации производства. Крупный бизнес адаптировался к новым условиям экономики РФ. Компании резко сократили свои издержки, привлечение капитала, стараются максимально погасить долги. И это хорошая новость. Надо снижать ключевую ставку ради создания новых возможностей для бизнеса. Ключевая ставка ЦБ будет снижаться на 0,25–0,5 процентного пункта и к концу года может достичь 13–13,5%. Только ЦФО опережает Дальний Восток по объему инвестиций. Влияние ИИ на ВВП оценивается менее чем в 1%, а после 2030 года показатель будет выше. — Греф, ВЕСТИ #вэф	04.09.2026	10:00	Market Twits	04.09.2026 10:00:00	
Не важно	Вылов лососевых в 2026 году может составить 100-110 тыс тонн вместо прогнозных 227 тыс т — Росрыболовство #AQUA Читать далее 👉 https://smartlab.news/i/203139 мы в max	04.09.2026	10:01	Смарт Лаб	04.09.2026 10:01:00	
Не важно	🇷🇺#ipo #россия До конца 2026 года ВТБ ожидает до трех IPO при наличии подходящей рыночной конъюнктуры. — интервью ТАСС #вэф	04.09.2026	10:02	Market Twits	04.09.2026 10:02:00	
Не важно	✴️🇷🇺#банки #крипто #россия ВТБ готовится запустить полный цикл операций с криптовалютами — интервью ТАСС #вэф	04.09.2026	10:03	Market Twits	04.09.2026 10:03:00	
Не важно	📈Индекс Мосбиржи на открытии прибавляет 1,6% до 2250 пунктов на фоне скорого посещения Уиткоффом и Кушнером ресторана "Вкусно и точка" в Москве Читать далее 👉 https://smartlab.news/i/203140 мы в max	04.09.2026	10:04	Смарт Лаб	04.09.2026 10:04:00	
Не важно	❗️🇰🇿#казахстан #дкп #цб Казахстан - ставка ЦБ = 16.25% (ранее 16.75%)	04.09.2026	10:06	Market Twits	04.09.2026 10:06:00	
Не важно	❗️🇷🇺#индексы #акции #россия Новые базы расчета индексов Московской биржи будут действовать с 18 сентября изменения коснутся акций #LENT #MSNG #FESH #EUTR #BTBR #ZAYM #MRKZ #HNFG #PIKK #MTSS #RNFT подробне	04.09.2026	10:08	Market Twits	04.09.2026 10:08:00	
Не важно	Отток наличности в августе был на треть меньше, чем в июле — финдиректор Сбера Тарас Скворцов #SBER Читать далее 👉 https://smartlab.news/i/203141 мы в max	04.09.2026	10:13	Смарт Лаб	04.09.2026 10:13:00	
Не важно	Продажи новых легковых авто в августе 2026 г сократились на 6,5% г/г и на 6,4% м/м до 114,3 тыс ед — Сергей Целиков, Автостат #AVAZ Читать далее 👉 https://smartlab.news/i/203143 мы в max	04.09.2026	10:18	Смарт Лаб	04.09.2026 10:18:00	
Не важно	МНЕНИЕ: Инфляция соответствует прогнозам, однако новый виток дефицита топлива создает риски усиления ценового давления осенью — Т-Инвестиции Читать далее 👉 https://smartlab.news/i/203144 мы в max	04.09.2026	10:20	Смарт Лаб	04.09.2026 10:20:00	
Не важно	⬆️🛢#нефть Нефть закрывает неделю сильнейшим ростом за месяц с лишним Oil Heads for Biggest Weekly Gain Since July on Iran War Risks	04.09.2026	10:22	Market Twits	04.09.2026 10:22:00	
Не важно	Сечин: РФ за 7 мес 2026 г. поставила 67 млн т нефти Китаю #ROSN Читать далее 👉 https://smartlab.news/i/203146 мы в max	04.09.2026	10:26	Смарт Лаб	04.09.2026 10:26:00	
Не важно	❗️🇺🇸#дкп #сша #трамп Вэнс: Мы считаем, что ФРС должна снизить ставки	04.09.2026	10:34	Market Twits	04.09.2026 10:34:00	
Возможно	🇷🇺#PIKK Девелопер ПИК ведет переговоры о продаже двух земельных участков общей площадью около 1 гектара на Малом проспекте Петроградской стороны в Петербурге. Объем сделки может составить около 2,5 млрд руб — Деловой Петербург	04.09.2026	10:36	Market Twits	04.09.2026 10:36:00	
Не важно	🧠#ии #занятость #прогноз #трамп Трамп: ИИ создаст миллионы рабочих мест.	04.09.2026	10:41	Market Twits	04.09.2026 10:41:00	
Возможно	🛢🇨🇳🇷🇺#китай #россия #энергетика Си Цзиньпин призывает к углублению китайско-российского энергетического сотрудничества — CCTV	04.09.2026	10:42	Market Twits	04.09.2026 10:42:00	
Не важно	Дефицит специалистов в строительной отрасли составляет 200-400 тыс человек — президент НОСТРОЙ Антон Глушков #PIKK Читать далее 👉 https://smartlab.news/i/203147 мы в max	04.09.2026	10:42	Смарт Лаб	04.09.2026 10:42:00	
Возможно	⚠️🇷🇺#авиа #россия Авиакомпания Air Tanzania временно приостановила рейсы между Дар-эс-Саламом в Танзании и Москвой с 4 сентября. Решение принято после плановой оценки рисков на маршруте, говорится в пресс-релизе перевозчика. — РБК #AFLT	04.09.2026	10:46	Market Twits	04.09.2026 10:46:00	
Возможно	#Авиа Авиакомпания Air Tanzania временно приостановила рейсы между Дар-эс-Саламом в Танзании и Москвой с 4 сентября. Решение принято после плановой оценки рисков на маршруте, говорится в пресс-релизе перевозчика — РБК	04.09.2026	10:47	Шпион РЦБ	04.09.2026 10:47:00	
Не важно	Доля безналичных операций в розничном обороте по итогам 2кв 2026 года незначительно снизилась (на 0,5 п.п.), составив 88,4% — Обзор ЦБ РФ "Платежные операции россиян: тренды II квартала" Читать далее 👉 https://smartlab.news/i/203148 мы в max	04.09.2026	10:49	Смарт Лаб	04.09.2026 10:49:00	
Не важно	#OZON Дельта в озоне упала уже на 1 млрд руб с момента вчерашней планки — данные Шпиона РЦБ 📅 Данные OZON за сегодня Покупки: 4927.6 млн руб Продажи: 5354.7 млн руб Дельта: -427.1 млн руб Накопленные данные за 10 дней Покупки: 34691.6 млн руб Продажи: 34031.9 млн руб Дельта: 659.8 млн руб	04.09.2026	10:55	Шпион РЦБ	04.09.2026 10:55:00	
Не важно	#Авиа Российская сторона готова обсуждать увеличение числа рейсов в Индию и рассчитывает на скорый запуск полетов национального перевозчика Air India, заявил в интервью ТАСС на ВЭФ министр транспорта Андрей Никитин.	04.09.2026	11:01	Шпион РЦБ	04.09.2026 11:01:00	
Возможно	У России слишком много дипломатов в Европе. Их более 2 тыс - и по меньшей мере 40% из них выполняют задачи, несовместимые с дипломатическим статусом — глава МИД Польши Сикорский Читать далее 👉 https://smartlab.news/i/203150 мы в max	04.09.2026	11:03	Смарт Лаб	04.09.2026 11:03:00	
Не важно	МНЕНИЕ: В паре доллар/рубль прогнозируем коридор 83–89,5, по евро — 96–103, по юаню — 12,3–13,2 рубля — Альфа-Форекс Читать далее 👉 https://smartlab.news/i/203151 мы в max	04.09.2026	11:05	Смарт Лаб	04.09.2026 11:05:00	
Возможно	Мосбиржа по рекомендации Индексного комитета сформировала базы расчета индексов акций, которые будут действовать с 18 сентября Читать далее 👉 https://smartlab.news/i/203152 мы в max	04.09.2026	11:11	Смарт Лаб	04.09.2026 11:11:00	
Не важно	⬆️🛢🇪🇺#газ #европа Цена на газ в Европе растет уже 4 недели подряд European Gas Heads for Fourth Weekly Gain as Iran War Drags On месяц назад многие инвестдома прогнозировали значительный рост цен на газ в Европе, если Ормуз не откроется к осени а Ормуз не откроется к осени... — Bogdanoff Energy Intel	04.09.2026	11:15	Market Twits	04.09.2026 11:15:00	
Возможно	🇷🇺#AFLT #отчетность #дивиденд "АЭРОФЛОТ" РАССЧИТЫВАЕТ В 2027 ГОДУ СОХРАНИТЬ ПАССАЖИРОПОТОК НА УРОВНЕ 2024-2025 ГОДОВ СОВЕТ ДИРЕКТОРОВ "АЭРОФЛОТА" ГОТОВ РЕКОМЕНДОВАТЬ ВЫПЛАТИТЬ ДИВИДЕНДЫ ЗА 2026 Г. ПРИ ДОСТИЖЕНИИ ПОЛОЖИТЕЛЬНОГО ФИНАНСОВОГО РЕЗУЛЬТАТА - ГЛАВА КОМПАНИИ - ТАСС	04.09.2026	11:15	Market Twits	04.09.2026 11:15:00	
Возможно	#AFLT СОВЕТ ДИРЕКТОРОВ "АЭРОФЛОТА" ГОТОВ РЕКОМЕНДОВАТЬ ВЫПЛАТИТЬ ДИВИДЕНДЫ ЗА 2026 Г. ПРИ ДОСТИЖЕНИИ ПОЛОЖИТЕЛЬНОГО ФИНАНСОВОГО РЕЗУЛЬТАТА	04.09.2026	11:15	Шпион РЦБ	04.09.2026 11:15:00	
да	Аэрофлот готов рекомендовать дивиденды за 2026 год при достижении положительных финансовых результатов — глава компании Сергей Александровский #AFLT Читать далее 👉 https://smartlab.news/i/203153 мы в max	04.09.2026	11:16	Смарт Лаб	04.09.2026 11:16:00	
Важно	#Политика Американские переговорщики Стивен Уиткофф и Джаред Кушнер могут прибыть в Киев в воскресенье, 6 сентября — депутат Верховной Рады	04.09.2026	11:18	Шпион РЦБ	04.09.2026 11:18:00	
Возможно	❗️🇺🇦#украина #геополитика УИТКОФФ И КУШНЕР МОГУТ ПРИБЫТЬ В КИЕВ В ВОСКРЕСЕНЬЕ, 6 СЕНТЯБРЯ — УКРАИНСИЕ СМИ	04.09.2026	11:19	Market Twits	04.09.2026 11:19:00	
Не важно	ГК "Аэрофлот" в 2027 году рассчитывает на объемы перевозок на уровне 2024-2025 годов - 55,3 млн человек — глава компании Александровский #AFLT Читать далее 👉 https://smartlab.news/i/203154 мы в max	04.09.2026	11:20	Смарт Лаб	04.09.2026 11:20:00	
Не важно	⚠️🇰🇿#дкп #казахстан ЦБ Казахстана повысил прогноз инфляции на 27г до 6,5–8,5% (ранее 5,5–7,5%) Пространство для дальнейшего снижения базовой ставки ограничено — ЦБ Казахстана	04.09.2026	11:32	Market Twits	04.09.2026 11:32:00	
Не важно	Греф: Крупный бизнес адаптировался к новым экономическим условиям, но в целом ряде секторов есть проблемы: мы видим волну неплатёжеспособности в разных секторах и банкротство компаний #SBER Читать далее 👉 https://smartlab.news/i/203155 мы в max	04.09.2026	11:35	Смарт Лаб	04.09.2026 11:35:00	
Не важно	⬆️🇷🇺#IMOEX	04.09.2026	11:36	Market Twits	04.09.2026 11:36:00	
Важно	🔥🇺🇦#украина #геополитика УИТКОФФ И КУШНЕР ПОСЕТЯТ СНАЧАЛА МОСКВУ, ЗАТЕМ КИЕВ 5-6 СЕНТЯБРЯ — ИСТОЧНИК ТАСС	04.09.2026	11:38	Market Twits	04.09.2026 11:38:00	
Не важно	Банк России 11 сентября сохранит ставку на уровне 14% — все десять опрошенных Forbes экономистов Читать далее 👉 https://smartlab.news/i/203156 мы в max	04.09.2026	11:40	Смарт Лаб	04.09.2026 11:40:00	
Возможно	#Политика Уиткофф и Кушнер посетят сначала Москву, затем Киев 5-6 сентября, сообщил ТАСС источник.	04.09.2026	11:40	Шпион РЦБ	04.09.2026 11:40:00	
Важно	Уиткофф и Кушнер посетят сначала Москву, затем Киев 5-6 сентября — ТАСС Читать далее 👉 https://smartlab.news/i/203157 мы в max	04.09.2026	11:41	Смарт Лаб	04.09.2026 11:41:00	
Не важно	⚠️🇺🇸#облигации #сша Крупнейший суверенный фонд в мире, Норвежский фонд благосостояния, планирует хорошенечко распродаться в гособлигациях США — CNBC WORLD’S BIGGEST SOVEREIGN WEALTH FUND PLANS TO CUT U.S. TREASURY HOLDINGS	04.09.2026	11:52	Market Twits	04.09.2026 11:52:00	
Возможно	Украина никогда не пойдёт ни на какие формулы ценой своей территориальной целостности и суверенитета — глава МИД Украины Сибига в интервью Ulysmedia - Один день войны для нас стоит $450 млн - Мы готовы к перемирию, безоговорочному перемирию. У нас есть предложение остановиться там, где мы есть - Уиткофф и Кушнер в России были уже семь раз, в Украине ни разу "Мы ждём приезда представителей американской переговорной группы. Мы получили от них пакет идей, новых идей, предложений, и Украина работает с ними над этим проектом. Поэтому обязательно встреча состоится". Читать далее 👉 https://smartlab.news/i/203158 мы в max	04.09.2026	11:52	Смарт Лаб	04.09.2026 11:52:00	
Не важно	⬆️🇩🇪#VOW = +5% ралли в акциях Volkswagen на планах "реструктуризации века"	04.09.2026	11:58	Market Twits	04.09.2026 11:58:00	
Не важно	💥✴️#ZEC = +23% > $1000 Популярнейший анонимный токен ZEC анонимного проекта ZCash с юридическим офисом в одном квартале от штаб-квартиры ЦРУ в США становится еще популярнее при цене > $1000	04.09.2026	12:00	Market Twits	04.09.2026 12:00:00	
Не важно	МНЕНИЕ: Операции по бюджетному правилу нейтральны для курса на месячном горизонте. Их эффект сводится к компенсации динамики продаж валюты со стороны экспортеров — Банк Санкт-Петербург Читать далее 👉 https://smartlab.news/i/203159 мы в max	04.09.2026	12:06	Смарт Лаб	04.09.2026 12:06:00	
Не важно	🇷🇺🇻🇳#россия #вьетнам Путин 9 сентября проведет переговоры с президентом Вьетнама То Ламом в Москве	04.09.2026	12:07	Market Twits	04.09.2026 12:07:00	
Не важно	Розничные цены на дизельное топливо в США достигли рекордного уровня - $5,85 за галлон — Bloomberg Читать далее 👉 https://smartlab.news/i/203160 мы в max	04.09.2026	12:09	Смарт Лаб	04.09.2026 12:09:00	
Не важно	Мировые цены на продовольствие в августе выросли до самого высокого уровня с конца 2022 года на фоне растущей геополитической напряжённости и экстремальных погодных условий — Bloomberg Читать далее 👉 https://smartlab.news/i/203161 мы в max	04.09.2026	12:13	Смарт Лаб	04.09.2026 12:13:00	
Не важно	💥✴️#LINK = +8% более 600 банков подключатся к системам Chainlink благодаря партнерству проекта с Bottomline	04.09.2026	12:14	Market Twits	04.09.2026 12:14:00	
Не важно	#Недвижимость #Отчетность Девелопер элитной недвижимости КОЛДИ в 1П2026 увеличил объем контрактации до 5.2 млрд руб • контрактация — 5,2 млрд рублей, +11% г/г; • реализованная площадь — 5,8 тыс. кв. м, -53% г/г; • средняя цена реализации жилой недвижимости — 1,84 млн рублей за кв. м, +104% г/г; • средняя цена реализации офисной недвижимости — 400 тыс. рублей за кв. м, +24% г/г Контрактация — объем продаж в деньгах. Рост контрактации при снижении проданной площади связан прежде всего с изменением структуры продаж: компания увеличивает долю более дорогих проектов в премиальном, элитном и де-люкс сегментах. Сравнение с результатами сектора элитной недвижимостиКОЛДИСектор (Москва)Контрактация в жилом сегменте+245% г/г+19% г/гСредний чек161 млн руб133 млн рубСредняя цена реализации кв. м1.84 млн руб1.4 млн рубИсторически КОЛДИ специализировалась преимущественно на камерных проектах апартаментов в центре Москвы, а сейчас смещает фокус в сторону премиальной, элитной и де-люкс жилой недвижимости, а также высококлассных офисных проектов. Ранее девелопер объявил о планах по выходу на IPO к 2030 году.	04.09.2026	12:15	Шпион РЦБ	04.09.2026 12:15:00	
Не важно	Крупнейшие в мире управляющие активами восстанавливают позиции в золоте после снижения цен — Bloomberg Читать далее 👉 https://smartlab.news/i/203163 мы в max	04.09.2026	12:16	Смарт Лаб	04.09.2026 12:16:00	
Возможно	Аэрофлот фиксирует смещение спроса на коротких направлениях на более прогнозируемые виды транспорта (жд, автотранспорт) — глава компании Александровский #AFLT Читать далее 👉 https://smartlab.news/i/203164 мы в max	04.09.2026	12:23	Смарт Лаб	04.09.2026 12:23:00	
Не важно	Суверенный фонд Норвегии предложил сократить долю гособлигаций в своём портфеле с 70% до 50%, что в первую очередь затронет казначейские облигации США (их доля снизится с 34,1% до 21,9%) — CNBC Причина – желание диверсифицировать риски и повысить доходность за счёт корпоративных бондов и ипотечных ценных бумаг Читать далее 👉 https://smartlab.news/i/203165 мы в max	04.09.2026	12:32	Смарт Лаб	04.09.2026 12:32:00	
Не важно	❗️🇷🇺#акции #россия #cot Частные инвесторы в августе в 3,6 раза увеличили вложения в акции на Московской бирже -- биржа	04.09.2026	12:37	Market Twits	04.09.2026 12:37:00	
Не важно	🛢🇷🇺#газ #россия #GAZP Газпром с начала года нарастил поставки газа в страны Центральной Азии почти на 70% -- Миллер #вэф	04.09.2026	12:39	Market Twits	04.09.2026 12:39:00	
Не важно	Алексей Миллер: Газпром нарастил в этом году поставки в Казахстан, в Киргизию, в Узбекистан суммарно почти на 70%. #GAZP - В январе 2027 года мы введем новый экспортный газопровод в Китай – «дальневосточный» маршрут - Поставки газа по газопроводу «Сила Сибири» в этом году, так же как и в предыдущие годы, ставят новые суточные рекорды. Читать далее 👉 https://smartlab.news/i/203167 мы в max	04.09.2026	12:44	Смарт Лаб	04.09.2026 12:44:00	
Не важно	Частные инвесторы в августе увеличили вложения в акции на Мосбирже в 3,6 раза г/г, до ₽30,5 млрд. Общий объём инвестиций физлиц в ценные бумаги составил ₽212,5 млрд (облигации - 151,6 млрд) — Площадка Читать далее 👉 https://smartlab.news/i/203168 мы в max	04.09.2026	12:47	Смарт Лаб	04.09.2026 12:47:00	
Не важно	Оил Ресурс допустил дефолт по облигациям серии 001Р-01 на сумму 67,8 млн руб Читать далее 👉 https://smartlab.news/i/203169 мы в max	04.09.2026	12:49	Смарт Лаб	04.09.2026 12:49:00	
Важно	#Политика ПЕСКОВ: ВЕРОЯТНОСТЬ ТОГО, ЧТО УДАСТСЯ ВЫЙТИ В РЕЖИМ МИРНОГО УРЕГУЛИРОВАНИЯ СИТУАЦИИ ПО УКРАИНЕ ЕСТЬ, НО КОНКРЕТНЫХ ПРЕДПОСЫЛОК НЕТ РФ НЕ БУДЕТ ВЕСТИ ПРЯМЫХ ПЕРЕГОВОРОВ С УКРАИНОЙ О ПРЕКРАЩЕНИИ УКРАИНСКИХ ТЕРАКТОВ ПЕРЕД ВИЗИТОМ УИТКОФФА И КУШНЕРА	04.09.2026	12:55	Шпион РЦБ	04.09.2026 12:55:00	
Важно	⚠️🇺🇦#украина #геополитика ВЕРОЯТНОСТЬ ТОГО, ЧТО УДАСТСЯ ВЫЙТИ В РЕЖИМ МИРНОГО УРЕГУЛИРОВАНИЯ СИТУАЦИИ ПО УКРАИНЕ ЕСТЬ, НО КОНКРЕТНЫХ ПРЕДПОСЫЛОК НЕТ В КРЕМЛЕ СЧИТАЮТ ПРЕЖДЕВРЕМЕННЫМ ГОВОРИТЬ О ТОМ, ЧТО ПОЯВИЛИСЬ НОВЫЕ РАЗВИЛКИ В ПРОЦЕССЕ УКРАИНСКОГО УРЕГУЛИРОВАНИЯ РФ СЛЫШАЛА О ПЛАНАХ ФРГ, АНГЛИИ И ФРАНЦИИ ПО НАЛАЖИВАНИЮ ПРОИЗВОДСТВА ДАЛЬНОБОЙНЫХ РАКЕТ НА УКРАИНЕ, МОСКВА ПРОВЕРЯЕТ ЭТУ ИНФОРМАЦИЮ В СЛУЧАЕ НАЛАЖИВАНИЯ СОЗДАНИЯ ДАЛЬНОБОЙНЫХ РАКЕТ НА ТЕРРИТОРИИ УКРАИНЫ СООТВЕТСТВУЮЩИЕ ПРОИЗВОДСТВА СТАНУТ ЗАКОННОЙ ЦЕЛЬЮ ДЛЯ ВС РФ ПОЗИЦИЯ РФ ПО УСЛОВИЯМ УРЕГУЛИРОВАНИЯ С УКРАИНОЙ, ОЗВУЧЕННАЯ ПУТИНЫМ ДВА ГОДА НАЗАД В МИД, ОСТАЕТСЯ НЕЗЫБЛЕМОЙ КРЕМЛЬ ПРОИНФОРМИРУЕТ О КОНТАКТАХ С УИТКОФФОМ И КУШНЕРОМ, КОГДА ОНИ СОСТОЯТСЯ — ПЕСКОВ	04.09.2026	12:57	Market Twits	04.09.2026 12:57:00	
Важно	Песков: Вероятность того, что удастся выйти в режим мирного урегулирования ситуации по Украине есть, но конкретных предпосылок нет Читать далее 👉 https://smartlab.news/i/203170 мы в max	04.09.2026	12:58	Смарт Лаб	04.09.2026 12:58:00	
Важно	#Политика Кремль проинформирует о контактах российской стороны с Уиткоффом и Кушнером, когда они состоятся — Песков	04.09.2026	12:59	Шпион РЦБ	04.09.2026 12:59:00	
Возможно	Китай успешно преодолел кризис, вызванный ограничением поставок нефти через Ормузский пролив, благодаря заблаговременному созданию резервов, широкомасштабной электрификации и партнерству с РФ — Сечин #ROSN Читать далее 👉 https://smartlab.news/i/203171 мы в max	04.09.2026	13:02	Смарт Лаб	04.09.2026 13:02:00	
Возможно	Менеджмент Whoosh не удовлетворен текущей оценкой компании на рынке, основатели и руководство являются крупными акционерами и напрямую разделяют интересы всех инвесторов — компания #WUSH На чем сейчас сфокусирована команда: - Отказ от масштабного CAPEX - Максимизация отдачи от текущего парка - Генерация свободного денежного потока - Последовательное снижение долговой нагрузки. Читать далее 👉 https://smartlab.news/i/203172 мы в max	04.09.2026	13:04	Смарт Лаб	04.09.2026 13:04:00	
Возможно	#WUSH Менеджмент Whoosh не удовлетворен текущей оценкой компании на рынке поскольку основатели и руководство являются крупными акционерами и напрямую разделяют интересы всех инвесторов. На чем сейчас сфокусирована команда: Отказ от масштабного CAPEX — компания	04.09.2026	13:05	Шпион РЦБ	04.09.2026 13:05:00	
Не важно	Новосибирская компания «Промресурс» приобрела угольные активы Северстали («Улугхемуголь») и Распадской («УК Межегейуголь») в Туве #CHMF #RASP Северсталь объяснила продажу стратегией снижения использования твердого топлива, а Распадская подтвердила выход из актива Читать далее 👉 https://smartlab.news/i/203173 мы в max	04.09.2026	13:10	Смарт Лаб	04.09.2026 13:10:00	
Не важно	МНЕНИЕ: В условиях дорогого фондирования Магнит оправданно сменил приоритеты с расширения сети на операционную эффективность и финансовую устойчивость — Газпромбанк #MGNT Читать далее 👉 https://smartlab.news/i/203174 мы в max	04.09.2026	13:11	Смарт Лаб	04.09.2026 13:11:00	
Важно	⚠️🇺🇦#украина #геополитика Глава МИД Украины Сибига заявил, что Киев никогда не поступится своей территорией или суверенитетом, а также, что он лично знаком со всеми российскими предложениями, которые когда-либо поступали Украине, и назвал их абсолютно неприемлемыми. Песков заявил, что позиция России по условиям урегулирования с Украиной, озвученная Путиным два года назад, остается незыблемой. Уиткофф и Кушнер летят в Москву и Киев...	04.09.2026	13:13	Market Twits	04.09.2026 13:13:00	
Важно	Песков: Позиция России по условиям урегулирования с Украиной, озвученная Путиным два года назад в МИД, остается незыблемой Читать далее 👉 https://smartlab.news/i/203175 мы в max	04.09.2026	13:13	Смарт Лаб	04.09.2026 13:13:00	
Не важно	📈Акции Volkswagen подскочили на 6% из-за планов компании сократить 50 000 рабочих мест на фоне растущего тарифного давления и конкуренции со стороны Китая — CNBC #VOW3-DE Читать далее 👉 https://smartlab.news/i/203176 мы в max	04.09.2026	13:22	Смарт Лаб	04.09.2026 13:22:00	
Возможно	⚠️🇮🇷🇮🇱#иран #геополитика Армия Ирана: нанести удар по Израилю сейчас "намного проще", чем раньше. ————————— ранее портал C14 сообщал, что Израиль готовится к крупномасштабной скоординированной ракетной атаке со стороны Ирана т.к. видит признаки того, что Иран вскоре может возобновить военные действия	04.09.2026	13:24	Market Twits	04.09.2026 13:24:00	
Важно	⚠️🇺🇸🇪🇺🇷🇺#нато #геополитика В США провели военную игру, участники которой смоделировали возможное обострение между Россией и НАТО в 2028г — WAPO	04.09.2026	13:26	Market Twits	04.09.2026 13:26:00	
Важно	⚠️🇺🇦#нато #украина #геополитика НАТО ЗАИНТЕРЕСОВАНА В ДАЛЬНЕЙШЕМ ЗАТЯГИВАНИИ УКРАИНСКОГО КОНФЛИКТА ДЛЯ ОГРАНИЧЕНИЯ ПОТЕНЦИАЛА РОССИИ ЕВРОСОЮЗ ЗАЛОЖИЛ ГОТОВНОСТЬ К МАСШТАБНОМУ КОНФЛИКТУ С РФ К 2030 ГОДУ В СВОИ ОСНОВНЫЕ КОНЦЕПТУАЛЬНЫЕ ДОКУМЕНТЫ РИСК ВОЗНИКНОВЕНИЯ МАСШТАБНОГО КОНФЛИКТА НА ВСЕМ ПРОСТРАНСТВЕ ЕВРАЗИИ ВПОЛНЕ РЕАЛЕН — НАРЫШКИН	04.09.2026	13:31	Market Twits	04.09.2026 13:31:00	
Не важно	VK Видео запустила персональные рекомендации прямых трансляций на главной странице, что увеличило просмотры из рекомендаций в 2 раза. Ежедневная аудитория трансляций превышает 2,5 млн пользователей, среднее время просмотра - 34 минуты #VKCO Читать далее 👉 https://smartlab.news/i/203178 мы в max	04.09.2026	13:34	Смарт Лаб	04.09.2026 13:34:00	
Не важно	💥✴️#ENA = +12% холдеры одобрили предложение Ethena направлять всю чистую выручку на выкуп токенов ENA	04.09.2026	13:41	Market Twits	04.09.2026 13:41:00	
Возможно	⚠️🇷🇺#EVRZ НКР снизило кредитные рейтинги ПАО «ЕВРАЗ» и выпуска облигаций ООО «ЕвразХолдинг Финанс» серии 003P-06 с AA+.ru до AA-.ru	04.09.2026	13:46	Market Twits	04.09.2026 13:46:00	
Возможно	Апелляционный суд Гааги отклонил иммунитет России в двух делах украинских компаний против Газпрома, отменил решения первой инстанции и направил дела на новое рассмотрение — РБК #GAZP Суд постановил, что Газпром является отдельным юридическим лицом, и возможное взыскание с его активов не означает взыскания с имущества российского государства Читать далее 👉 https://smartlab.news/i/203179 мы в max	04.09.2026	13:47	Смарт Лаб	04.09.2026 13:47:00	
Не важно	Продажи в новостройках по ДДУ в Московском регионе в августе 2026 г. снизились на 31% г/г до 7287 сделок — данные Dataflat #PIKK #SMLT Читать далее 👉 https://smartlab.news/i/203180 мы в max	04.09.2026	13:47	Смарт Лаб	04.09.2026 13:47:00	
Возможно	💥🇷🇺#APRI Девелопер АПРИ выходит на рынок Петербурга Компания получила разрешение на строительство первого этапа «Апри Нева»!	04.09.2026	13:48	Market Twits	04.09.2026 13:48:00	
Не важно	🛢🇪🇺#газ #европа Представитель Еврокомиссии: - координационная группа по газу собралась в четверг и пришла к выводу, что запасы газа в хранилищах заполнены на 65% - ЕК готова снизить нормы заполнения газохранилищ в ЕС с 90% до 75% для стран, которые не успеют их заполнить к зиме	04.09.2026	13:50	Market Twits	04.09.2026 13:50:00	
Не важно	✴️🇷🇺#дв #цод #ии #крипто #энергетика #россия Энергопрофицит отдельных регионов Дальнего Востока открывает возможности для развития дата-центров и других проектов, которым нужны крупные вычислительные мощности. Как отметил на ВЭФ-2026 зампред ВТБ Виталий Сергейчук, интерес к новым цифровым направлениям уже растёт. В частности, клиенты ждут появления торговли криптовалютами на российском рынке, к запуску которой готовится банк. #вэф	04.09.2026	13:58	Market Twits	04.09.2026 13:58:00	
Возможно	#APRI Девелопер АПРИ объявил о выходе на рынок Петербурга В поселке Троицкая Гора, в нескольких минутах от Петергофа девелопер построит 11 корпусов в трех домах на 1643 квартиры.	04.09.2026	13:59	Шпион РЦБ	04.09.2026 13:59:00	
Возможно	НКР понизило кредитный рейтинг ПАО «ЕВРАЗ» и его облигационного выпуска серии 003P-06 с AA+.ru до AA-.ru (прогноз остался стабильным) Причина - ослабление операционных и финансовых показателей из‑за неблагоприятной конъюнктуры рынка стали в 2025 году Читать далее 👉 https://smartlab.news/i/203182 мы в max	04.09.2026	14:00	Смарт Лаб	04.09.2026 14:00:00	
Не важно	МНЕНИЕ: Т-Инвестиции сохраняют рекомендацию покупать акции МТС с целевой ценой 215 рублей за бумагу, что предполагает потенциал роста 14% без учета дивидендов #MTSS Читать далее 👉 https://smartlab.news/i/203183 мы в max	04.09.2026	14:07	Смарт Лаб	04.09.2026 14:07:00	
Не важно	Европа может существовать без России, но вряд ли она долго сможет существовать против России — премьер-министр Болгарии Румен Радев Читать далее 👉 https://smartlab.news/i/203185 мы в max	04.09.2026	14:15	Смарт Лаб	04.09.2026 14:15:00	
Не важно	Российская нефть продолжит поступать на индийский рынок, несмотря на западные санкции и угрозу вторичных ограничений. Индия способна отстаивать свои национальные интересы, а мир не справится без российской нефти — Посол РФ в Индии Денис Алипов #LKOH #ROSN Читать далее 👉 https://smartlab.news/i/203186 мы в max	04.09.2026	14:18	Смарт Лаб	04.09.2026 14:18:00	
Не важно	Инвестиции инвестициями, но на додеп деньги нужны	04.09.2026	14:19	Шпион РЦБ	04.09.2026 14:19:00	
Не важно	⬆️🛢🇺🇸#бензин #сша Средняя цена на дизель в США выросла до рекордных $5,85 за галлон — NYT	04.09.2026	14:25	Market Twits	04.09.2026 14:25:00	
Возможно	⬇️🛢🇷🇺#бензин #россия Биржевые цены на Аи-95 снизились на 2,78%, на Аи-92 - на 2,48% за неделю — ИФ	04.09.2026	14:26	Market Twits	04.09.2026 14:26:00	
Возможно	⚠️🇪🇺🇷🇺#конфискация #россия Украина призывает союзников использовать российские замороженные активы уже "сейчас" Украина видит растущий "аппетит" европейских союзников к возобновлению серьезных переговоров о замороженных российских активах — RTRS со ссылкой на украинского чиновника	04.09.2026	14:30	Market Twits	04.09.2026 14:30:00	
Возможно	Риск возникновения масштабного конфликта на всём пространстве Евразии вполне реален. Европейские лидеры верят в стратегию «контролируемой эскалации» — Директор СВР РФ Сергей Нарышкин Читать далее 👉 https://smartlab.news/i/203188 мы в max	04.09.2026	14:31	Смарт Лаб	04.09.2026 14:31:00	
Важно	⚠️🇪🇺#нато #геополитика В странах Балтии появились предложения застраховать жилье на случай войны банк Swedbank заявил о расширении страховой защиты жилья	04.09.2026	14:38	Market Twits	04.09.2026 14:38:00	
Не важно	Хавьер Милей заявил, что Фолклендские острова принадлежат Аргентине и пообещал ввести санкции против любых компаний, занимающихся добычей нефти в этом районе — Bloomberg Читать далее 👉 https://smartlab.news/i/203192 мы в max	04.09.2026	14:44	Смарт Лаб	04.09.2026 14:44:00	
Не важно	⬆️🇷🇺#акции #россия IMOEX продолжает надеяться... держится, не падает, верно ждет свою любовь...	04.09.2026	14:54	Market Twits	04.09.2026 14:54:00	
Не важно	Л-Старт полностью выплатил купоны по двум выпускам облигаций (серии 001Р-1 на ₽4,46 млн и БО-01 на ₽37,4 млн), устранив технические дефолты, возникшие в конце августа из‑за задержки поступлений от контрагентов Читать далее 👉 https://smartlab.news/i/203193 мы в max	04.09.2026	14:56	Смарт Лаб	04.09.2026 14:56:00	
Не важно	Санкции только усилили Россию! Сегодня РФ становится все ярче и энергичнее — австралийский политолог Марк Лоу Россия производит свои собственные гражданские самолеты. 10 лет назад вы [россияне] покупали Airbus и Boeing, а сейчас РФ развивает собственную авиационную промышленность. Удивительно, чего удалось добиться. Санкции не работают Читать далее 👉 https://smartlab.news/i/203194 мы в max	04.09.2026	15:02	Смарт Лаб	04.09.2026 15:02:00	
Не важно	Минсельхоз РФ прорабатывает вопрос о моратории на банкротство для аграриев до конца сезона (2026/27) из-за сложностей с реализацией зерна, особенно в южных регионах — Оксана Лут Читать далее 👉 https://smartlab.news/i/203196 мы в max	04.09.2026	15:12	Смарт Лаб	04.09.2026 15:12:00	
Не важно	МНЕНИЕ: Российский рынок просто обязан вырасти на выходных — аналитическое агентство "Братья Кушнеры" Читать далее 👉 https://smartlab.news/i/203197 мы в max	04.09.2026	15:19	Смарт Лаб	04.09.2026 15:19:00	
Важно	❗️🇺🇦#украина #геополитика УИТКОФФ И КУШНЕР СКОРО ПРИЕДУТ В КИЕВ — РБК УКРАИНА	04.09.2026	15:20	Market Twits	04.09.2026 15:20:00	
Не важно	❗️ВПЕРЕДИ 🇺🇸США - Non-Farm Payrolls (авг) - 15:30мск 🇺🇸США - безработица (авг) - 15:30мск	04.09.2026	15:21	Market Twits	04.09.2026 15:21:00	
Возможно	Прекращение поставок российского газа в Европу и проблемы с судоходством через Ормузский пролив стали крупнейшим шоком для мировой экономики — Глава "МЭА" Фатих Бироль #GAZP #NVTK Читать далее 👉 https://smartlab.news/i/203199 мы в max	04.09.2026	15:21	Смарт Лаб	04.09.2026 15:21:00	
Важно	Уиткофф и Кушнер, скорее всего, все же прибудут на Украину, ориентировочно в это воскресенье — СМИ Читать далее 👉 https://smartlab.news/i/203200 мы в max	04.09.2026	15:22	Смарт Лаб	04.09.2026 15:22:00	
Важно	❗️🇺🇦#украина #геополитика Между Россией и Украиной развязался новый фронт - кто первым примет Уиткоффа и Кушнера — мониторинг	04.09.2026	15:24	Market Twits	04.09.2026 15:24:00	
Не важно	МНЕНИЕ: Высокая цена на нефть сохранится до конца года на фоне сокращения стратегического резерва США и отсутствия перемирия с Ираном — АЛОР Читать далее 👉 https://smartlab.news/i/203201 мы в max	04.09.2026	15:25	Смарт Лаб	04.09.2026 15:25:00	
Не важно	🇷🇺#russia #today Генеральный директор Say Agency Анна Субчева сообщила, что концерты американского рэпера Канье Уэста в Санкт-Петербурге, запланированные на 10 и 11 октября, состоятся.	04.09.2026	15:27	Market Twits	04.09.2026 15:27:00	
Не важно	🔥🇺🇸#nonfarms #экономика #сша #отчетность США - NON-FARM PAYROLLS (авг) = +162 ТЫС (ожид +55 тыс / ранее -23 тыс +21 тыс) США - безработица (авг) = 4.1% (ожид 4.1% / ранее 4.1%)	04.09.2026	15:30	Market Twits	04.09.2026 15:30:00	
Не важно	⚠️🇺🇸#дкп #сша BBG: после отчета по занятости, трейдеры начали активно ставить на повышение ставки ФРС в сентябре	04.09.2026	15:33	Market Twits	04.09.2026 15:33:00	
Возможно	Пожар на нефтебазе в Сочи, вызванный ночной атакой БПЛА, может осложнить ситуацию с топливом на заправках города-курорта. Допустить этого нельзя — Губернатор Краснодарского края Вениамин Кондратьев "При этом мы фиксируем случаи создания искусственного дефицита, когда при наличии топлива на некоторых заправках его не продают" Читать далее 👉 https://smartlab.news/i/203202 мы в max	04.09.2026	15:35	Смарт Лаб	04.09.2026 15:35:00	
Важно	#Политика Посланники Трампа Уиткофф и Кушнер посетят Москву и Киев в эти выходные — Axios обещает	04.09.2026	15:38	Шпион РЦБ	04.09.2026 15:38:00	
Важно	❗️🇺🇦#украина #геополитика УИТКОФФ И КУШНЕР ПОСЕТЯТ МОСКВУ И КИЕВ В ЭТИ ВЫХОДНЫЕ — AXIOS	04.09.2026	15:39	Market Twits	04.09.2026 15:39:00	
Не важно	Русал работает над проектом строительства боксито-глиноземного комплекса в Индонезии — Интерфакс #RUAL Читать далее 👉 https://smartlab.news/i/203203 мы в max	04.09.2026	15:39	Смарт Лаб	04.09.2026 15:39:00	
Важно	Уиткофф и Кушнер в эти выходные отправятся в Москву и Киев — Axios Читать далее 👉 https://smartlab.news/i/203204 мы в max	04.09.2026	15:41	Смарт Лаб	04.09.2026 15:41:00	
Не важно	Дмитриев: Нет российского газа - нет немецкой промышленности #GAZP Читать далее 👉 https://smartlab.news/i/203206 мы в max	04.09.2026	15:48	Смарт Лаб	04.09.2026 15:48:00	
Не важно	⚠️🌎#инфляция #апк Мировые цены на продовольствие выросли до максимума за 4 года — ООН	04.09.2026	15:49	Market Twits	04.09.2026 15:49:00	
Возможно	Приведёт ли воскресная поездка Кушнера и Уиткоффа в Москву и Киев к конкретным результатам?Anonymous Pollне знаюданетSelect an option	04.09.2026	15:50	Смарт Лаб	04.09.2026 15:50:00	
Не важно	❗️🇯🇵 #fx #япония #интервенции ЦБ ЯПОНИИ ПРОВОДИТ ИНТЕРВЕНЦИИ В ЙЕНЕ	04.09.2026	15:52	Market Twits	04.09.2026 15:52:00	
Возможно	Эксперт РА подтвердил кредитный рейтинг ПАО «Полюс» на высшем уровне ruAAA (прогноз «Стабильный») #PLZL — Сильная бизнес-модель, низкая долговая нагрузка (скорректированный долг/EBITDA – 1,2х), высокая маржинальность (рентабельность по EBITDA >30%) и устойчивость к ценовым шокам (низкая себестоимость добычи) обеспечивают максимальную оценку агентства. — Запасов золота достаточно для ~40 лет добычи на текущем уровне Читать далее 👉 https://smartlab.news/i/203209 мы в max	04.09.2026	15:53	Смарт Лаб	04.09.2026 15:53:00	
Не важно	🚫✴️🇺🇸#HOOD #крипто самая популярная в мире на данный момент сеть Robinhood Chain полностью зависла, новые блоки не производятся	04.09.2026	15:56	Market Twits	04.09.2026 15:56:00	
Возможно	🇷🇺#RASP «Распадская» продала угольный актив «УК Межегейуголь» в Туве, сообщили «РИА Новости» в пресс-службе компании	04.09.2026	16:02	Market Twits	04.09.2026 16:02:00	
Не важно	⚠️🇺🇸#доходности #сша #облигации после отчета по занятости, возобновились продажи в гособлигациях США, доходности перешли к росту 30-летки опять падают меньше всех т.к. там покупает Бессент	04.09.2026	16:06	Market Twits	04.09.2026 16:06:00	
Не важно	Потребление стали в июле 2026 г. увеличилось на 16,4% г/г до 4,01 млн т, производство - на 9,6% г/г до 4,3 млн т — Эйлер #CHMF #NLMK #MAGN Читать далее 👉 https://smartlab.news/i/203210 мы в max	04.09.2026	16:16	Смарт Лаб	04.09.2026 16:16:00	
Важно	⚠️🇪🇺#нато #геополитика #арктика #украина СТРАНЫ ЕВРОСОЮЗА ПРАКТИЧЕСКИ "В ПОЛНЫЙ РОСТ" УЧАСТВУЮТ В БОЕВЫХ ДЕЙСТВИЯХ НА СТОРОНЕ УКРАИНЫ ЗАПАД МИЛИТАРИЗИРУЕТ БАЛТИЙСКИЙ РЕГИОН И НАГНЕТАЕТ НАПРЯЖЕННОСТЬ -- НАРЫШКИН	04.09.2026	16:21	Market Twits	04.09.2026 16:21:00	
Возможно	🔥⚠️🇺🇦#украина #геополитика ВЗРЫВ ПРОИЗОШЕЛ В ГЛАВНОМ ЗДАНИИ СБУ В ЦЕНТРЕ КИЕВА БЕСПИЛОТНИК УДАРИЛ ПО ЦЕНТРАЛЬНОМУ ЗДАНИЮ СБУ — ЗЕЛЕНСКИЙ	04.09.2026	16:24	Market Twits	04.09.2026 16:24:00	
Важно	Зеленский: Было попадание российского дрона в центральное здание СБУ на Владимирской в Киеве напротив Софийского собора Дрон был направлен в кабинет исполняющего обязанности главы СБУ Александра Поклада Важно: РФ пока официально не подтверждала и не опровергала данную информацию Читать далее 👉 https://smartlab.news/i/203211 мы в max	04.09.2026	16:25	Смарт Лаб	04.09.2026 16:25:00	
Не важно	❗️🇷🇺#GLRX #оферта Глоракс - оферта - выкуп у несогласных 44.57 РУБ/АКЦ подробнее	04.09.2026	16:33	Market Twits	04.09.2026 16:33:00	
Не важно	Реализация финансового центра на базе Восточной биржи позволит повысить привлекательность российского фондового рынка для иностранных инвесторов — Минфин Читать далее 👉 https://smartlab.news/i/203214 мы в max	04.09.2026	16:33	Смарт Лаб	04.09.2026 16:33:00	
Не важно	Глоракс - цена выкупа 44,57 руб у несогласных с реорганизацией #GLRX Читать далее 👉 https://smartlab.news/i/203215 мы в max	04.09.2026	16:35	Смарт Лаб	04.09.2026 16:35:00	
Не важно	⬇️🇺🇸#акции #сша акции США открылись снижением после сильного отчета по занятости	04.09.2026	16:42	Market Twits	04.09.2026 16:42:00	
Не важно	❗️🇺🇸#дкп #сша #трамп ТРАМП ПРИЗЫВАЕТ СНИЗИТЬ СТАВКУ ИЛИ ОН ОСТАНОВИТ ТОРГОВЛЮ СО СТРАНАМИ, С КОТОРЫМИ У США ТОРГОВЫЙ ДЕФИЦИТ	04.09.2026	16:44	Market Twits	04.09.2026 16:44:00	
Не важно	Еврокомиссия готова снизить норму заполнения ПХГ в ЕС с 90% до 75% для стран, которые не успеют их заполнить к отопительному сезону — представитель ЕК Анна-Кайса Итконен Читать далее 👉 https://smartlab.news/i/203216 мы в max	04.09.2026	16:44	Смарт Лаб	04.09.2026 16:44:00	
Не важно	Трамп: ФРС, снизь ставку! Или я прекращу торговлю со странами, с которыми у нас дефицит. Сильная страна - это низкая процентная ставка! Читать далее 👉 https://smartlab.news/i/203217 мы в max	04.09.2026	16:49	Смарт Лаб	04.09.2026 16:49:00	
Важно	⚠️🇷🇺#акции #россия IMOEX пытается понять, приедут ли теперь Уиткофф и Кушнер или нет. И если приедут, то зачем? — источники	04.09.2026	16:52	Market Twits	04.09.2026 16:52:00	
Возможно	⚠️🇺🇦#украина #геополитика #нато #трамп Трамп перепостил статью WAPO о том, как он может помочь Украине создать собственные ракеты Patriot	04.09.2026	17:01	Market Twits	04.09.2026 17:01:00	
Возможно	⚠️🇷🇺#авиа #россия #геополитика МИД России направило в ИКАО обращение из-за угроз Украины гражданской авиации ————————- Путин 1 сентября заявил, что, если над страной действительно произойдет трагедия, связанная с крушением самолета, Москва найдет, чем ответить.	04.09.2026	17:03	Market Twits	04.09.2026 17:03:00	
Не важно	Мировой урожай зерна в 2026 году станет вторым по величине в истории (2,979 млрд тонн), несмотря на снижение на 2% (61,1 млн тонн) - максимальное годовое падение с 2018 года — Прогноз ФАО #RAGR Читать далее 👉 https://smartlab.news/i/203218 мы в max	04.09.2026	17:04	Смарт Лаб	04.09.2026 17:04:00	
Возможно	Трамп перепостил материал Washington Post о том, как он мог бы помочь Украине наладить собственное производство ракет Patriot Читать далее 👉 https://smartlab.news/i/203219 мы в max	04.09.2026	17:04	Смарт Лаб	04.09.2026 17:04:00	
Не важно	⚠️🇺🇦#украина #геополитика	04.09.2026	17:05	Market Twits	04.09.2026 17:05:00	
Не важно	🇷🇺#IMOEX #today	04.09.2026	17:06	Market Twits	04.09.2026 17:06:00	
Возможно	🇺🇸🇷🇺🇺🇦#уиткофф #кушнер #today	04.09.2026	17:13	Market Twits	04.09.2026 17:13:00	
Не важно	Уборка зерна в РФ идёт с опережением прошлого года: обмолочено 70% площадей, собрано свыше 110 млн тонн (+10,5 млн т к 2025 г.). Минсельхоз прорабатывает новые меры поддержки аграриев — Оксана ЛУТ #RAGR Читать далее 👉 https://smartlab.news/i/203220 мы в max	04.09.2026	17:15	Смарт Лаб	04.09.2026 17:15:00	
Не важно	Официальные курсы валют на 5 сентября: ¥ — ₽12,8849, $ — ₽86,5857, € — ₽100,5693 Читать далее 👉 https://smartlab.news/i/203221 мы в max	04.09.2026	17:17	Смарт Лаб	04.09.2026 17:17:00	
Не важно	🇷🇺#fx #россия ЦБ установил официальные курсы валют на выходные	04.09.2026	17:19	Market Twits	04.09.2026 17:19:00	
Не важно	⚠️🇺🇸#дкп #сша Citi теперь ожидает 3 повышения ставки ФРС в 2027г вместо двух снижений в октябре и декабре 2026г	04.09.2026	17:21	Market Twits	04.09.2026 17:21:00	
Важно	❗️🇺🇦#украина #геополитика Атака беспилотника на главное здание СБУ в Киеве, скорее всего, стала результатом внутреннего конфликта между украинскими спецслужбами, а не действиями России. Такую версию выдвинул депутат Госдумы Олег Матвейчев, оценив её вероятность в 96%.	04.09.2026	17:30	Market Twits	04.09.2026 17:30:00	
Не важно	Дальневосточный рынок жилья растёт быстрее среднероссийского: с 2019 года объём строящегося жилья увеличился в 3,3 раза (до 7 млн кв. м), тогда как по РФ только на 12%. 70% новостроек - высотные (от 10 этажей) — Аналитика ДОМ.PФ #DOMRF Читать далее 👉 https://smartlab.news/i/203222 мы в max	04.09.2026	17:33	Смарт Лаб	04.09.2026 17:33:00	
Важно	⚠️🇺🇦#украина #экономика #геополитика Украине уже не хватает 32,6 млрд евро на 2027 год, — министр финансов Марченко	04.09.2026	17:39	Market Twits	04.09.2026 17:39:00	
Не важно	🇨🇳#ipo #ии #китай Китайский ИИ-стартап Moonshot AI планирует привлечь до $5 млрд на IPO в Гонконге и может быть оценен в $50 млрд — BBG ———————————— Ранее сообщалось, что Moonshot AI выпустил модель с открытым исходным кодом Kimi K3, которая содержит 2,8 триллиона параметров. По словам самого разработчика, это сейчас крупнейшая модель ИИ из всех существующих в мире. В США забили тревогу, назвав появление модели Kimi K3 моментом "DeepSeek 2.0" для Америки.	04.09.2026	17:44	Market Twits	04.09.2026 17:44:00	
Не важно	🇷🇺#russia #today РБК: «Газпром Арена» заявила, что у них в октябре нет концертов иностранцев	04.09.2026	17:50	Market Twits	04.09.2026 17:50:00	
Возможно	МНЕНИЕ: Атака беспилотника на главное здание СБУ в Киеве, скорее всего, стала результатом внутреннего конфликта между украинскими спецслужбами, а не действиями России — Депутат Госдумы Олег Матвейчев «Видимо, украинцы решили за нас сами себя пострелять, чтобы показать своему обществу и всему миру, что русские объявили войну спецслужбам, и они теперь имеют право тоже в этом участвовать» Читать далее 👉 https://smartlab.news/i/203226 мы в max	04.09.2026	17:54	Смарт Лаб	04.09.2026 17:54:00	
Не важно	🇷🇺#russia #today	04.09.2026	17:55	Market Twits	04.09.2026 17:55:00	
да	❌🇷🇺#RUAL #дивиденд акционеры Русал одобрили невыплату дивидендов 1п 2026г	04.09.2026	17:58	Market Twits	04.09.2026 17:58:00	
Возможно	#RUAL #Дивиденды АКЦИОНЕРЫ «РУСАЛА» ПРИНЯЛИ РЕШЕНИЕ НЕ ВЫПЛАЧИВАТЬ ДИВИДЕНДЫ ЗА I ПОЛУГОДИЕ 2026 ГОДА — КОМПАНИЯ	04.09.2026	18:02	Шпион РЦБ	04.09.2026 18:02:00	
Не важно	💥🇷🇺#уголь #россия Пребывающий в кризисе с 2024 года угольный рынок демонстрирует первые признаки восстановления. Мировые котировки обновляют многолетние максимумы, стимулируя рост российского экспорта и добычи, что несколько улучшает финансовые показатели всей отрасли. Но основные причины разворота на рынке — в нестабильности предложения из-за аварий и ближневосточного конфликта. Пока и участники рынка, и эксперты полагают, что высокие цены сохранятся только до конца текущего года. — Ъ	04.09.2026	18:03	Market Twits	04.09.2026 18:03:00	
Возможно	🇷🇺🇮🇩#RUAL #индонезия Русал рассматривает проект строительства боксито-глиноземного завода в Индонезии - компания	04.09.2026	18:04	Market Twits	04.09.2026 18:04:00	
Важно	❗️🇺🇦#украина #геополитика УИТКОФФ И КУШНЕР, КАК ОЖИДАЕТСЯ, ПРИБУДУТ В МОСКВУ ДЛЯ ПЕРЕГОВОРОВ В СУББОТУ — BBG	04.09.2026	18:05	Market Twits	04.09.2026 18:05:00	
Возможно	#RUAL Русал рассматривает проект строительства боксито-глиноземного завода в Индонезии - компания	04.09.2026	18:05	Шпион РЦБ	04.09.2026 18:05:00	
Важно	#Политика УИТКОФФ И КУШНЕР, КАК ОЖИДАЕТСЯ, ПРИБУДУТ В МОСКВУ ДЛЯ ПЕРЕГОВОРОВ В СУББОТУ — Bloomberg	04.09.2026	18:05	Шпион РЦБ	04.09.2026 18:05:00	
Важно	🔥⚠️🇺🇦#украина #геополитика СБУ: Россияне получат очень болезненный ответ на свои удары — ещё больше спецопераций, раскрытых агентурных сетей и уничтоженных врагов. Зеленский: Готовим ответ на российские удары. Географию ответа определили. Время будет выбрано так, чтобы был результат .	04.09.2026	18:09	Market Twits	04.09.2026 18:09:00	
Возможно	#Политика Зеленский утвердил ответ Украины за прилёт дрона по зданию СБУ. Говорит, что цели выбраны, по времени решит позже	04.09.2026	18:09	Шпион РЦБ	04.09.2026 18:09:00	
Важно	❗️🇺🇦#украина #геополитика УИТКОФФ И КУШНЕР СЕГОДНЯ ВЫЛЕТАЮТ В МОСКВУ, И УЖЕ ЗАВТРА ПРОВЕДУТ ПЕРЕГОВОРЫ С ПУТИНЫМ, — AXIOS	04.09.2026	18:10	Market Twits	04.09.2026 18:10:00	
Не важно	МНЕНИЕ: Т-Инвестиции сохраняют нейтральный взгляд на акции Газпрома с целевой ценой 110 ₽ и рекомендацией держать. Потенциала для роста на фоне падения европейского спроса не наблюдается #GAZP Читать далее 👉 https://smartlab.news/i/203229 мы в max	04.09.2026	18:12	Смарт Лаб	04.09.2026 18:12:00	
Не важно	В августе банки выдали 87 тыс. ипотечных кредитов на ₽377 млрд (+11% по количеству и +13% по объёму м/м с поправкой на рабочие дни). Основной прирост обеспечили льготные программы — Аналитика ДОМ.PФ #DOMRF Читать далее 👉 https://smartlab.news/i/203230 мы в max	04.09.2026	18:15	Смарт Лаб	04.09.2026 18:15:00	
Не важно	✴️🇺🇸#HOOD #крипто Все больше инвестдомов повышают рекомендации и советуют покупать акции брокера Robinhood — мониторинг основная причина - быстро набирающая популярность Robinhood Chain, которая была запущена 1 июля и сейчас бьет рекорды по многим показателям, вырываясь в лидеры среди многих уже не таких молодых сетей	04.09.2026	18:19	Market Twits	04.09.2026 18:19:00	
Важно	В Кремле не ждут прорыва от визита американских посланников — Bloomberg Предыдущие поездки не принесли результатов, и источники, близкие к российской стороне, сомневаются, что сейчас поступят приемлемые предложения. Читать далее 👉 https://smartlab.news/i/203231 мы в max	04.09.2026	18:19	Смарт Лаб	04.09.2026 18:19:00	
Не важно	Ставки фрахта нефти из Новороссийска в Индию держатся на высоком уровне из-за отказа судовладельцев заходить в порт — Reuters #ROSN #LKOH Читать далее 👉 https://smartlab.news/i/203232 мы в max	04.09.2026	18:22	Смарт Лаб	04.09.2026 18:22:00	
Важно	⚠️🇺🇦#украина #геополитика Ожидается, что в субботу послы США Стив Уиткофф и Джаред Кушнер прибудут в Москву для переговоров с Россией. По словам источников, близких к Кремлю, ожидания от визита крайне низкие. По их словам, предыдущие поездки Уиткока и Кушнера в Россию не привели к прогрессу, и нет оснований полагать, что сейчас они привезут с собой приемлемые предложения. — BBG	04.09.2026	18:24	Market Twits	04.09.2026 18:24:00	
Не важно	🇷🇺#IMOEX #today	04.09.2026	18:28	Market Twits	04.09.2026 18:28:00	
Не важно	МНЕНИЕ: Аналитики Альфа-Банка включили Яндекс в список фаворитов своей стратегии на третий квартал 2026 года #YDEX Читать далее 👉 https://smartlab.news/i/203235 мы в max	04.09.2026	18:39	Смарт Лаб	04.09.2026 18:39:00	
Не важно	✴️🇰🇿#казахстан #крипто #BNB Казахстан подписал с Binance три стратегических соглашения, которые охватывают разные, но взаимосвязанные направления: цифровые активы, платежную инфраструктуру и инвестиционные возможности. — релиз	04.09.2026	18:56	Market Twits	04.09.2026 18:56:00	
Не важно	Очередные переговоры️Итоги дня 📈IMOEX +1.3% Индекс растёт в ожидании визита Уиткоффа и Кушнера, которые уже завтра прибудут в Москву для переговоров с РФ. Bloomberg сообщает, со ссылкой на источники близких к Кремлю, что ожидания от визита крайне низкие. Предыдущие поездки Уиткока и Кушнера в Россию не привели к прогрессу, и нет оснований полагать, что сейчас они привезут с собой приемлемые предложения. Ну это инвесторы на Мосбирже и без источников знают😁 📉Gold -0.8% Золото снизились после выхода сильных данных по рынку труда США, инвесторы опасаются повышения ставки. Количество рабочих мест в экономике США без учета сельскохозяйственного сектора в августе увеличилось на 162 тыс., говорится в сообщении министерства труда страны. Аналитики, опрошенные Trading Economics, в среднем прогнозировали рост на 56 тыс🧐 📉Русал -2.6% Русал работает над проектом строительства боксито-глиноземного комплекса в Индонезии🤔 📈Аэрофлот +1% Аэрофлот готов рекомендовать дивиденды за 2026 год при положительном финрезультате, заявил глава компании Александровский. В 2027 году компания рассчитывает на объемы перевозок на уровне 2024-2025 годов — 55,3 млн человек и фиксирует смещение спроса на коротких направлениях на более прогнозируемые виды транспорта (жд, автотранспорт)🧐 📉Глоракс -1.7% Цена выкупа у несогласных с реорганизацией — 44,57 руб. Список акционеров которые могли отправить свои акции к выкупу был сформирован 31 августа 2026 года. Если вы купите сейчас, то у вас не будет права отправить свои акции на выкуп🤷‍♂️ 📈Л-Старт — Облигации Л-Старт сегодня растут, так как компания выплатила купоны по облигациям серии 001Р-1 на ₽4,46 млн и БО-01 на ₽37,4 млн. Технические дефолты, возникшие в конце августа из‑за задержки поступлений от контрагентов, устранены👏 Полная карта рынка: https://smart-lab.ru/q/map Билеты на нашу осеннюю конфу на 20% дешевле по промокоду LONG: https://confa.smart-lab.ru/msk26 СМАРТЛАБ | MAX | ВК	04.09.2026	19:00	Смарт Лаб	04.09.2026 19:00:00	
Не важно	🌎#дкп #мир #обзор мировые ЦБ - кто что делает со ставками на данный момент	04.09.2026	19:05	Market Twits	04.09.2026 19:05:00	
Важно	Зеленский: Украина гарантирует безопасность российского воздушного пространства во время визита американских переговорщиков в Москву Зеленский подтвердил визит Уиткоффа и Кушнера в Киев 6 сентября. Читать далее 👉 https://smartlab.news/i/203236 мы в max	04.09.2026	19:18	Смарт Лаб	04.09.2026 19:18:00	
Важно	❗️🇺🇦#украина #геополитика Зеленский: Уиткофф и Кушнер посетят Киев 6 сентября	04.09.2026	19:23	Market Twits	04.09.2026 19:23:00	
Важно	США попросили Россию и Украину приостановить удары на время визита Уиткоффа и Кушнера — NYT Читать далее 👉 https://smartlab.news/i/203237 мы в max	04.09.2026	19:24	Смарт Лаб	04.09.2026 19:24:00	
Не важно	Морской экспорт российской нефти в августе сократился на 12% к июлю — до 3,83 млн баррелей в сутки, минимального уровня с марта 2026 года — Ъ #ROSN #LKOH Читать далее 👉 https://smartlab.news/i/203238 мы в max	04.09.2026	19:27	Смарт Лаб	04.09.2026 19:27:00	
да	❗️🇷🇺#PIKK #оферта ПИК - оферта = 551.4 руб/акц От АО «Недвижимые активы», владеющим 98,0071% 7 сентября - СД по делистингу	04.09.2026	19:32	Market Twits	04.09.2026 19:32:00	
Возможно	СД ПИК СЗ 7 сентября рассмотрит делистинг акций #PIKK АО «Недвижимые активы», владеющее 98,0071% акций ПИК СЗ, направило эмитенту требование о выкупе всех остальных акций по цене 551,40 руб. за штуку. 📉 Акции в моменте -4% Читать далее 👉 https://smartlab.news/i/203241 мы в max	04.09.2026	19:32	Смарт Лаб	04.09.2026 19:32:00	
Возможно	#PIKK ПИК созывает Совет Директоров 7 сентября. В повестке делистинг компании, выкуп будет по 551.4 руб / акция	04.09.2026	19:32	Шпион РЦБ	04.09.2026 19:32:00	
Не важно	⬆️🇰🇿#FRHC #рейтинг S&P повысило прогноз по рейтингам Freedom Holding Corp. и четырех его дочерних компаний (Freedom Finance JSC, Freedom Finance Еurope Ltd., Freedom Finance Global PLC и Freedom Bank Kazakhstan JSC ) со «стабильного» до «позитивного». Также агентство повысило национальные рейтинги Freedom Finance и Freedom Bank Kazakhstan с kzA- до kzA. Moody’s впервые присвоило рейтинги страховым компаниям холдинга: Freedom Life – Baa3, Freedom Insurance – Ba1. Freedom Life при этом стала первой компанией группы с инвестиционным рейтингом.	04.09.2026	19:47	Market Twits	04.09.2026 19:47:00	
Возможно	Евротранс допустил дефолты ещё по трём облигационным выпускам на общую сумму 126,9 млн руб #EUTR Читать далее 👉 https://smartlab.news/i/203245 мы в max	04.09.2026	19:59	Смарт Лаб	04.09.2026 19:59:00	
Не важно	МНЕНИЕ: Шохин заявил, что ЦБ на заседании 11 сентября в лучшем случае сохранит ключевую ставку на уровне 14%, а может и повысить её Читать далее 👉 https://smartlab.news/i/203246 мы в max	04.09.2026	20:26	Смарт Лаб	04.09.2026 20:26:00	
Не важно	⚠️🇷🇺#дкп #россия ЦБ не снизит ставку на заседании в сентябре, может ее сохранить или даже повысить - Шохин, ВЕСТИ	04.09.2026	20:40	Market Twits	04.09.2026 20:40:00	
Не важно	21 октября в московском VK Stadium пройдет масштабная конференция TradeID Соберутся более 2 000 участников финансового рынка. Трейдеры, инвесторы, брокеры, представители финтеха и криптоиндустрии. В этом году TradeID готовит новые интерактивные зоны, выступления практиков рынка и отдельное образовательное направление для тех, кто только начинает разбираться в инвестициях. Среди участников и партнеров также ФИНАМ, Московская биржа и другие крупные игроки рынка. Также ждем выступление нашего аналитика @Spy_ru_analyst. Early Birds уже стартовали 🐣 До 8 сентября билеты доступны по минимальной стоимости, такой цены в этом году больше не будет. 21 октября · Москва · VK Stadium Билеты → tradeid.ru	04.09.2026	20:40	Шпион РЦБ	04.09.2026 20:40:00	
Возможно	Ozon ищет сторонние сортировочные центры в 29 городах после повреждения собственных складов #OZON Читать далее 👉 https://smartlab.news/i/203247 мы в max	04.09.2026	20:47	Смарт Лаб	04.09.2026 20:47:00	
Важно	НАБУ проводит следственные действия в офисе Зеленского Читать далее 👉 https://smartlab.news/i/203248 мы в max	04.09.2026	20:50	Смарт Лаб	04.09.2026 20:50:00	
Не важно	Администрация Трампа разрабатывает план послевоенного развития Ближнего Востока — Axios Читать далее 👉 https://smartlab.news/i/203249 мы в max	04.09.2026	21:01	Смарт Лаб	04.09.2026 21:01:00	
Возможно	⚠️🇺🇸🇮🇷#иран #геополитика Администрация Трампа разрабатывает план послевоенного Ближнего Востока, сообщает Axios, которой уже никто не верит а пока - Иран заявил, что будет действовать "наступательно", когда посчитает нужным и сейчас наносит удары по Иордании	04.09.2026	21:08	Market Twits	04.09.2026 21:08:00	
Важно	🇺🇦#украина #геополитика США потребовали от Украины и России не бить по столицам во время визита Уиткоффа и Кушнера -- NYT	04.09.2026	21:38	Market Twits	04.09.2026 21:38:00	
Возможно	Трамп: Я разговаривал с Путиным, он не собирается нападать на НАТО - Уиткофф и Кушнер представят России предложение о прекращении конфликта на Украине Читать далее 👉 https://smartlab.news/i/203250 мы в max	04.09.2026	21:45	Смарт Лаб	04.09.2026 21:45:00	
Важно	⚠️🇮🇷#иран #геополитика ТРАМП ЗАЯВИЛ, ЧТО США МОГУТ "ОЧЕНЬ СКОРО" НАНЕСТИ УДАР ПО ИРАНСКОМУ ЯДЕРНОМУ ОБЪЕКТУ БЛИЗ НАТАНЗА ПОД ГОРОЙ КОЛАНГ ГАЗ-ЛА	04.09.2026	21:47	Market Twits	04.09.2026 21:47:00	
Важно	🇺🇦#украина #нато #геополитика Трамп: говорил с Путиным, он не собирается нападать на НАТО	04.09.2026	21:49	Market Twits	04.09.2026 21:49:00	
Возможно	🛢#ормуз #трамп Трамп: мин в Ормузе нет, проходит очень много нефти	04.09.2026	21:50	Market Twits	04.09.2026 21:50:00	
Важно	❗️🇺🇦#украина #геополитика Трамп: Уиткофф и Кушнер представят предложение по прекращению войны.	04.09.2026	21:52	Market Twits	04.09.2026 21:52:00	
Возможно	🛢#ормуз #трамп Трамп: Ормуз может стать ненужным из-за труб в обход	04.09.2026	21:56	Market Twits	04.09.2026 21:56:00	
Не важно	МНЕНИЕ: Бессент ожидает падения нефти до $40 после завершения конфликта с Ираном Читать далее 👉 https://smartlab.news/i/203251 мы в max	04.09.2026	21:57	Смарт Лаб	04.09.2026 21:57:00	
Важно	⚠️🇺🇦#украина #геополитика Трамп заявил, что предложение по Украине, которое везут Уиткофф и Кушнер не являются новым. Заявил, что он призовет положить конец конфликту. Трамп убежден, что дипломатические усилия США могут дать хороший шанс на мир.	04.09.2026	22:04	Market Twits	04.09.2026 22:04:00	
Не важно	❗️🇷🇺#акции #россия	04.09.2026	22:48	Market Twits	04.09.2026 22:48:00	
Возможно	❗️⚠️🇷🇺🇩🇪#нато #геополитика Посольство России в Берлине предупредило, что расположенные в ФРГ дальнобойные системы могут стать законными целями. (вчерашняя новость, которую многие могли пропустить)	04.09.2026	23:04	Market Twits	04.09.2026 23:04:00	
Важно	#Политика ПРЕДЛОЖЕНИЕ США ОБ УРЕГУЛИРОВАНИИ КОНФЛИКТА НА УКРАИНЕ, С КОТОРЫМ УИТКОФФ И КУШНЕР ПРИЕДУТ В МОСКВУ, НЕ ЯВЛЯЕТСЯ НОВЫМ, ЗАЯВИЛ ТРАМП	04.09.2026	23:26	Шпион РЦБ	04.09.2026 23:26:00	
Важно	❗️🇺🇦#украина #геополитика Режим прекращения огня вводится с 00:00 5 сентября до 23:59 8 сентября. Подразделения получили соответствующий приказ — украинские СМИ со ссылкой на УП ————————- ранее NYT сообщало, что США потребовали от Украины и России не бить по столицам во время визита Уиткоффа и Кушнера	04.09.2026	23:28	Market Twits	04.09.2026 23:28:00	
Возможно	#Политика Режим прекращения огня вводится с 00:00 5 сентября до 23:59 8 сентября – украинская сторона	04.09.2026	23:29	Шпион РЦБ	04.09.2026 23:29:00	
Возможно	Украинские военные подразделения получили приказ о соблюдении режима прекращения огня с 00:00 5 сентября до 23:59 8 сентября — украинские СМИ Читать далее 👉 https://smartlab.news/i/203252 мы в max	04.09.2026	23:31	Смарт Лаб	04.09.2026 23:31:00	
Не важно	⬆️🇷🇺#акции #россия	04.09.2026	23:40	Market Twits	04.09.2026 23:40:00	
Не важно	💥✴️🇺🇸#MSTR #крипто Strategy сохраняет ставку дивидендов по префам #STRC в размере 12,00% годовых и объявляет дивиденды в размере $0,50 раз в полгода. Компания также объявила о дивидендах по префам #STRF #STREE и #STRD в размере $2,50 и $2,00 по #STRK — раскрытие Strategy вернулась в топ 500 самых дорогих компаний мира.	04.09.2026	23:53	Market Twits	04.09.2026 23:53:00	
Важно	❗️🇺🇦#украина #геополитика Россия еще официально не объявляла режим прекращения огня на время визита Уиткоффа и Кушнера. Украина ожидает ответа — РБК-Украина Взрывы раздаются в Николаеве и Сумах, сообщают украинские СМИ	05.09.2026	0:24	Market Twits	05.09.2026 0:24:00	
да	🇷🇺#VKCO #суд Суд 27 октября начнет слушать иск VK к Apple о возвращении приложений в Аpp Store — РИА Новости	05.09.2026	0:26	Market Twits	05.09.2026 0:26:00	
Важно	❗️🇺🇦#украина #геополитика Ни Россия, ни Украина все еще не объявляли о режиме прекращения огня официально. Со стороны Украины были только "сообщения украинских СМИ" со ссылкой на военных. Со стороны России не было никакой информации.	05.09.2026	7:30	Market Twits	05.09.2026 7:30:00	
Возможно	#Политика Судя по сообщениям украинских СМИ и каналов, Россия не стала поддерживать эту идею	05.09.2026	10:06	Шпион РЦБ	05.09.2026 10:06:00	
Важно	❗️🇺🇦#украина #геополитика УИТКОФФ И КУШНЕР ПРИБЫЛИ В МОСКВУ	05.09.2026	11:32	Market Twits	05.09.2026 11:32:00	
Важно	🇷🇺 #russia #today Уиткофф и Кушнер прибыли в Россию на празднование Дня города Москвы -- источники Сергей Собянин поздравил москвичей с днем города. Ему также присвоили звание Героя Труда.	05.09.2026	11:51	Market Twits	05.09.2026 11:51:00	
Возможно	#Политика УИТКОФФ И КУШНЕР ПРИБЫЛИ В МОСКВУ	05.09.2026	12:00	Шпион РЦБ	05.09.2026 12:00:00	
Возможно	Спецборт ВВС США с номером SAM934, на борту которого находятся спецпосланник президента США Стив Уиткофф и зять американского лидера Джаред Кушнер, приземлился в московском аэропорту Внуково Читать далее 👉 https://smartlab.news/i/203253 мы в max	05.09.2026	13:30	Смарт Лаб	05.09.2026 13:30:00	
Не важно	✴️#крипто #альткоины Спустя несколько лет, в сети опять наблюдается очень много историй о том, как криптотрейдеры становятся сказочно-богатыми на щиткоинах всего за несколько дней. Последний раз массовое ожидание сезона альткоинов наблюдалось в 2024г.Тогда все наповал говорили о том, что в альткоинах вот-вот начнется сказочный рост, и все станут сказочно-богатыми. Тогда, всеми ожидаемый туземун так и не наступил. В отличие от того периода, сейчас идет настоящий сезон альткоинов, но об этом относительно мало говорят -- мониторинг. Исторически bullish.	05.09.2026	14:06	Market Twits	05.09.2026 14:06:00	
Не важно	🇺🇸#NKE Кушнер прилетел в кедах Nike. Мадуро, Рубио тоже были недавно замечены в Nike. Nike становится брендом "переговоров", которых сейчас в мире становится все больше и больше. Акции Nike сейчас находятся на исторических минимумах. Bullish -- аналитики	05.09.2026	14:34	Market Twits	05.09.2026 14:34:00	
Важно	#Политика ПУТИН СЕГОДНЯ ПРИМЕТ УИТКОФФА И КУШНЕРА, ЗАЯВИЛ ПЕСКОВ	05.09.2026	14:44	Шпион РЦБ	05.09.2026 14:44:00	
Важно	❗️🇺🇦#украина #геополитика Россия вводит режим прекращения огня Путин дал указание с полуночи сегодня в течение трех суток не наносить ударов по Киеву.	05.09.2026	14:48	Market Twits	05.09.2026 14:48:00	
Важно	🇺🇸🇷🇺#событие #сша #россия Песков полагает, что встреча Путина с Уиткоффом и Кушнером будет продолжительной	05.09.2026	15:14	Market Twits	05.09.2026 15:14:00	
Важно	Песков: Путин дал указание начиная сегодня с полуночи в течение трёх суток не наносить ударов по Киеву Это связано с подготовкой и проведением контактов американских переговорщиков в Киеве. Читать далее 👉 https://smartlab.news/i/203254 мы в max	05.09.2026	15:25	Смарт Лаб	05.09.2026 15:25:00	
Возможно	Песков: Путин 5 сентября проведет встречу с Уиткоффом и Кушнером Читать далее 👉 https://smartlab.news/i/203255 мы в max	05.09.2026	15:27	Смарт Лаб	05.09.2026 15:27:00	
Не важно	#Политика Украинские политологи и эксперты считают, что у Трампа нет рычагов давления на Россию, поэтому президент США будет давить на Украину Вадим Денисенко, политолог: У Трампа остается одна опция – давить на Украину, поэтому скоро увидим еще больше "скандалов" от НАБУ. РФ демонстрирует Трампу, что не хочет идти ни на какие уступки. У Трампа нет никаких козырей против РФ. Из-за войны в Иране и перекрытия Ормузского пролива, остановка российских танкеров станет ударом по американскому избирателю, который увидит очередное повышение цен на АЗС. Поэтому остается одна опция: давление на Украину. Избирательная игра республиканцев сводится к тому, что США поддерживают Украину, но, якобы, коррумпированное руководство не справляется со своими задачами. И, похоже, в ближайшее время мы увидим новую серию скандалов. Алексей Кучеренко, депутат: Абсолютно ничего не мешало и не мешает НАБУ и САП последние десять лет последовательно и профессионально бороться с коррупцией и сажать реальных преступников! Ничего! Однако был выбран путь атаки на всю конструкцию власти – с целью именно захвата этой власти через внешнее давление. Юрий Романенко, политэксперт: В ближайшие дни будет большая суматоха. Будут давить на Зеленского в вопросе мира. Визит НАБУ в ОГП – это из той же оперы. В ближайшие дни такого будет много.	05.09.2026	15:48	Шпион РЦБ	05.09.2026 15:48:00	
Возможно	🇷🇺🇺🇸#уиткофф #кушнер В ресторе	05.09.2026	15:50	Market Twits	05.09.2026 15:50:00	
Возможно	Силуанов: На встрече с Бессентом мы обсуждали финансовые вопросы — интервью ТАСС Читать далее 👉 https://smartlab.news/i/203256 мы в max	05.09.2026	16:27	Смарт Лаб	05.09.2026 16:27:00	
Возможно	🇷🇺#russia #today Владимир Путин присвоил звание народного артиста России Михаилу Шуфутинскому указом от 3 сентября.	05.09.2026	16:28	Market Twits	05.09.2026 16:28:00	
Возможно	Путин: Вместе со всеми гражданами страны мы преодолеем любые трудности и любые вызовы. Все они временные, преходящие, а Москва, Россия – вечны Читать далее 👉 https://smartlab.news/i/203257 мы в max	05.09.2026	16:30	Смарт Лаб	05.09.2026 16:30:00	
Возможно	Топливный кризис немного отступил, но в регионах сохраняются километровые очереди — BFM Читать далее 👉 https://smartlab.news/i/203258 мы в max	05.09.2026	16:34	Смарт Лаб	05.09.2026 16:34:00	
Возможно	🇷🇺🇺🇸#россия #сша Кремль проинформирует журналистов по итогам встречи Путина с представителями Трампа Уиткоффом и Кушнером -- Песков	05.09.2026	17:14	Market Twits	05.09.2026 17:14:00	
Возможно	#Политика Зеленский Я только что поговорил с посланниками президента США. Сегодня они уже начали работу с российской стороной. С момента этого разговора мы готовы соблюдать прекращение огня в части авиаударов по городам, вовлечённым в переговорный процесс. С настоящего момента и до конца субботы, а также в воскресенье и понедельник Украина готова воздерживаться от ударов по Москве, и мы ожидаем, что россияне поступят так же в отношении Киева. На дипломатическом направлении наши действия должны быть - и будут - такими же сильными и эффективными, на все сто процентов. План завтрашних дипломатических контактов в Киеве с участием американской команды утверждён. Мы ждём Стива Уиткоффа и Джареда Кушнера и готовы к предметному разговору.	05.09.2026	18:17	Шпион РЦБ	05.09.2026 18:17:00	
да	💥🇷🇺#ROSN С ПРОЕКТА "ВОСТОК ОЙЛ" ПОШЛА ПЕРВАЯ НЕФТЬ - ПУТИН ВВОД "ВОСТОК ОЙЛА" ОБЕСПЕЧИТ ПОСТАВКУ ПОРЯДКА 30 МЛН Т. НЕФТИ ВО ВТОРОЙ ПОЛОВИНЕ ГОДА. В ПЕРСПЕКТИВЕ ПРИ БЛАГОПРИЯТНОЙ РЫНОЧНОЙ КОНЪЮНКТУРЕ ПОСТАВКИ "ВОСТОК ОЙЛА" МОГУТ ДОСТИЧЬ 100 МЛН ТОНН В ГОД -- СЕЧИН НЕФТЬ "ВОСТОК ОЙЛА" ПОЙДЕТ ПОТРЕБИТЕЛЯМ КАК НА ЗАПАД, ТАК И В СТРАНЫ АТР -- НОВАК РЕСУРСНАЯ БАЗА "ВОСТОК ОЙЛА" ОЦЕНИВАЕТСЯ ПРИМЕРНО В 7 МЛРД ТОНН МАЛОСЕРНИСТОЙ НЕФТИ, ЭТО ОДНО ИЗ КРУПНЕЙШИХ МЕСТОРОЖДЕНИЙ МИРА -- ПУТИН	05.09.2026	18:32	Market Twits	05.09.2026 18:32:00	
Возможно	Путин по ВКС дал старт эксплуатации проекта Роснефти "Восток ойл" #ROSN - Общая производительность только первой очереди терминала порта — 30 млн тонн нефти в год - Ресурсная база проекта составляет 7 млрд т малосернистой нефти Читать далее 👉 https://smartlab.news/i/203260 мы в max	05.09.2026	18:56	Смарт Лаб	05.09.2026 18:56:00	
Возможно	Сечин: Жизненный цикл проекта "Восток ойл" рассчитан на столетие, с доразведкой может быть увеличен в разы Читать далее 👉 https://smartlab.news/i/203261 мы в max	05.09.2026	19:00	Смарт Лаб	05.09.2026 19:00:00	
Возможно	Новак: Нефть "Восток ойла" пойдет потребителям как на запад, так и в страны АТР #ROSN Читать далее 👉 https://smartlab.news/i/203262 мы в max	05.09.2026	19:00	Смарт Лаб	05.09.2026 19:00:00	
Важно	Зеленский: Отныне и до конца этих суток субботы, в воскресенье и понедельник Украина готова воздерживаться от ударов по Москве, и рассчитываем, что россияне – по Киеву Читать далее 👉 https://smartlab.news/i/203263 мы в max	05.09.2026	19:03	Смарт Лаб	05.09.2026 19:03:00	
Не важно	📈Акции Роснефти сегодня ракетят на 3% после ввода в эксплуатацию "Восток ойла", ждём сообщений из Кремля о результатах переговоров с Кушнером-Уиткоффом и ракеты по всем акциям #ROSN Читать далее 👉 https://smartlab.news/i/203264 мы в max	05.09.2026	19:08	Смарт Лаб	05.09.2026 19:08:00	
Возможно	Спецпосланники Трампа и Кирилл Дмитриев вышли из отдельного кабинета, где проходил их обед, американцы воздержались от ответов на вопросы журналистов — Юнашев LIVE 19:15 мск: Кортеж с американскими переговорщиками Уиткоффом и Кушнером приехал в Кремль, где может пройти их встреча с Путиным - ТАСС Читать далее 👉 https://smartlab.news/i/203265 мы в max	05.09.2026	19:11	Смарт Лаб	05.09.2026 19:11:00	
Не важно	После презентации Cybercab акции Tesla упали на 6,6%, а капитализация компании за день сократилась на $80 млрд. Инвесторов разочаровало отсутствие конкретики по срокам производства и перспективам запуска роботакси #TSLA Читать далее 👉 https://smartlab.news/i/203266 мы в max	05.09.2026	19:13	Смарт Лаб	05.09.2026 19:13:00	
Возможно	Вооружённые силы США нанесли удары по трём иранским нефтяным танкерам — Центральное командование США Это произошло после того как Иран выпустил баллистические ракеты по двум кораблям ВМС США. Читать далее 👉 https://smartlab.news/i/203267 мы в max	05.09.2026	19:17	Смарт Лаб	05.09.2026 19:17:00	
Не важно	🇺🇸🇷🇺#событие #сша #россия В Кремле	05.09.2026	19:23	Market Twits	05.09.2026 19:23:00	
Возможно	#Политика Путин на встрече с Уиткоффом и Кушнером отметил, что ситуация для обсуждения непростая.	05.09.2026	20:00	Шпион РЦБ	05.09.2026 20:00:00	
Не важно	Трамп: Фондовый рынок ПАДАЕТ, потому что мы живем в ложной реальности, в которой, если дела идут хорошо, нужно «УБИТЬ» все из-за «страха» перед инфляцией. Должно быть наоборот, и так было всегда — Каждый раз, когда у нас все хорошо, глупые люди хотят немедленно остановить этот великий восходящий импульс. РОСТ НЕ ВЫЗЫВАЕТ ИНФЛЯЦИЮ! — Мы должны были бы достигать ВВП в 15-20%, а не в 2, 3 и 4% — Каждый процент ставки обходится США в 650 миллиардов долларов в год — Мы должны платить самые низкие процентные ставки в мире, потому что мы обеспечиваем функционирование всего и даем странам, которые в противном случае потерпели бы крах, огромное экономическое богатство! Читать далее 👉 https://smartlab.news/i/203268 мы в max	05.09.2026	20:07	Смарт Лаб	05.09.2026 20:07:00	
Важно	#Политика ТРАМП НЕ ОСТАНАВЛИВАЕТСЯ В СВОИХ ПОПЫТКАХ ВНЕСТИ ВКЛАД В УРЕГУЛИРОВАНИЕ РОССИЙСКО-УКРАИНСКОГО КОНФЛИКТА - ПУТИН Качество посредничества и доверие несомненно важны	05.09.2026	20:37	Шпион РЦБ	05.09.2026 20:37:00	
Важно	#Политика Россия не договаривалась с Украиной о прекращении огня больше чем на три дня — Путин Путин подчеркнул, что Уиткофф и Кушнер после Москвы отправятся в Киев Москве комфортно работать с Уиткоффом и Кушнером.	05.09.2026	20:47	Шпион РЦБ	05.09.2026 20:47:00	
Не важно	🇷🇺#exclusive ЭКСКЛЮЗИВ: коллекционная открытка "879 лет Москве"	05.09.2026	21:20	Market Twits	05.09.2026 21:20:00	
Возможно	#Политика 🌚 Перед началом переговоров Путину передали красную папку с документами	05.09.2026	21:53	Шпион РЦБ	05.09.2026 21:53:00	
Возможно	#Политика Переговоры Путина с Уиткоффом и Кушнером длятся более двух часов	05.09.2026	22:06	Шпион РЦБ	05.09.2026 22:06:00	
Возможно	🚫🛢#ормуз КСИР предупреждает все суда в Персидском заливе и вблизи Ормузского пролива о недопустимости проведения "подозрительной активности" в этих районах Иран отчитался об ударах по трем танкерам, аффилированным с США в Ормузском проливе	05.09.2026	23:01	Market Twits	05.09.2026 23:01:00	
Возможно	❗️🇷🇺🇺🇸#событие #украина #геополитика Переговоры Путина с Уиткоффом и Кушнером завершились, они продлились около 3 часов в закрытом режиме.	05.09.2026	23:04	Market Twits	05.09.2026 23:04:00	
Не важно	⚠️🇺🇸#NKE После падения на 80% от своего рекордного максимума, акции Nike, в конце этого месяца будут исключены из S&P100 после 18 лет в индексе	05.09.2026	23:16	Market Twits	05.09.2026 23:16:00	
Не важно	🇩🇪#космос #германия Немецкий стартап Isar запустил космическую ракету с норвежской базы.	05.09.2026	23:21	Market Twits	05.09.2026 23:21:00	
Важно	⚠️🇮🇷#иран #геополитика Иран пригрозил США новыми ударами в случае нападений на иранские суда	05.09.2026	23:23	Market Twits	05.09.2026 23:23:00	
Важно	#Политика Уиткофф и Кушнер покинули Кремль после встречи с Путиным — ТАСС.	05.09.2026	23:23	Шпион РЦБ	05.09.2026 23:23:00	
Важно	❗️🇺🇦#украина #геополитика Важный миротворческий визит. — Кирилл Дмитриев	05.09.2026	23:42	Market Twits	05.09.2026 23:42:00	
Важно	❗️🇺🇦#украина #геополитика #событие УИТКОФФ И КУШНЕР ПРИЕХАЛИ В МОСКВУ ПО ПОРУЧЕНИЮ ТРАМПА ДЛЯ ПРОДОЛЖЕНИЯ ДИАЛОГА ПО УКРАИНСКОМУ УРЕГУЛИРОВАНИЮ И ПО ДРУГИМ ВОПРОСАМ НА ПЕРЕГОВОРАХ ПУТИНА С УИТКОФФОМ И КУШНЕРОМ РОССИЙСКАЯ СТОРОНА ДАЛА ЧЕТКИЕ И ИСЧЕРПЫВАЮЩИЕ ОЦЕНКИ СИТУАЦИИ НА СВО, ОТМЕЧЕНЫ УСПЕХИ АРМИИ РФ ПУТИН НА ВСТРЕЧЕ С УИТКОФФОМ И КУШНЕРОМ ОТМЕТИЛ УСПЕХИ РОССИЙСКИХ ВОЙСК В СВО И УВЕРЕННОСТЬ В ДОСТИЖЕНИИ ЕЕ ЦЕЛЕЙ ПУТИН НА ВСТРЕЧЕ С УИТКОФФОМ И КУШНЕРОМ ПОДЧЕРКНУЛ НЕОБХОДИМОСТЬ УСТРАНЕНИЯ ВСЕХ ПЕРВОПРИЧИН УКРАИНСКОГО КОНФЛИКТА УИТКОФФ И КУШНЕР ОБЕЩАЛИ ИСПОЛЬЗОВАТЬ В ЗАВТРАШНИХ КОНТАКТАХ В КИЕВЕ ОЦЕНКИ, ВЫСКАЗАННЫЕ ПУТИНЫМ ПО ПОВОДУ ПУТЕЙ УРЕГУЛИРОВАНИЯ УИТКОФФ И КУШНЕР НА ПЕРЕГОВОРАХ С ПУТИНЫМ СФОРМУЛИРОВАЛИ РЯД СООБРАЖЕНИЙ ПО ВОЗМОЖНЫМ ПУТЯМ УРЕГУЛИРОВАНИЯ УКРАИНСКОГО КОНФЛИКТА ПУТИН ПОДТВЕРДИЛ НАСТРОЙ ПРОДОЛЖАТЬ СОВМЕСТНУЮ С АМЕРИКАНЦАМИ РАБОТУ НА УКРАИНСКОМ ТРЕКЕ ПУТИН И ТРАМП БУДУТ ПОДДЕРЖИВАТЬ ЛИЧНЫЕ КОНТАКТЫ, РАБОТА ПО ЛИНИИ УИТКОФФА И КУШНЕРА ТОЖЕ БУДЕТ ПРОДОЛЖЕНА ПУТИН ОБСУЖДАЛ С УИТКОФФОМ И КУШНЕРОМ НЕ ТОЛЬКО УКРАИНУ, НО И ЭКОНОМИЧЕСКУЮ ТЕМАТИКУ И ВОЗМОЖНЫЕ КРУПНЫЕ СОВМЕСТНЫЕ ПРОЕКТЫ РОССИИ И США — УШАКОВ полный релиз Кремля	06.09.2026	0:29	Market Twits	06.09.2026 0:29:00	
Возможно	#Политика Подробности трехчасовых переговоров Владимира Путина и представителей Трампа Путин подчеркнул необходимость устранения всех первопричин украинского конфликта Беседа была "содержательной, конструктивной, предельно откровенной и доверительной". Переговоры проходили как за рабочим столом, так и за обеденным, в более неформальной обстановке. Российская сторона дала оценки ходу СВО, отметила успехи российской армии и выразила уверенность, что все поставленные цели будут достигнуты. Уиткофф и Кушнер обещали использовать эту информацию в ходе своих переговоров в Киеве. Кроме того, они сформулировали ряд соображений по поводу урегулирования конфликта. Отдельно американцы взяли на заметку, что украинский режим перестал скрывать свою сущность, открыто занявшись перезахоронением нацистских преступников. Обсуждалось не только урегулирование украинского конфликта, но и взаимовыгодные отношения между Россией и США.	06.09.2026	0:38	Шпион РЦБ	06.09.2026 0:38:00	
Важно	❗️🇺🇦#украина #геополитика В БЕЛОМ ДОМЕ СООБЩИЛИ, ЧТО РФ И США ОБСУДИЛИ СЛЕДУЮЩИЕ ШАГИ ПО УРЕГУЛИРОВАНИЮ УКРАИНСКОГО КОНФЛИКТА, ОНИ БУДУТ ОБЪЯВЛЕНЫ В БЛИЖАЙШИЕ НЕДЕЛИ -- RTRS В МОСКВЕ ОБСУЖДАЛИСЬ ДАЛЬНЕЙШИЕ КОНКРЕТНЫЕ ИНИЦИАТИВЫ ПО УРЕГУЛИРОВАНИЮ ПРЕДСТАВИТЕЛИ СОВЕТА НАЦБЕЗОПАСНОСТИ БЕЛОГО ДОМА, ГОСДЕПА И МИНФИНА ПОСЕТИЛИ МОСКВУ ВМЕСТЕ С УИТКОФФОМ И КУШНЕРОМ -- AXIOS Ответственный за санкции чиновник минфина США Джин Ланг вошел в состав американской делегации, посетившей Москву -- Axios	06.09.2026	6:23	Market Twits	06.09.2026 6:23:00	
Важно	Ушаков: Беседа Путина с Уиткоффом и Кушнером продолжалась более трёх часов, была содержательной, конструктивной, предельно откровенной и доверительной — Беседа по крайне серьёзным вопросам продолжалась как за рабочим, так и в неформальной обстановке за обеденным столом — Путин передал наилучшие пожелания Президенту Дональду Трампу, поблагодарив его за усилия в контексте украинского урегулирования и искреннее стремление оказать содействие скорейшему выходу на взаимоприемлемые развязки — С российской стороны были даны чёткие и исчерпывающие оценки ситуации, складывающейся в ходе проведения специальной военной операции — Отмечены реальные успехи российской армии в продвижении в зоне боевых действий, выражена уверенность в достижении поставленных целей — Подчёркнута необходимость устранения всех первопричин конфликта — Путин подтвердил настрой продолжать совместную с американцами работу по поиску политико-дипломатических развязок — Стив Уиткофф и Джаред Кушнер обещали использовать в ходе завтрашних контактов в Киеве полученные у нас лично от Президента РФ наблюдения и оценки, касающиеся выхода на прочное мирное урегулирование — Американские коллеги серьёзно подготовились к этой поездке. Ими сформулирован целый ряд соображений насчёт возможных путей урегулирования — Американцы взяли на заметку, что киевский режим уже перестал скрывать свою сущность, занявшись перезахоронением одних из самых главных нацистских преступников — Довольно подробно обсуждалась экономическая тематика и возможные крупные взаимовыгодные российско-американские проекты — Переговоры были своевременными и весьма полезными для обеих сторон — Президенты будут и далее поддерживать личные контакты, а работа по линии Стива Уиткоффа и Джареда Кушнера будет продолжена Читать далее 👉 https://smartlab.news/i/203269 мы в max	06.09.2026	7:07	Смарт Лаб	06.09.2026 7:07:00	
Возможно	Вместе с Кушнером и Уиткоффом в составе делегации был Джин Лэнг, исполняющий обязанности "санкционного гуру" Минфина США — Axios News Участие Лэнга указывает на то, что санкции США против России были частью обсуждения. Читать далее 👉 https://smartlab.news/i/203270 мы в max	06.09.2026	8:20	Смарт Лаб	06.09.2026 8:20:00	
Возможно	Переговоры были "содержательными", о следующих шагах будет объявлено в ближайшие недели — Reuters со ссылкой на представителя Белого дома Уиткофф и Кушнер, которые впервые с января посетили Москву по поручению президента Дональда Трампа, никак не прокомментировали ситуацию. Читать далее 👉 https://smartlab.news/i/203271 мы в max	06.09.2026	8:28	Смарт Лаб	06.09.2026 8:28:00	
Возможно	Нет никаких шансов на достижение соглашения по линии фронта до тех пор, пока Путин не завершит освобождение оставшейся части Донецкой области — Reuters со ссылкой на источник, близкий к Кремлю Читать далее 👉 https://smartlab.news/i/203272 мы в max	06.09.2026	8:32	Смарт Лаб	06.09.2026 8:32:00	
Возможно	Путин готов остановить конфликт только на своих условиях, и требования Москвы становятся все жестче — источники Bloomberg Читать далее 👉 https://smartlab.news/i/203273 мы в max	06.09.2026	8:37	Смарт Лаб	06.09.2026 8:37:00	
Возможно	⚠️🇷🇺#OZON #геополитика В Рязани, по предварительным данным, мог быть атакован склад OZON, пишет РБК-Украина. информация не подтверждена по сообщениям были взрывы в районе Озона	06.09.2026	10:10	Market Twits	06.09.2026 10:10:00	
Не важно	🇷🇺🇨🇳#россия #китай Минтранс: Россия и Китай могут разрешить пересекать границу на личных авто	06.09.2026	10:11	Market Twits	06.09.2026 10:11:00	
Возможно	⚠️🇮🇷#иран #геополитика #нефть Хегсет заявил, что американские военные могут ударить по всем нефтяным танкерам Ирана в ответ на атаки по своим кораблям.	06.09.2026	10:12	Market Twits	06.09.2026 10:12:00	
Важно	⚠️🇺🇦#сша #украниа #геополитика #санкции Американцы приехали в Москву не с пустыми руками, а с сувенирами. Одним из таких была памятная монета с надписью "Мир через силу" на одной из сторон — Юнашев LIVE "Мир через силу" = санкционно-геополитическое давление для достижения желаемых результатов	06.09.2026	10:18	Market Twits	06.09.2026 10:18:00	
Не важно	🇵🇰🇷🇺#пакистан #россия #авиа Пакистан работает над запуском прямых полетов между Москвой и Исламабадом — посол Пакистана в России, ТАСС #вэф	06.09.2026	10:21	Market Twits	06.09.2026 10:21:00	
Не важно	🚫🇷🇺#зерно #россия Литва и Латвия планируют прекратить транзит российского зерна — RTRS	06.09.2026	10:22	Market Twits	06.09.2026 10:22:00	
Возможно	🔥🛢#ормуз Латвия отправит 20 солдат для разблокировки Ормузского пролива — портал ERRee со ссылкой на на официальные документы Минобороны Латвии	06.09.2026	10:25	Market Twits	06.09.2026 10:25:00	
Важно	⚠️🇺🇦#украина #геополитика #прогноз Предыдущие неоднократные поездки Уиткоффа и Кушнера в Москву не привели к прогрессу, и после последних переговоров Кремль дал понять, что не намерен отказываться от своих военных целей на Украине. Путин готов прекратить СВО только на своих условиях, и требования Москвы становятся всё жёстче, поскольку она считает, что имеет военное преимущество над Украиной, сообщает BBG со ссылкой на источники в Кремле Нет никаких шансов на достижение соглашения по линии фронта, пока Путин не завершит зачистку оставшейся части Донецкой области, сообщил RTRS источник близкий к Кремлю перед поездкой Уиткоффа и Кушнера в Москву	06.09.2026	10:44	Market Twits	06.09.2026 10:44:00	
Важно	⚠️🇺🇦#украина #геополитика #прогноз В ближайшей перспективе устойчивого мира между Россией и Украиной достичь не получится, считает экс-глава британской разведки MI6 Джон Сойерс — FT «Возможность успешных переговоров о прекращении огня может появиться в 2027 году, если страдания обеих сторон продолжат усиливаться» — Сойерс	06.09.2026	10:52	Market Twits	06.09.2026 10:52:00	
Не важно	⬇️🇷🇺#акции #россия IMOEX ждал, но не такого -1% на торгах утром в воскресенье	06.09.2026	11:01	Market Twits	06.09.2026 11:01:00	
Важно	❗️🇷🇺🇨🇳🇺🇸#событие #россия #китай #сша ТАСС: Рябков не исключил проведения трехсторонней встречи лидеров РФ, США и КНР ————————— ранее Ушаков заявлял Зарубину о том, что Путин, Трамп и Си Цзиньпин могут провести трехсторонний саммит на полях саммита АТЭС саммит АТЭС пройдет 18–19 ноября в Шэньчжэне	06.09.2026	11:18	Market Twits	06.09.2026 11:18:00	
Возможно	#Политика Требования РФ по Украине становятся жестче, поскольку в Кремле считают, что Россия имеет военное преимущество — Bloomberg По словам источников, Путин готов остановить конфликт только на своих условиях, а ожидания от визита Уиткоффа и Кушнера "крайне низкие". Предыдущие поездки американских переговорщиков не привели к прогрессу, и сейчас российские источники агентства не видят оснований считать, что США привезли приемлемые для Кремля предложения.	06.09.2026	11:20	Шпион РЦБ	06.09.2026 11:20:00	
Не важно	⚠️🇩🇪#нато #геополитика Германия создаёт мобильные подразделения полиции для борьбы с дронами и защиты аэропортов, вокзалов, правительственных кварталов и других важных объектов — Bild	06.09.2026	11:25	Market Twits	06.09.2026 11:25:00	
Не важно	⚠️🇬🇧#авто #британия #пошлины #увольнения The Times: Jaguar Land Rover сократит 4 000 рабочих мест из-за пошлин США	06.09.2026	11:31	Market Twits	06.09.2026 11:31:00	
Не важно	⬆️✴️#ZEC тестирует отметку $1200	06.09.2026	11:42	Market Twits	06.09.2026 11:42:00	
Не важно	🇺🇸🇷🇺#санкции #россия Участие Джин Ланге, исполняющей обязанности «санкционного гуру» в Минфине США, в составе американской делегации, посетившей Москву указывает на то, что санкции США против России были предметом обсуждения — AXIOS	06.09.2026	11:47	Market Twits	06.09.2026 11:47:00	
Не важно	⬇️🇺🇸#трамп #выборы Рейтинг одобрения Трампа снизился до рекордно низких значений: только 33% респондентов поддержали нынешний политический курс Трампа по сравнению с 35% месяцем ранее. В то же время уровень его поддержки среди избирателей-республиканцев опустился до 72%, что также является антирекордом — опрос Focaldata по заказу британской Financial Times	06.09.2026	11:57	Market Twits	06.09.2026 11:57:00	
Не важно	❗️🛢#нефть #опек Сегодня "Семерка" ОПЕК+ обсудит ситуацию на рынке нефти ——————————— ранее Новак сообщал, что ОПЕК+ не планирует новых сокращений добычи нефти т.к спрос на нефть в мире восстанавливается, а на рынке дефицит, и министры ОПЕК+ на встрече в воскресенье просто обсудят ситуацию на рынке и исполнение соглашения RTRS также сообщал, что ОПЕК+ в воскресенье не примет никакого решения о политике в области добычи нефти, основное внимание будет уделено обсуждению рынка	06.09.2026	12:03	Market Twits	06.09.2026 12:03:00	
Важно	⚠️🇮🇷#иран #геополитика Галибаф: США должны осознать, что правила игры изменились, пока не стало слишком поздно Будущие атаки на безопасность или интересы Ирана приведут к более быстрому, решительному и жесткому ответу	06.09.2026	12:18	Market Twits	06.09.2026 12:18:00	
Не важно	🗓#календарь КЛЮЧЕВЫЕ СОБЫТИЯ ЭТОЙ НЕДЕЛИ: понедельник 7 сентября: 🇺🇸США - нет торгов - Labor Day 🇨🇦Канада - нет торгов - Labor Day 🇧🇷Бразилия - нет торгов - Independence Day 🇩🇪Германия - промпроизводство (июль) - 09:00мск 🇪🇺Еврозона - ВВП (2кв 2026г) - 12:00мск вторник 8 сентября: 🇯🇵Япония - ВВП (2кв 2026г) - 02:50мск 🇨🇳КНР - мировая торговля (авг) - 06:00мск 🇺🇸США - ADP Employment (нед) - 15:15мск 🇬🇧глава Банка Англии Бэйли - 16:15мск 🇺🇸США - потребительские инфляционные ожидания NY-Fed (авг) - 18:00мск среда 9 сентября: 🇨🇳КНР - потребинфляция CPI (авг) - 04:30мск 🛢краткосрочные прогнозы Минэнерго США по рынку нефти - 19:00мск 🇪🇺глава ЕЦБ Лагард - 20:00мск 🛢нефть США - запасы API - 23:30мск четверг 10 сентября: 🇩🇪Германия - потребинфляция CPI (авг) - 09:00мск 🛢ежемесячный доклад ОПЕК по рынку нефти - 14:00мск 🇹🇷Турция - ставка ЦБ - 14:00мск 🇪🇺ЕС - ставка ЕЦБ - 15:15мск 🇺🇸США - проминфляция PPI (авг) - 15:30мск 🇺🇸США - Initial Jobless Claims - 15:30мск 🇪🇺ЕС - пресс-конф ЕЦБ - 15:45мск 🇺🇸США - Existing Home Sales (авг) - 17:00мск 🛢натгаз США - запасы EIA - 17:30мск 🛢нефть США - запасы EIA - 19:00мск пятница 11 сентября: 🇯🇵Япония - проминфляция PPI (авг) - 02:50мск 🇬🇧Британия - ВВП (июль) - 09:00мск 🛢ежемесячный доклад МЭА по рынку нефти - 11:00мск 🇨🇭глава ЦБ Швейцарии - 12:15мск 🇷🇺РФ - ставка ЦБ - 13:30мск 🇷🇺РФ - пресс-конф ЦБ - 15:00мск 🇺🇸США - потребинфляция CPI (авг) - 15:30мск 🇷🇺РФ - торговый баланс (июль) - 16:00мск 🇺🇸США - Michigan Consumer Sentiment (сент-предв) - 17:00мск 🇺🇸США - потребительские инфляционные ожидания (сент-предв) - 17:00мск 🇪🇺глава ЕЦБ Лагард - 17:00мск 🇺🇸США - отчет WASDE - 19:00мск 🇷🇺РФ - потребинфляция CPI (авг) - 19:00мск 🇺🇸США - федеральный бюджет (авг) - 21:00мск суббота 12 сентября: 🌎саммит БРИКС в Индии - день 1 воскресенье 13 сентября: 🌎саммит БРИКС в Индии - день 2 🇪🇺Арктический саммит Евросоюза в Финляндии - день 1	06.09.2026	12:22	Market Twits	06.09.2026 12:22:00	
Не важно	Пока рынок недвижимости ждет снижения ставок, опытные инвесторы используют застройщиков для приумножения капитала. Покупаете жилье в рассрочку с минимальным первым взносом, а основной капитал держите в облигациях/на депозите. Пример сделки в рассрочку на 2 года (лот 14 млн ₽): • Рассрочка: платеж 100к ₽/мес • Взнос 10%: 1,4 млн ₽ • Остаток: в облигациях под 17% годовых • Доход: ~178 000 ₽/мес (~4 млн ₽ за 2 года) Пример сделки в рассрочку до 10.12.2027 года (лот 23 млн ₽): • Рассрочка: платеж 50к ₽/мес • Взнос 15%: 3,5 млн ₽ • Остаток: в облигациях под 17% годовых • Доход: ~276 000 ₽/мес (~4,1 млн ₽ за 15 месяцев) Пример сделки в рассрочку до 01.01.2030 года (лот 28.5 млн ₽): • Рассрочка: платеж 140к ₽/мес • Взнос 10 млн ₽ • Остаток: в облигациях под 17% годовых • Доход: ~262 000 ₽/мес (~10,5 млн ₽ за 40 месяцев) Подробнее о таких вариантах каждый день пишут в канале Новостройки Москвы А в закрепе вы найдете готовый каталог с ценами, планировками, разбором ЖК. Подписывайтесь	06.09.2026	12:34	Market Twits	06.09.2026 12:34:00	
Возможно	#Политика Кушнер и Уиткофф в Киеве	06.09.2026	13:32	Шпион РЦБ	06.09.2026 13:32:00	
Не важно	#IMOEX почти двое суток продержался выше 2250 пунктов	06.09.2026	14:27	Шпион РЦБ	06.09.2026 14:27:00	
Не важно	Страны ОПЕК+ сохранили требуемый уровень производства нефти, запланированный на сентябрь, на октябрь. Следующая встреча состоится 4 октября Читать далее 👉 https://smartlab.news/i/203274 мы в max	06.09.2026	15:53	Смарт Лаб	06.09.2026 15:53:00	
Не важно	❗️🛢#нефть #опек ОПЕК+ НЕ СТАЛИ МЕНЯТЬ ОБЪЕМЫ ДОБЫЧИ НЕФТИ НА ОКТЯБРЬ следующее заседание состоится 4 октября —————————— ранее Новак сообщал, что ОПЕК+ не планирует новых сокращений добычи нефти т.к спрос на нефть в мире восстанавливается, а на рынке дефицит, и министры ОПЕК+ на встрече в воскресенье просто обсудят ситуацию на рынке и исполнение соглашения	06.09.2026	18:23	Market Twits	06.09.2026 18:23:00	
Важно	🇺🇸🇺🇦#событие #сша #украина #нато #геополитика Первый раунд переговоров Уиткоффа и Кушнера с Зеленским завершился. Начался второй раунд - теперь вместе с представителями Британии и Европы. Зеленский подготовил Уиткоффу и Кушнеру футболки с надписью "Київський режим" — украинские СМИ	06.09.2026	18:27	Market Twits	06.09.2026 18:27:00	
Возможно	#Политика Война не закончится до зимы. На переговорах в Киеве это уже признают — Financial Times США обсуждают, как помочь Украине пройти сложную зиму. На сегодняшних переговорах фактически исходят из того, что быстрого завершения войны не будет. Уиткофф и Кушнер привезли обновленные американские предложения, но принципиально новых идей у них немного. Главной проблемой остается контролируемая Украиной часть Донбасса. На этом фоне американцы уже обсуждали с Зеленским, как помочь Украине пережить ожидаемый сложный зимний период, когда РФ может усилить удары по критической инфраструктуре.	06.09.2026	18:38	Шпион РЦБ	06.09.2026 18:38:00	
Важно	❗️🇺🇦#украина #геополитика Уиткофф и Кушнер заявили Зеленскому, что хотят прорыва в переговорах до зимы — Axios На переговорах было явное понимание того, что конфликт вряд ли закончится до зимы — украинские СМИ Трамп хочет долгосрочного урегулирования — СМИ	06.09.2026	18:47	Market Twits	06.09.2026 18:47:00	
Важно	❗️🇺🇦#украина #геополитика Уиткофф и Кушнер намерены работать с Россией и Украиной над обновленной версией предложения по урегулированию конфликта — AXIOS	06.09.2026	18:59	Market Twits	06.09.2026 18:59:00	
Важно	❗️🇺🇦#украина #геополитика Зеленский: переговоры с американской командой очень содержательные Уиткофф: с оптимизмом смотрим на мирные переговоры в Москве и Киеве Кушнер: надеемся, что переговоры с Украиной и Россией возобновятся в трехстороннем формате Кушнер: США разрабатывают новый "мирный пакет’	06.09.2026	19:04	Market Twits	06.09.2026 19:04:00	
Важно	❗️🇩🇪#выборы #германия АдГ набирает 44,5% голосов на выборах в Саксонии-Анхальт, показывают первые данные экзитполов, передает DW. Христианско-демократический союз (ХДС), который на протяжении десятилетий оставался доминирующей политической силой в регионе, получает голоса 18,5% избирателей. "Альтернатива для Германии" уверенно побеждает на выборах в Саксонии-Анхальт, ХДС на втором месте. Мерц уверенно на втором месте.	06.09.2026	19:06	Market Twits	06.09.2026 19:06:00	
Важно	❗️🇺🇦#украина #геополитика Трамп поручил разработать новый мирный пакет, — Кушнер	06.09.2026	19:13	Market Twits	06.09.2026 19:13:00	
Важно	⚠️🇺🇦#украина #геополитика "Донбасс - ключевая тема" — Зеленский	06.09.2026	19:26	Market Twits	06.09.2026 19:26:00	
Возможно	🇷🇺#акции #россия #мнение Изначально было понятно, что эти переговоры не приведут к значимому прорыву. Поэтому, не исключено, что в отсутствии сильных, неожиданных геополитических потрясений, после нескольких дней "переварки" свежих "переговорных" новостей, IMOEX может возобновить рост (но это не точно), считают некоторые эксперты	06.09.2026	19:30	Market Twits	06.09.2026 19:30:00	
Важно	⚠️🇺🇦#украина #геополитика #прогноз Это еще минимум год новых переговоров с высокой вероятностью того, что этот план, как и другие предыдущие планы, отправится в урну. Если реальный прорыв произойдет, то это будет настоящее ЧУДО — эксперты	06.09.2026	19:38	Market Twits	06.09.2026 19:38:00	
Важно	❗️🇺🇦#украина #геополитика Встреча представителей США, Украины и России может быть созвана в ближайшее время, — надеется Уиткофф	06.09.2026	19:41	Market Twits	06.09.2026 19:41:00	
Важно	#Политика Встреча представителей США, Украины и России может быть созвана в ближайшее время, — заявил специальный представитель Трампа Стив Виткофф.	06.09.2026	19:41	Шпион РЦБ	06.09.2026 19:41:00	
Важно	❗️🇺🇦#украина #геополитика Уиткофф заявил, что в ходе визита в Москву услышал новые идеи по украинскому урегулированию РИА: Уиткофф заявил о начале сближения позиций по урегулированию ТАСС: Уиткофф заявил, что на переговорах в Москве удалось добиться значительного прогресса США предложили России и Украине вернуться к трехсторонним переговорам	06.09.2026	19:51	Market Twits	06.09.2026 19:51:00	
Важно	❗️🇺🇦#украина #геополитика УИТКОФФ ЗАЯВИЛ, ЧТО О ВСТРЕЧЕ ПРЕДСТАВИТЕЛЕЙ РОССИИ, США И УКРАИНЫ ПО УРЕГУЛИРОВАНИЮ БУДЕТ ОБЪЯВЛЕНО В БЛИЖАЙШЕЕ ВРЕМЯ — ТАСС	06.09.2026	19:54	Market Twits	06.09.2026 19:54:00	
Не важно	❗️🇷🇺#IMOEX	06.09.2026	19:55	Market Twits	06.09.2026 19:55:00	
Важно	❗️🇺🇦#украина #геополитика Ъ: КУШНЕР ЗАЯВИЛ О ПЛАНАХ ВОЗОБНОВИТЬ ТРЕХСТОРОННИЕ ПЕРЕГОВОРЫ ПО УКРАИНЕ	06.09.2026	20:02	Market Twits	06.09.2026 20:02:00	
Важно	❗️🇺🇸#трамп #today Трамп поменял свою прическу и цвет своих волос: с зачеса вперед на зачес вбок, с блондина на каштановый цвет. "Грядут большие перемены" — аналитики	06.09.2026	20:06	Market Twits	06.09.2026 20:06:00	
Важно	❗️⚠️🇺🇦#украина #геополитика КИЕВ ПО-ПРЕЖНЕМУ НЕ ГОТОВ ОТКАЗАТЬСЯ ОТ ДОНБАССА РАДИ ЗАКЛЮЧЕНИЯ МИРНОГО СОГЛАШЕНИЯ С РОССИЕЙ — ЗЕЛЕНСКИЙ ПОСЛЕ ПЕРЕГОВОРОВ С УИТКОФФОМ И КУШНЕРОМ ГАРАНТИЙ УСПЕХА ПОПЫТОК УКРАИНСКОГО УРЕГУЛИРОВАНИЯ НЕТ, ОДНАКО ПРОБОВАТЬ НУЖНО — КУШНЕР	06.09.2026	20:08	Market Twits	06.09.2026 20:08:00	
Важно	🇺🇦#бюджет #украина Украина рассматривает возможность легализации порноиндустрии для пополнения своего военного бюджета — WSJ	06.09.2026	20:19	Market Twits	06.09.2026 20:19:00	
Не важно	⚠️🇺🇸#облигации #сша #cot В гооблигациях США зафиксирован один из крупнейших в истории недельный отток — данные BBG доходность 10-леток на максимуме за год, что также является почти максимальным уровнем за 20 лет	06.09.2026	20:27	Market Twits	06.09.2026 20:27:00	
Важно	❗️🇺🇦#украина #геополитика Детали нового "мирного плана" Трампа по Украине, который Уиткофф и Кушнер могли привезти на переговоры в Москву и в Киев (но это не точно): 1) полное прекращение огня 2) территориальные уступки Украины 3) отвод ВСУ с Донбасса и части Запорожской области с возможным размещением там контингента ООН 4) проведение референдума и выборов на Украине, а также изменения Конституции 5) Киеву предлагается отказаться от силового возвращения территорий, которые перейдут под контроль России 6) закрепить внеблоковый статус Украины и отказаться от вступления в НАТО и другие военные союзы 7) ограничение численности ВСУ 8) договоренности по языковому вопросу 9) подписание полноценного мирного договора уже новой украинской властью с последующим закреплением через специальную процедуру в ООН — украинское издание "Главком"	06.09.2026	20:37	Market Twits	06.09.2026 20:37:00	
Не важно	💥✴️#HYPE = рекорд 💥✴️#ZEC > $1200 две звезды "голубые фишки" текущего альтсезона	06.09.2026	21:02	Market Twits	06.09.2026 21:02:00	
Не важно	#LKOH Двух-трех недель достаточно для восстановления работы НПЗ, заявил основатель "Лукойла" Вагит Алекперов	06.09.2026	21:11	Шпион РЦБ	06.09.2026 21:11:00	
Возможно	Кушнер и Уиткофф в беседе с Зеленским подчеркнули, что хотят добиться прорыва в переговорах до наступления зимы — Axios Кушнер и Уиткофф хотят работать со сторонами над «обновлённым» мирным предложением. Читать далее 👉 https://smartlab.news/i/203275 мы в max	06.09.2026	21:32	Смарт Лаб	06.09.2026 21:32:00	
Важно	🇺🇸🇺🇦#событие #украина #геополитика Зеленский проводит встречу один на один с Уиткоффом и Кушнером — РБК Украина	06.09.2026	21:34	Market Twits	06.09.2026 21:34:00	
Не важно	🛢🇷🇺#бензин #россия Лукойлу достаточно двух-трех недель для восстановления всех своих НПЗ — Алекперов в комментарии журналисту "Вестей" Павлу Зарубину	06.09.2026	21:36	Market Twits	06.09.2026 21:36:00	
Важно	Зеленский: Следующий раунд разговора - вместе с США и странами EС: Великобританией, Францией и Германией Читать далее 👉 https://smartlab.news/i/203276 мы в max	06.09.2026	21:38	Смарт Лаб	06.09.2026 21:38:00	
Возможно	🇺🇸🇷🇺#санкции #россия Кушнер не уточнил, усилят ли США санкции из-за отсутствия прогресса по Украине -- ТАСС	06.09.2026	21:39	Market Twits	06.09.2026 21:39:00	
Возможно	Вагит Алекперов: Для ремонта своих НПЗ Лукойлу после повреждений хватает 2-3 недели #LKOH Читать далее 👉 https://smartlab.news/i/203277 мы в max	06.09.2026	21:40	Смарт Лаб	06.09.2026 21:40:00	
Не важно	⚠️🇮🇷🇮🇱#иран #израиль #геополитика Генштаб армии Израиля объявил о внезапных учениях ————————— ранее портал C14 сообщал, что Израиль готовится к крупномасштабной скоординированной ракетной атаке со стороны Ирана т.к. видит признаки того, что Иран вскоре может возобновить военные действия	06.09.2026	21:46	Market Twits	06.09.2026 21:46:00	
Важно	Уиткофф: мы добились значительного прогресса в переговорах по Украине Читать далее 👉 https://smartlab.news/i/203278 мы в max	06.09.2026	21:48	Смарт Лаб	06.09.2026 21:48:00	
Важно	Зеленский: Территориальные вопросы, такие как требование России к Украине уступить дополнительные части восточного Донбасса, должны решаться на «уровне лидеров» Читать далее 👉 https://smartlab.news/i/203279 мы в max	06.09.2026	21:49	Смарт Лаб	06.09.2026 21:49:00	
Не важно	🇺🇸#ipo #ии #сша Anthropic откладывает IPO минимум до середины октября — RTRS Компания начнет маркетинг своего IPO не раньше середины октября, а листинг планируется провести за несколько дней до промежуточных выборов в США в ноябре. —————————— Ранее сообщалось, что стартап рассчитывает на оценку в $2 трлн на IPO, побив рекорд SpaceX. IPO станет крупнейшим в мировой истории.	06.09.2026	21:53	Market Twits	06.09.2026 21:53:00	
Важно	#Политика Новый мирный план Трампа по Украине опубликовали украинские СМИ: — Украина должна отказаться от Донбасса и части Запорожской области, а также вывести войска; — в Конституцию Украины должны быть внесены изменения, где закреплён отказ от территорий; — на Украине должны быть проведены выборы и референдум; — Украина отказывается от вступления в НАТО и закрепляет внеблоковый статус; — ограничение численности ВСУ; — русский язык на Украине должен быть защищён.	06.09.2026	21:54	Шпион РЦБ	06.09.2026 21:54:00	
Возможно	#Политика Украина, США и Европа продолжат переговоры о мире, — Зеленский. Он сообщил, что стороны договорились в ближайшее время провести новую встречу для продолжения диалога и обсуждения дальнейших шагов.	06.09.2026	21:56	Шпион РЦБ	06.09.2026 21:56:00	
Не важно	⚠️🇷🇺#акции #россия АССОЛЬ входит в зону повышенной турбулентности после того, как наконец-то дождалась Алых парусов и своего капитана Грея. График пока показывает "higher low" (=bullish), тем не менее, график пока не показывает "higher high" (=не очень bullish) — мониторинг	06.09.2026	22:05	Market Twits	06.09.2026 22:05:00	
Возможно	Возврат к трёхстороннему формату переговоров был бы продуктивным — Джаред Кушнер на пресс-конференции в Киеве Читать далее 👉 https://smartlab.news/i/203280 мы в max	06.09.2026	22:05	Смарт Лаб	06.09.2026 22:05:00	
Важно	❗️🇺🇦#событие #украина #геополитика Переговоры Зеленского с Уиткоффом и Кушнером завершились Зеленский: Если война будет продолжаться зимой, мы очень рассчитываем на зимний пакет, который сегодня подробно проговаривал со Стивом, Джаредом, с нашими европейскими партнерами. Рассчитываем на поддержку и ПВО, и энергетики, серьезный объем и возможности использования американского СПГ.	06.09.2026	22:08	Market Twits	06.09.2026 22:08:00	
Важно	❗️🇺🇦#событие #украина #геополитика Актуальным остается территориальный вопрос. Я думаю, что такие сложные вопросы могут решаться только на уровне лидеров. Мы договорились, что в ближайшее время Украина, Европа и Америка встретятся. — Зеленский	06.09.2026	22:18	Market Twits	06.09.2026 22:18:00	
Не важно	🇺🇸#трамп #акции ТРАМП: Я заработал сотни миллиардов долларов на акциях и многих других видах инвестиций для США, а не для себя, и за это меня не перестают критиковать радикальные левые «думократы». Очень несправедливо, но что поделать!	06.09.2026	22:19	Market Twits	06.09.2026 22:19:00	
Возможно	🛢🇺🇸🇮🇷#ормуз #трамп Трамп сегодня опубликовал картинку, где утверждается, что объем нефти, проходящей через Ормуз почти полностью восстановился! до конфликта было 20 млн баррелей в день, а сейчас уже, по предвыборной версии Трампа, через пролив проходит 18 млн баррелей в день... Одновременно, Секретарь Высшего совета нацбезопасности Ирана Мохсен Резаи заявил, что Ормузский пролив полностью закрыт, а так же, что меры Ирана в Ормузе будут ужесточены.	06.09.2026	22:29	Market Twits	06.09.2026 22:29:00	
Возможно	🚫🛢#ормуз #геополитика Сообщается о боях в Ормузе	06.09.2026	22:37	Market Twits	06.09.2026 22:37:00	
Возможно	🇺🇸🇮🇷#трамп #иран Трамп опубликовал будущую карту Ирана	06.09.2026	22:39	Market Twits	06.09.2026 22:39:00	
Возможно	Кушнер не уточнил, пойдёт ли Вашингтон на усиление санкций против России в случае отсутствия прогресса в переговорах по Украине — Трамп, с его слов, рассматривает конфликт через призму бизнес-подхода win-win и считает войну игрой с негативным результатом, в которой проигрывают все, а мир и бизнес - это игра с позитивным результатом "В мире нет таких реалий, как вечные враги или вечные союзники"- сообщил Джаред Кушнер на пресс-конференции в Киеве Читать далее 👉 https://smartlab.news/i/203281 мы в max	06.09.2026	22:40	Смарт Лаб	06.09.2026 22:40:00	
Не важно	🇺🇸#трамп #луна Луна - американская, говорит Трамп	06.09.2026	22:42	Market Twits	06.09.2026 22:42:00	
Не важно	🇺🇸#трамп #today Трамп продолжает видеть Вашингтона и проводить с ним время... а все раньше смеялись на Байденом, когда тот здоровался с невидимыми людьми	06.09.2026	22:49	Market Twits	06.09.2026 22:49:00	