Надо брать,Текст сообщения,Дата,Время,Канал,Тайминг,Тема,Обработано,Корректировка логики дублей
Важно,Акционеры Хэдхантер одобрили дивиденды за I полугодие 2026 года в размере 200 руб./акцию (ДД: 7%) Отсечка — 28 сентября #HEAD Читать далее 👉 https://smartlab.news/i/204716 мы в max,21.09.2026,8:03,СМАРТЛАБ НОВОСТИ,21.09.2026 8:03:14,HeadHunter,Дубль 1,
Важно,❗️🇷🇺#OZPH #дивиденд акционеры ОЗОН ФАРМАЦЕВТИКА одобрили дивиденды 1п 2026г 0.49 РУБ/АКЦ отсечка - 29 сентября,21.09.2026,13:48,MarketTwits,21.09.2026 13:48:40,Озон Фармацевтика,Дубль 1,Ошибка - Это не дубль новости про ХЭДХАНТЕР так как эа новость касается ОЗОН ФАРМАЦЕВТИКА 
Важно,❗️🇷🇺#HEAD #дивиденд акционеры ХЭДХАНТЕР одобрили дивиденды 1п 2026г 200 РУБ/АКЦ отсечка - 28 сентября,21.09.2026,8:01,MarketTwits,21.09.2026 8:01:09,HeadHunter,Дубль 1 (оригинал),
Важно,"⚠️🇺🇦#украина #геополитика Глава Союза потребителей коммунальных услуг Украины Попенко заявил, что эта зима для Украины станет ""зимой судного дня"" BBG ранее сообщал о том, что есть признаки того, что Россия накапливает ракетный запас для массивных зимних ударов по энергетике Украины и о том, что западные чиновники считают, что если Украина не сможет пережить эту зиму, то в конечном итоге проиграет войну. Ukraine Is Bracing for Worst Wartime Winter of Airstrikes",21.09.2026,22:07,MarketTwits,21.09.2026 22:07:30,Украина,Дубль 10,
Важно,⚠️🇺🇦#украина #геополитика С августа Россия значительно сократила использование баллистических ракет и чаще атакует Украину реактивными дронами. Это может свидетельствовать о подготовке ракетного запаса для зимних ударов по энергетике Украины — BBG Ukraine Is Bracing for Worst Wartime Winter of Airstrikes,21.09.2026,16:16,MarketTwits,21.09.2026 16:16:44,Украина,Дубль 10 (оригинал),
Важно,"#Макро СДВИГ ПО ТРАЕКТОРИИ БЮДЖЕТНОЙ ПОЛИТИКИ НЕ ИСКЛЮЧАЕТ СНИЖЕНИЯ СТАВКИ В 2027 Г, НО ЭТО БУДЕТ МЕДЛЕННЕЕ ОЖИДАНИЙ В НАЧАЛЕ ГОДА – ЗАМПРЕД ЦБ ЗАБОТКИН ЦБ РФ БУДЕТ ПРИНИМАТЬ РЕШЕНИЯ ПО КЛЮЧЕВОЙ СТАВКЕ ИСХОДЯ ИЗ ФАКТИЧЕСКИ СКЛАДЫВАЮЩИХСЯ ОБСТОЯТЕЛЬСТВ, ЧТОБЫ ВЫЙТИ НА РЕЗУЛЬТАТ В ""ТВЕРДУЮ ПЯТЕРКУ""",21.09.2026,16:32,Сигналы РЦБ,21.09.2026 16:32:21,ЦБ,Дубль 11,
Важно,"⚠️🇷🇺#дкп #россия СДВИГ ПО ТРАЕКТОРИИ БЮДЖЕТНОЙ ПОЛИТИКИ НЕ ИСКЛЮЧАЕТ СНИЖЕНИЯ СТАВКИ В 2027 Г, НО ЭТО БУДЕТ МЕДЛЕННЕЕ ОЖИДАНИЙ В НАЧАЛЕ ГОДА — ЗАБОТКИН, РИА",21.09.2026,16:31,MarketTwits,21.09.2026 16:31:45,ЦБ,Дубль 11 (оригинал),
Важно,⬆️⬆️⬆️🛢#бензин #today Трамп призывает Зеленского прекратить бить по энергетике России. Зеленский призывает Россию прекратить бить по энергетике Украины. Россия призывает Украину прекратить бить по энергетике России. — > Трамп призывает Зеленского прекратить бить по энергетике России. Зеленский призывает Россию прекратить бить по энергетике Украины. Россия призывает Украину прекратить бить по энергетике России. — > Трамп призывает Зеленского прекратить бить по энергетике России. Зеленский призывает Россию прекратить бить по энергетике Украины. Россия призывает Украину прекратить бить по энергетике России.,21.09.2026,17:04,MarketTwits,21.09.2026 17:04:14,Украина,Дубль 12,
Важно,"🇺🇦#украина #геополитика Рубио, как и Трамп, заявил, что очень хочет, чтобы украинский конфликт поскорее закончился Рубио выступил за прекращение огня по энергосистемам Украины и России",22.09.2026,14:45,MarketTwits,22.09.2026 14:45:10,Украина,Дубль 12,
Важно,"⚠️🇺🇦#украина #геополитика КОНСЕНСУС российских, украинских, западных аналитиков: ""Прорыва"" от встречи Трампа с Зеленским ждать не стоит. Зеленский попросит усилить давление на Россию, обсудит с Трампом прекращение ударов по энергетике... У Зеленского в этот раз есть новый козырь - высокие цены на дизель в США.... Зеленский - представитель ""глобалистов"" (анти Трамп). Трамп - уже ""хромая утка"". Ранее Зеленский открыто давал понять, что ""переживет"" Трампа на посту президента. Осталось подождать совсем немного. Кремль заявляет, что Зеленскому известны решения для устойчивого мира. Его ждут в Москве. СВО продолжается.",22.09.2026,14:55,MarketTwits,22.09.2026 14:55:46,Украина,Дубль 12,
Важно,🇺🇦#украина #геополитика Рубио назвал логичным для России прекращение конфликта на Украине.,23.09.2026,9:21,MarketTwits,23.09.2026 9:21:39,Украина,Дубль 12,
Важно,"#Политика СОГЛАСОВАТЬ ПРИОСТАНОВКУ УДАРОВ РФ И УКРАИНЫ ПО ОБЪЕКТАМ ЭНЕРГЕТИКИ — НЕПРОСТАЯ ЗАДАЧА — РУБИО РУБИО ПРИЗНАЛ, ЧТО ОГРАНИЧЕННЫЕ ИЛИ ВРЕМЕННЫЕ ПРЕКРАЩЕНИЯ ОГНЯ НА УКРАИНЕ НЕ ПРИВЕДУТ К ПРЕКРАЩЕНИЮ КОНФЛИКТА",23.09.2026,17:42,Сигналы РЦБ,23.09.2026 17:42:15,Украина,Дубль 12,
Важно,⚠️🇺🇦#украина #геополитика СОГЛАСОВАТЬ ПРИОСТАНОВКУ УДАРОВ РФ И УКРАИНЫ ПО ОБЪЕКТАМ ЭНЕРГЕТИКИ — НЕПРОСТАЯ ЗАДАЧА ИДЕЯ ПРИОСТАНОВКИ УДАРОВ ПО ЭНЕРГЕТИКЕ И АГРОЭКСПОРТУ НЕ РЕШИТ УКРАИНСКИЙ КОНФЛИКТ — РУБИО,23.09.2026,17:43,MarketTwits,23.09.2026 17:43:23,Украина,Дубль 12,
Важно,"Рубио: идея приостановки ударов по энергетике и агроэкспорту не решит украинский конфликт, но позволит облегчить ряд важных проблем Читать далее 👉 https://smartlab.news/i/205150 мы в max",23.09.2026,17:45,СМАРТЛАБ НОВОСТИ,23.09.2026 17:45:17,Украина,Дубль 12,
Важно,"❗️🇺🇦#украина #геополитика Зеленский говорит, что Украина прекратит бить по энергетике России, если Россия прекратит бить по энергетике Украины",21.09.2026,16:40,MarketTwits,21.09.2026 16:40:20,Украина,Дубль 12 (оригинал),
Важно,"Цель ЦБ зключается в том, чтобы инфляция «никого сильно не удивила»; для этого ключевая ставка будет реагировать на все поводы подобного удивления соразмерно и своевременно — Алексей Заботкин Читать далее 👉 https://smartlab.news/i/204834 мы в max",21.09.2026,17:59,СМАРТЛАБ НОВОСТИ,21.09.2026 17:59:30,ЦБ,Дубль 13,
Важно,"❗️🇷🇺#дкп #инфляция #россия ЦБ РФ БУДЕТ СВОЕВРЕМЕННО РЕАГИРОВАТЬ НА ЛЮБЫЕ ИЗМЕНЕНИЯ В ИНФЛЯЦИИ, ЧТОБЫ ТА НИКОГО НЕ УДИВИЛА — ЗАБОТКИН",21.09.2026,17:15,MarketTwits,21.09.2026 17:15:35,ЦБ,Дубль 13 (оригинал),
Важно,Бюджетный фактор в октябре вряд ли изменит траекторию ставки — Заботкин Читать далее 👉 https://smartlab.news/i/204830 мы в max,21.09.2026,17:47,СМАРТЛАБ НОВОСТИ,21.09.2026 17:47:13,ЦБ,Дубль 14,
Важно,❗️🇷🇺#дкп #россия ИЗМЕНЕНИЕ ТРАЕКТОРИИ СТАВКИ ИЗ-ЗА БЮДЖЕТНОГО ФАКТОРА В ОКТЯБРЕ МАЛОВЕРОЯТНО СОКРАЩЕНИЕ ЦЕНЫ ОТСЕЧЕНИЯ В БЮДЖЕТНОМ ПРАВИЛЕ ЯВЛЯЕТСЯ ДЕЗИНФЛЯЦИОННЫМ ФАКТОРОМ ОЗВУЧЕННЫЕ БЮДЖЕТНЫЕ ПРОЕКТИРОВКИ НЕСИЛЬНО ОТЛИЧАЮТСЯ ОТ ИЮЛЬСКИХ ПРОГНОЗОВ ЦБ — ЗАБОТКИН,21.09.2026,17:41,MarketTwits,21.09.2026 17:41:48,ЦБ,Дубль 14 (оригинал),
Важно,Вэнс: США продолжат усилия по мирному урегулированию на Украине и уверены в преодолении конфликта Читать далее 👉 https://smartlab.news/i/204833 мы в max,21.09.2026,17:55,СМАРТЛАБ НОВОСТИ,21.09.2026 17:55:46,Украина,Дубль 15,
Важно,❗️🇺🇦#украина #геополитика США НАМЕРЕНЫ ПРОДОЛЖАТЬ УСИЛИЯ ПО МИРНОМУ УРЕГУЛИРОВАНИЮ НА УКРАИНЕ — ВЭНС,21.09.2026,17:49,MarketTwits,21.09.2026 17:49:30,Украина,Дубль 15 (оригинал),
Важно,"Путин планирует посетить саммит АТЭС в Китае 18–19 ноября и, вероятно, пропустит G20 с Трампом — Bloomberg Читать далее 👉 https://smartlab.news/i/204837 мы в max",21.09.2026,18:23,СМАРТЛАБ НОВОСТИ,21.09.2026 18:23:42,,Дубль 16,
Важно,🇷🇺#россия #G20 #атэс Путин планирует посетить саммит АТЭС под руководством Си Цзиньпина и пропустить саммит G20 с участием Трампа — BBG Putin Plans to Attend Xi’s APEC Summit and Skip G20 With Trump,21.09.2026,18:17,MarketTwits,21.09.2026 18:17:46,,Дубль 16 (оригинал),
Важно,#Прогноз ЦБ РФ может снизить ставку еще 1-2 раза в этом году — Т-Инвестиции,21.09.2026,18:31,Сигналы РЦБ,21.09.2026 18:31:20,ЦБ,Дубль 17,
Важно,🇷🇺#дкп #россия #прогноз ЦБ РФ может снизить ставку еще 1-2 раза в этом году — Т-Инвестиции,21.09.2026,18:28,MarketTwits,21.09.2026 18:28:01,ЦБ,Дубль 17 (оригинал),
Важно,"❗️🇺🇦🇺🇸#украина #геополитика #событие Зеленский сегодня встретился с главой ЦРУ США Джоном Рэтклиффом в аэропорту Шеннон в Ирландии — RTRS Zelenskiy and US spy chief Ratcliffe meet in Ireland, sources say ожидается, что завтра вечером Зеленский и Трамп проведут встречу на полях ГА ООН",21.09.2026,23:00,MarketTwits,21.09.2026 23:00:47,Украина,Дубль 18,
Важно,Зеленский встретился с главой ЦРУ Рэтклиффом в Ирландии — источник Reuters Читать далее 👉 https://smartlab.news/i/204859 мы в max,21.09.2026,22:53,СМАРТЛАБ НОВОСТИ,21.09.2026 22:53:18,Украина,Дубль 18 (оригинал),
Важно,"🚫🛢🇫🇷 #бензин #франция #геополитика #украина Макрон сообщил, что обсудил с Трампом Украину и Россию. Среди прочего обсуждались инициативы направленные на обеспечение моратория между Украиной и Россией на атаки, связанные с энергетическим сектором. ранее сообщалось, что во Франции начался дефицит топлива, цены на дизель обновили рекорд, а Макрон призвал ЕК смягчить требования ЕС к качеству бензина",22.09.2026,7:28,MarketTwits,22.09.2026 7:28:57,Украина,Дубль 19,
Важно,"#Политика Мы будем вместе работать над тем, чтобы получить мораторий на удары по энергетическим объектам и по гражданским объектам на Украине"", - написал Макрон в соцсети X по итогам встречи с Трампом в Нью-Йорке.",22.09.2026,9:41,Сигналы РЦБ,22.09.2026 9:41:05,Украина,Дубль 19,
Важно,"#Политика Мы приложим все усилия, чтобы обеспечить скорейшее начало конструктивных переговоров между Россией и Украиной — Макрон Мораторий на удары по энергетической инфраструктуре и гражданским объектам и мораторий в Черном море, который позволил бы нам возобновить поставки зерна, решая вопросы продовольственной безопасности",22.09.2026,21:48,Сигналы РЦБ,22.09.2026 21:48:30,Украина,Дубль 19,
Важно,Макрон и Трамп обсудили возможный мораторий России и Украины на удары по энергетической инфраструктуре — Reuters Читать далее 👉 https://smartlab.news/i/204862 мы в max,22.09.2026,7:00,СМАРТЛАБ НОВОСТИ,22.09.2026 7:00:44,Украина,Дубль 19 (оригинал),
Важно,"🚫🛢🇭🇺🇺🇦#бензин #украина #венгрия Венгрия не допустит строительства на своей территории хранилища нефтепродуктов для Украины, заявил ПМ Венгрии Мадьяр — BBG Hungarian PM Rejects Report on Joint Fuel Reserve With Ukraine ———————————- ранее сообщалось, что Нафтогаз и венгерская MOL подписали меморандум о строительстве мощностей по хранению нефтепродуктов на территории Венгрии",21.09.2026,22:32,MarketTwits,21.09.2026 22:32:03,Украина,Дубль 2,
Важно,"🛢🇭🇺🇺🇦#бензин #украина #венгрия Украинский «Натфтогаз» и венгерская компания MOL подписали меморандум о строительстве мощностей по хранению нефтепродуктов на территории Венгрии, сообщил Нафтогаз",21.09.2026,9:35,MarketTwits,21.09.2026 9:35:11,Украина,Дубль 2 (оригинал),
Важно,Трамп намерен потребовать от Зеленского прекращения ударов по российским НПЗ из-за риска дефицита дизеля — The Guardian Читать далее 👉 https://smartlab.news/i/204872 мы в max,22.09.2026,8:22,СМАРТЛАБ НОВОСТИ,22.09.2026 8:22:06,Украина,Дубль 20,
Важно,"🛢🇷🇺#бензин #россия #геополитика Трамп во время сегодняшней встречи будет давить на Зеленского и настаивать на прекращении ударов по российским НПЗ, — The Guardian",22.09.2026,8:16,MarketTwits,22.09.2026 8:16:23,Украина,Дубль 20 (оригинал),
Важно,"Чистая прибыль ДОМ.PФ по МСФО за 8 месяцев 2026 года выросла на 40% г/г до 76,6 млрд руб #DOMRF Читать далее 👉 https://smartlab.news/i/204891 мы в max",22.09.2026,10:19,СМАРТЛАБ НОВОСТИ,22.09.2026 10:19:42,ДОМ.РФ,Дубль 21,
Важно,"#DOMRF #Отчетность Финансовые результаты ДОМ.PФ за 8 месяцев 2026 года: Чистая прибыль: 76,6 млрд рублей | +40% (г/г) Активы: 7 трлн рублей | +10% (за 8 мес. 2026 года) Рентабельность капитала (ROE): 23,6% Чистые процентные доходы: 120 млрд рублей | +26% (г/г) Чистые комиссионные доходы: 31 млрд рублей | +46% (г/г)",22.09.2026,10:29,Сигналы РЦБ,22.09.2026 10:29:05,ДОМ.РФ,Дубль 21,
Важно,"М.Видео сообщила о нехватке оборотных средств и задержках выплат поставщикам — РБК #MVID Официальный комментарий пресс-службы М.Видео: В отчетности за 1 полугодие 2026 года указано, что компания М.Видео договорилась с одним из ключевых кредиторов об открытии кредитной линии на 17,5 млрд руб. со сроком погашения в сентябре 2033 г. Привлеченные средства направляю на расчёты с поставщиками, развитие ключевых направлений бизнеса Компании, включая реализацию новой стратегии по построению мультикатегорийного маркетплейса с развитой офлайн-розницей и сетью партнерских ПВЗ и постаматов. М.Видео последовательно развивает агентскую модель работы с ключевыми поставщиками бытовой техники и электроники. Об успешном переходе на эту схему подробно рассказал в своём выступлении коммерческий директор компании Сергей Уваров. Масштаб внедрения подтверждает востребованность модели: как ранее сообщала компания, уже во втором полугодии 2025 года на неё было переведено более половины ключевых поставщиков гаджетов, крупной и малой бытовой техники. Агентская схема — долгосрочная составляющая трансформации бизнеса М.Видео. Компания принимает товары партнёров на реализацию без предварительного выкупа и получает комиссионное вознаграждение, а расчёты с поставщиками осуществляются по факту продаж в предусмотренные договорами сроки. Такой подход снижает потребность в финансировании закупок, факторинге, банковских гарантиях и страховых лимитах, позволяя развивать менее капиталоёмкую модель бизнеса. Агентскую модель необходимо отличать как от классической закупочной схемы 1P, так и от работы с 3P-продавцами маркетплейса. Продавцы маркетплейса присоединяются к единой оферте, тогда как агентские контракты заключаются на индивидуальных условиях с каждым конкретным поставщиком. Это касается в том числе коммерческих параметров сотрудничества, порядка и сроков перечисления денежных средств. Партнёрские форматы занимают всё более значимое место в продажах компании. В первом квартале 2026 года совокупная доля агентских и 3P-продаж достигла около 35% общего оборота М.Видео. Этот показатель отражает суммарный вклад двух самостоятельных форматов сотрудничества. Компания ранее обозначила планы дальнейшего увеличения их совокупной доли. На динамику продаж и взаиморасчётов влияет сезонность. Летний период традиционно относится к низкому сезону на рынке бытовой техники и электроники. На этом фоне в расчётах с отдельными поставщиками могут возникать временные разрывы. Такие вопросы решаются адресно, в прямом диалоге с партнёрами и с учётом условий конкретных договоров. Вопрос об оплате компании «Мост» будет урегулирован в самое ближайшее время. Партнёр, который в своём выступлении подтвердил успешные продажи через каналы М.Видео, получит все причитающиеся ему денежные средства за реализованные товары. Ситуация носит частный характер. М.Видео поддерживает постоянный контакт со всеми партнёрами, чтобы обеспечивать прозрачные условия взаимодействия и решать возникающие вопросы. Читать далее 👉 https://smartlab.news/i/204990 мы в max",22.09.2026,17:28,СМАРТЛАБ НОВОСТИ,22.09.2026 17:28:46,М.Видео,Дубль 21,"Ошибка. Не является дублем ""Дубль 21 (оригинал)"" так как касаетс якомпании М.Видео а не Дом. РФ"
Важно,"🇷🇺#DOMRF #отчетность ЧИСТАЯ ПРИБЫЛЬ ДОМРФ ПО МСФО ЗА 8 МЕСЯЦЕВ 2026 ГОДА СОСТАВИЛА 76,6 МЛРД РУБ (+40% Г/Г) — ОТЧЕТ Результаты ДОМРФ за 8 месяцев и традиционное сезонное ускорение развития бизнеса во 2 полугодии позволяют нам рассчитывать на выполнение годовых финансовых целей и дальнейшее увеличение дивидендных выплат. — компания",22.09.2026,10:15,MarketTwits,22.09.2026 10:15:15,ДОМ.РФ,Дубль 21 (оригинал),
Важно,"#Политика РОССИЯ РАССМОТРИТ ПРЕДЛОЖЕНИЕ УКРАИНЫ ВСТРЕТИТЬСЯ НА ГЕНАССАМБЛЕЕ ООН, ЕСЛИ КИЕВ С ТАКИМ ОБРАЩЕНИЕМ ВЫСТУПИТ - МИД РФ РИА НОВОСТИ",22.09.2026,11:15,Сигналы РЦБ,22.09.2026 11:15:27,Украина,Дубль 22,
Важно,"Россия рассмотрит предложение Украины встретиться на Генассамблее ООН, если Киев с таким обращением выступит — замглавы МИД РФ Александр Алимов Читать далее 👉 https://smartlab.news/i/204903 мы в max",22.09.2026,11:18,СМАРТЛАБ НОВОСТИ,22.09.2026 11:18:20,Украина,Дубль 22,
Важно,"#Политика ПЕСКОВ: ОТКАЗ США ВЫДАТЬ ВИЗУ ЗАМГЛАВЫ МИД РФ АЛИМОВУ ДЛЯ ПОЕЗДКИ НА ГА ООН ЯВЛЯЕТСЯ НЕДРУЖЕСТВЕННЫМ ДЕЙСТВИЕМ И ПРОТИВОРЕЧИТ ОБЯЗАТЕЛЬСТВАМ США КАК ШТАБ-КВАРТИРЫ ООН ❗️ИНИЦИАТИВА ТУРЦИИ О ПРЕКРАЩЕНИИ УДАРОВ ПО СУДАМ В ЧЕРНОМ МОРЕ ОБСУЖДАЛАСЬ НА ВСТРЕЧЕ ПУТИНА И ЭРДОГАНА НА НЕДАВНЕЙ ВСТРЕЧЕ В БИШКЕКЕ, ИДЕТ ДИПЛОМАТИЧЕСКАЯ ПЕРЕПИСКА РОССИЯ ВЫСТУПАЕТ ЗА ПРОЧНЫЙ МИР ПО УКРАИНЕ НАВСЕГДА, А НЕ ЗА ВРЕМЕННОЕ ПЕРЕМИРИЕ КИЕВ ПРЕКРАСНО ЗНАЕТ, КАКИЕ РЕШЕНИЯ ОН ДОЛЖЕН ПРИНЯТЬ, ЧТОБЫ ВЫЙТИ НА ДОРОГУ К УСТОЙЧИВОМУ МИРУ НА УКРАИНЕ",22.09.2026,12:56,Сигналы РЦБ,22.09.2026 12:56:36,Украина,Дубль 22,
Важно,"❗️🇺🇦#украина #геополитика РОССИЯ РАССМОТРИТ ПРЕДЛОЖЕНИЕ УКРАИНЫ ВСТРЕТИТЬСЯ НА ГЕНАССАМБЛЕЕ ООН, ЕСЛИ КИЕВ С ТАКИМ ОБРАЩЕНИЕМ ВЫСТУПИТ - МИД РФ РИА НОВОСТИ",22.09.2026,10:25,MarketTwits,22.09.2026 10:25:31,Украина,Дубль 22 (оригинал),
Важно,Встреча Лаврова и Рубио ожидается 23 сентября в Нью-Йорке — директор департамента МИД Читать далее 👉 https://smartlab.news/i/204895 мы в max,22.09.2026,10:39,СМАРТЛАБ НОВОСТИ,22.09.2026 10:39:20,,Дубль 23,
Важно,🇺🇦#украина #геополитика Госдеп анонсировал встречу Лаврова и Рубио 23 сентября в Нью-Йорке 16:00мск,23.09.2026,7:00,MarketTwits,23.09.2026 7:00:21,Украина,Дубль 23,
Важно,❗️🇷🇺🇺🇸#событие #сша #россия #украина ЛАВРОВ И РУБИО НАЧАЛИ ВСТРЕЧУ В НЬЮ-ЙОРКЕ,23.09.2026,16:19,MarketTwits,23.09.2026 16:19:19,Украина,Дубль 23,"Ошибка. Не является дублем новости ""❗️🇺🇦#украина #геополитика #событие ВСТРЕЧА ЛАВРОВА И РУБИО ОЖИДАЕТСЯ 23 СЕНТЯБРЯ В НЬЮ-ЙОРКЕ, ЗАЯВИЛ ГЛАВА ДЕПАРТАМЕНТА МИД РФ В ИНТЕРВЬЮ ТАСС ——————————— Лавров ранее заявил, что планирует встретиться с Рубио на полях генассамблеи ООН, чтобы прояснить статус США в украинском конфликте"" так как это факт начала встечи а не факт того что она будет в будущем"
Важно,#Политика Началась встреча Лаврова и Рубио в Нью-Йорке — Интерфакс,23.09.2026,16:20,Сигналы РЦБ,23.09.2026 16:20:33,,Дубль 23,"Ошибка. Не является дублем новости ""❗️🇺🇦#украина #геополитика #событие ВСТРЕЧА ЛАВРОВА И РУБИО ОЖИДАЕТСЯ 23 СЕНТЯБРЯ В НЬЮ-ЙОРКЕ, ЗАЯВИЛ ГЛАВА ДЕПАРТАМЕНТА МИД РФ В ИНТЕРВЬЮ ТАСС ——————————— Лавров ранее заявил, что планирует встретиться с Рубио на полях генассамблеи ООН, чтобы прояснить статус США в украинском конфликте"" так как это факт начала встечи а не факт того что она будет в будущем"
Важно,"❗️🇺🇦#украина #геополитика #событие ВСТРЕЧА ЛАВРОВА И РУБИО ОЖИДАЕТСЯ 23 СЕНТЯБРЯ В НЬЮ-ЙОРКЕ, ЗАЯВИЛ ГЛАВА ДЕПАРТАМЕНТА МИД РФ В ИНТЕРВЬЮ ТАСС ——————————— Лавров ранее заявил, что планирует встретиться с Рубио на полях генассамблеи ООН, чтобы прояснить статус США в украинском конфликте",22.09.2026,10:36,MarketTwits,22.09.2026 10:36:17,Украина,Дубль 23 (оригинал),
Важно,🇷🇺#AKRN #дивиденд 24 сентября - Акрон - сд по дивидендам из нераспределенной прибыли прошлых периодов,22.09.2026,12:17,MarketTwits,22.09.2026 12:17:49,Акрон,Дубль 24,
Важно,24 сентября 2026 г - Акрон - СД решит по дивидендам #AKRN Читать далее 👉 https://smartlab.news/i/204913 мы в max,22.09.2026,12:15,СМАРТЛАБ НОВОСТИ,22.09.2026 12:15:57,Акрон,Дубль 24 (оригинал),
Важно,Песков: Путин сегодня встретится с главой Сбербанка Грефом #SBER Читать далее 👉 https://smartlab.news/i/204922 мы в max,22.09.2026,12:42,СМАРТЛАБ НОВОСТИ,22.09.2026 12:42:49,Сбербанк,Дубль 25,
Важно,❗️🇷🇺#SBER ПУТИН ВО ВТОРНИК ВСТРЕТИТСЯ С ГЛАВОЙ СБЕРБАНКА ГРЕФОМ — ПЕСКОВ,22.09.2026,12:40,MarketTwits,22.09.2026 12:40:57,Сбербанк,Дубль 25 (оригинал),
Важно,Макрон настаивает на энергетическом перемирии между Украиной и Россией — Politico Читать далее 👉 https://smartlab.news/i/204975 мы в max,22.09.2026,16:25,СМАРТЛАБ НОВОСТИ,22.09.2026 16:25:43,Украина,Дубль 26,"Ошибка. Не является дублей новости  ""Зеленский сегодня встретится с Трампом в ООН и будет настаивать на энергетическом перемирии с Россией — Reuters Читать далее 👉 https://smartlab.news/i/204921 мы в max"" так как это Заявления Макрона"
Важно,Зеленский сегодня встретится с Трампом в ООН и будет настаивать на энергетическом перемирии с Россией — Reuters Читать далее 👉 https://smartlab.news/i/204921 мы в max,22.09.2026,12:41,СМАРТЛАБ НОВОСТИ,22.09.2026 12:41:33,Украина,Дубль 26 (оригинал),
Важно,"🚫🇮🇷#иран #санкции #авиа Туристические компании Ирака уведомляют клиентов о том, что с 23 сентября 2026 года, начиная с 00:00 по местному времени, международный аэропорт Багдада больше не будет принимать рейсы иранских авиакомпаний. ————————————- Ранее Бессент заявил, что с 23 сентября все иранские авиакомпании по всему миру прекратят свою деятельность и пригрозил отключить от долларовой системы все страны, которые будут принимать иранские самолеты с 23 сентября. США проводят против Ирана операцию «Экономический изгой», направленную на тотальную экономическую изоляцию Тегерана посредством санкций.",22.09.2026,19:26,MarketTwits,22.09.2026 19:26:28,Иран,Дубль 27,
Важно,"⚠️🇺🇸🇮🇷#санкции #иран #авиа Бессент пригрозил отключить от долларовой системы все страны, которые будут принимать иранские самолеты после 22 сентября #дедолларизация",22.09.2026,14:42,MarketTwits,22.09.2026 14:42:42,Иран,Дубль 27 (оригинал),
Важно,"#Макро ИНФЛЯЦИОННЫЕ ОЖИДАНИЯ НАСЕЛЕНИЯ РФ В СЕНТЯБРЕ ВЫРОСЛИ ДО 14,2% С 13,7% В АВГУСТЕ - ОПРОС ПО ЗАКАЗУ ЦБ",22.09.2026,14:48,Сигналы РЦБ,22.09.2026 14:48:20,ЦБ,Дубль 28,
Важно,"⚠️🇷🇺#инфляция #россия ИНФЛЯЦИОННЫЕ ОЖИДАНИЯ НАСЕЛЕНИЯ РФ В СЕНТЯБРЕ ВЫРОСЛИ ДО 14,2% С 13,7% В АВГУСТЕ -- ОПРОС ЦБ",22.09.2026,14:46,MarketTwits,22.09.2026 14:46:25,ЦБ,Дубль 28 (оригинал),
Важно,"Рубио: США обеспокоены, что в ряде случаев, связанные с США суда, перевозящие нефть, подвергались атакам со стороны Украины Читать далее 👉 https://smartlab.news/i/204957 мы в max",22.09.2026,15:15,СМАРТЛАБ НОВОСТИ,22.09.2026 15:15:12,Украина,Дубль 29,
Важно,"❗️🇺🇦#украина #геополитика Вашингтон обеспокоен тем, что связанные с США суда с нефтью подвергались атакам со стороны Киева, и считает, что так не может продолжаться — Рубио",22.09.2026,15:07,MarketTwits,22.09.2026 15:07:32,Украина,Дубль 29 (оригинал),
Важно,#Политика ПОКА ПОДВИЖЕК В ВОПРОСЕ ВОЗОБНОВЛЕНИЯ ТРЕХСТОРОННИХ ПЕРЕГОВОРОВ ПО УКРАИНЕ НЕТ — Песков,21.09.2026,10:56,Сигналы РЦБ,21.09.2026 10:56:52,Украина,Дубль 3,
Важно,"Песков: Пока никаких подвижек в переговорном процессе по Украине нет «Мы надеемся, что все-таки мы выйдем на возобновление трехсторонних переговоров и предпримем еще одну попытку по достижению наших целей мирным путем» Читать далее 👉 https://smartlab.news/i/204744 мы в max",21.09.2026,11:00,СМАРТЛАБ НОВОСТИ,21.09.2026 11:00:58,Украина,Дубль 3,
Важно,⚠️🇺🇦#украина #геополитика ПОКА ПОДВИЖЕК В ВОПРОСЕ ВОЗОБНОВЛЕНИЯ ТРЕХСТОРОННИХ ПЕРЕГОВОРОВ ПО УКРАИНЕ НЕТ РОССИЯ ПРОДОЛЖАЕТ СВО -- ПЕСКОВ,21.09.2026,10:54,MarketTwits,21.09.2026 10:54:27,Украина,Дубль 3 (оригинал),
Важно,Минфин РФ 23 сентября проведёт аукционы по размещению ОФЗ-ПД 26249 и 26253 Читать далее 👉 https://smartlab.news/i/204969 мы в max,22.09.2026,15:57,СМАРТЛАБ НОВОСТИ,22.09.2026 15:57:23,,Дубль 30,
Важно,❗️🇷🇺#офз #аукционы 23 сентября - Минфин РФ проведет аукционы по размещению ОФЗ 26249 и 26253,22.09.2026,15:53,MarketTwits,22.09.2026 15:53:43,,Дубль 30 (оригинал),
Важно,#Политика 👌 Трамп призвал Путина завершить украинский конфликт,22.09.2026,16:43,Сигналы РЦБ,22.09.2026 16:43:22,Украина,Дубль 31,
Важно,Зеленский надеется завершить конфликт на Украине до зимы при помощи Трампа Читать далее 👉 https://smartlab.news/i/205016 мы в max,22.09.2026,21:41,СМАРТЛАБ НОВОСТИ,22.09.2026 21:41:26,Украина,Дубль 31,
Важно,"❗️🇺🇦#украина #геополитика Трамп призвал Путина завершить украинский конфликт Трамп выступает перед журналистами в ООН, говорит, что хочет урегулировать конфликт",22.09.2026,16:42,MarketTwits,22.09.2026 16:42:21,Украина,Дубль 31 (оригинал),
Важно,ЕС продлил санкции против России на три года и исключил Усманова и Фридмана — Reuters Читать далее 👉 https://smartlab.news/i/204993 мы в max,22.09.2026,17:42,СМАРТЛАБ НОВОСТИ,22.09.2026 17:42:45,,Дубль 32,
Важно,🇪🇺🇷🇺#санкции #россия ПОСЛЫ ЕС СОГЛАСОВАЛИ СНЯТИЕ САНКЦИЙ С УСМАНОВА И ФРИДМАНА НА ФОНЕ ДАВЛЕНИЯ СО СТОРОНЫ ФРАНЦИИ И ЛЮКСЕМБУРГА — RTRS ЕС ПРОДЛИЛ САНКЦИИ ПРОТИВ РОССИИ НА ТРИ ГОДА И ИСКЛЮЧИЛ УСМАНОВА И ФРИДМАНА,22.09.2026,17:42,MarketTwits,22.09.2026 17:42:15,,Дубль 32 (оригинал),
Важно,"#Политика Думаю, нам удастся урегулировать конфликт России и Украины быстрее чем кажется — Трамп США и Иран также заключат сделку — Трамп",22.09.2026,17:48,Сигналы РЦБ,22.09.2026 17:48:42,Украина,Дубль 33,
Важно,"Трамп: - США тесно сотрудничают с лидерами России и Украины и добьются результата. - Трамп уверен, что конфликт на Украине удастся урегулировать быстрее, чем принято думать. Читать далее 👉 https://smartlab.news/i/204995 мы в max",22.09.2026,17:49,СМАРТЛАБ НОВОСТИ,22.09.2026 17:49:17,Украина,Дубль 33,
Важно,"🇺🇸#трамп #оон #сша Трамп в ГА ООН: - закончил 8 войн, спас 300 млн человек - работаем над Россией и Украиной, закончим этот конфликт, думаю быстрее, чем кажется - заключим сделку с Ираном так или иначе - сп**дили Мадуро на благо венесуэльского народа смотреть на русском",22.09.2026,17:48,MarketTwits,22.09.2026 17:48:01,Украина,Дубль 33 (оригинал),
Важно,"#Политика ТРАМП ЗАЯВИЛ, ЧТО НАМЕРЕН ЗАДЕЙСТВОВАТЬ ЗАКОН О МАСШТАБНЫХ САНКЦИЯХ ПРОТИВ РОССИИ Трамп заявил, что подписал закон об ""адских санкциях"" против России, но их применение будет зависеть от ситуации вокруг Украины. Он добавил, что задействует санкции, если сочтет это необходимым.",22.09.2026,17:59,Сигналы РЦБ,22.09.2026 17:59:21,Украина,Дубль 34,
Важно,"Трамп: если будет необходимо, я задействую закон о масштабных санкциях против России Читать далее 👉 https://smartlab.news/i/204998 мы в max",22.09.2026,18:00,СМАРТЛАБ НОВОСТИ,22.09.2026 18:00:07,,Дубль 34,
Важно,⚠️🇺🇸🇷🇺#санкции #россия ТРАМП: - рассмотрю адские санкции против России,22.09.2026,20:54,MarketTwits,22.09.2026 20:54:47,,Дубль 34,
Важно,"Зеленский: - Мы с Трампом обсудили энергетическое перемирие и способы прекращения войны; Украина готова к любому формату энергетического перемирия. - Если зимой будет война, то нам будет не просто. - Зеленский утверждает, что Трамп дал согласие на предоставление Украине лицензии на производство ракет Patriot. - Готов встретиться с Путиным в трехстороннем формате с Трампом. - Трамп не требовал от Украины прекратить удары по энергетике. - Украина рассчитывает на применение закона об адских санкциях против России. Читать далее 👉 https://smartlab.news/i/205018 мы в max",22.09.2026,21:57,СМАРТЛАБ НОВОСТИ,22.09.2026 21:57:03,Украина,Дубль 34,
Важно,"#Политика Если зимой будет война, то нам будет не просто — Зеленский",22.09.2026,21:59,Сигналы РЦБ,22.09.2026 21:59:16,Украина,Дубль 34,
Важно,#Политика Трамп дал согласие на предоставление Украине лицензии на производство ракет Patriot — Зеленский,22.09.2026,22:00,Сигналы РЦБ,22.09.2026 22:00:42,Украина,Дубль 34,
Важно,"#Политика УКРАИНА НАДЕЕТСЯ, ЧТО ТРАМП ВОСПОЛЬЗУЕТСЯ ЗАКОНОМ ОБ АДСКИХ САНКЦИЯХ, ЕСЛИ ПУТИН ОТКАЖЕТСЯ ОТ ДЕЭСКАЛАЦИИ — ЗЕЛЕНСКИЙ",22.09.2026,22:09,Сигналы РЦБ,22.09.2026 22:09:34,Украина,Дубль 34,
Важно,"🇺🇸#трамп #оон #сша Трамп в ГА ООН: - подписал ""адские санкции"" против России - нужно решить по Украине - если нужно будет задействовать санкции против России, я это сделаю смотреть на русском",22.09.2026,17:57,MarketTwits,22.09.2026 17:57:31,Украина,Дубль 34 (оригинал),
Важно,"Трамп проводит двустороннюю встречу с Зеленским - Мы с Зеленским работаем над решением, которое положит конец войне; Украина заключит сделку; мы часто обсуждаем это, в том числе и с Путиным. - Удары по НПЗ внутри России — серьёзный удар по России и серьёзный удар по ценам на дизельное топливо. - Путин готов встретиться, чтобы положить конец войне. - Обсужу с Зеленским ракеты Patriot. - США изучают применение закона об ужесточении санкций против РФ. - Зеленский заявил, что МВФ поможет Украине найти средства на следующий год. Про Иран - Ранее американские официальные лица встречались с иранской делегацией в течение трех часов. - Встреча с Ираном прошла очень хорошо. - Встреча с Ираном была очень продуктивной; в ближайшем будущем запланирована еще одна. Читать далее 👉 https://smartlab.news/i/205014 мы в max",22.09.2026,20:49,СМАРТЛАБ НОВОСТИ,22.09.2026 20:49:21,Украина,Дубль 35,
Важно,"🇺🇸🇺🇦#сша #украина #геополитика #оон Трамп на встрече с Зеленским на полях ООН: - мы с Зеленским ищем решение, которое положит конец войне - хорошие отношения с Зеленским - думаю будет сделка - говорим с Зеленским и Путиным - удары вглубь России это серьезный удар по ценам на дизель",22.09.2026,20:48,MarketTwits,22.09.2026 20:48:52,Украина,Дубль 35 (оригинал),
Важно,"🇺🇸🇺🇦#украина #геополитика Встреча Зеленского и Трампа в Нью-Йорке завершилась — переговоры длились около 40 минут даже высокие цены на дизель толком не успели обсудить, переживают эксперты ❗️Уиткофф, Кушнер и Бессент присутствовали на встрече",22.09.2026,21:45,MarketTwits,22.09.2026 21:45:28,Украина,Дубль 36,
Важно,Переговоры Зеленского и Трампа в Нью-Йорке завершились. Встреча длилась около 40 минут Читать далее 👉 https://smartlab.news/i/205017 мы в max,22.09.2026,21:46,СМАРТЛАБ НОВОСТИ,22.09.2026 21:46:46,Украина,Дубль 36,
Важно,#Политика Закрытая встреча Трампа и Зеленского завершилась: переговоры длились около 40 минут,22.09.2026,21:44,Сигналы РЦБ,22.09.2026 21:44:28,Украина,Дубль 36 (оригинал),
Важно,#Политика Мы с Трампом обсуждали прекращение огня в энергетической сфере и способы прекращения войны — Зеленский Украина готова к любому формату прекращения огня в энергетической сфере,22.09.2026,21:56,Сигналы РЦБ,22.09.2026 21:56:50,Украина,Дубль 37,
Важно,"🛢🇺🇦🇷🇺#украина #геополитика #бензин Зеленский заявил, что Украина готова к любому формату энергетического перемирия ""Мы с Трампом обсуждали энергетическое перемирие и способы прекращения войны. Украина готова к любому формату энергетического перемирия."" Мы готовы к энергетическому перемирию: если РФ не будет бить по нашей энергетике — Украина также прекратит удары по их энергообъектам, — Зеленский Если зимой будет война, то нам будет не просто — Зеленский Трамп хочет положить конец войне. Он сказал, что сделает все возможное, чтобы положить конец этой войне, — Зеленский",22.09.2026,21:56,MarketTwits,22.09.2026 21:56:15,Украина,Дубль 37 (оригинал),
Важно,"Уиткофф и Кушнер сегодня обсудят с украинской командой и советниками Британии, Франции и Германии сделку по деэскалации с Россией — источники Axios Читать далее 👉 https://smartlab.news/i/205023 мы в max",22.09.2026,23:21,СМАРТЛАБ НОВОСТИ,22.09.2026 23:21:47,Украина,Дубль 38,
Важно,"❗️🇺🇦#украина #геополитика Уиткофф и Кушнер сегодня вечером встретятся в Нью-Йорке с украинской переговорной группой и советниками по национальной безопасности Британии, Франции и Германии, чтобы обсудить предложения Украины по деэскалации конфликта с Россией — AXIOS",22.09.2026,23:15,MarketTwits,22.09.2026 23:15:07,Украина,Дубль 38 (оригинал),
Важно,"🇪🇺🇺🇦#европа #украина Фон дер Ляйен требует от Зеленского ""реформ"" для продолжения и увеличения финансирования: сокращение теневой экономики, увеличение налоговых поступлений и сближение украинских норм с законодательством ЕС. На этом фоне встреча фон дер Ляйен с Зеленским в Нью-Йорке прошла напряженно. — BBG EU Tells Ukraine to Bolster Rule of Law Before It Gets More Aid",23.09.2026,7:07,MarketTwits,23.09.2026 7:07:43,Украина,Дубль 39,
Важно,Встреча Фон дер Ляйен и Зеленского в Нью-Йорке прошла напряженно из-за обсуждения дальнейшего финансирования Киева. ЕС требует от Украины укрепить верховенство права для получения новой помощи — BBG Читать далее 👉 https://smartlab.news/i/205024 мы в max,23.09.2026,7:00,СМАРТЛАБ НОВОСТИ,23.09.2026 7:00:12,Украина,Дубль 39 (оригинал),
Важно,🇷🇺#MVID #spo М.Видео начинает допразмещение 500 млн акций по закрытой подписке по 49.90 руб/акц — релиз,22.09.2026,9:54,MarketTwits,22.09.2026 9:54:30,М.Видео,Дубль 4,
Важно,"❗️🇷🇺#MVID #spo М.ВИДЕО - ЦЕНА ДОПЭМИССИИ 49.90 РУБ/АКЦ закрытая подписка 500 млн акций ——————————— Мажоритарные и крупные акционеры и инвесторы ранее уже подтверждали свое участие в допэмиссии. Привлеченные средства будут направлены на развитие ключевых направлений бизнеса Компании, включая реализацию новой стратегии по построению мультикатегорийного маркетплейса с развитой офлайн-розницей и сетью партнерских ПВЗ и постаматов. — компания Акционерам, голосовавшим против или не принимавшим участия в голосовании по вопросу об увеличении уставного капитала ПАО «М.видео» путем размещения дополнительных обыкновенных акций по закрытой подписке, с 22 сентября 2026 года в течение 45 календарных дней предоставляется преимущественное право приобретения дополнительно размещаемых акций в количестве, пропорциональном количеству принадлежащих им обыкновенных акций ПАО «М.видео». Дата, на которую определяются (фиксируются) лица, имеющие преимущественное право приобретения размещаемых ценных бумаг, — 26 мая 2026 года.",21.09.2026,12:00,MarketTwits,21.09.2026 12:00:24,М.Видео,Дубль 4 (оригинал),
Важно,"Инфляционные ожидания россиян в сентябре выросли до 14,2% из-за топливного кризиса и ослабления рубля — Ведомости Читать далее 👉 https://smartlab.news/i/205031 мы в max",23.09.2026,7:48,СМАРТЛАБ НОВОСТИ,23.09.2026 7:48:52,ЦБ,Дубль 40,
Важно,"⚠️🇷🇺#инфляция #дкп #россия Инфляционные ожидания россиян в сентябре выросли до 14,2%. Показатель вернулся к июльскому уровню, когда инфляционные ожидания поднялись до максимума с марта 2022 г. и составили 14,7%. Возвращение показателя к максимумам может насторожить ЦБ и продлить период паузы в решениях по ставке — Ведомости",23.09.2026,7:39,MarketTwits,23.09.2026 7:39:16,ЦБ,Дубль 40 (оригинал),
Важно,"⚠️🇺🇦#украина #геополитика ПОКА ПРЕДПОСЫЛОК ДЛЯ ВЫХОДА НА МИРНЫЕ ПЕРЕГОВОРЫ ПО УКРАИНЕ НЕТ, ХОТЯ РОССИЯ СОХРАНЯЕТ СВОЮ ОТКРЫТОСТЬ ДЛЯ НИХ МИЛИТАРИЗАЦИЯ УКРАИНЫ ПРОДОЛЖАЕТСЯ, СТРАНЫ ЕВРОПЫ ПЫТАЮТСЯ ИЗЫСКИВАТЬ НОВЫЕ ДЕНЬГИ ДЛЯ ЗАКУПКИ ВООРУЖЕНИЙ ЗЕЛЕНСКИЙ ПРЕКРАСНО ЗНАЕТ, КАКИЕ ДОЛЖЕН ПРИНЯТЬ РЕШЕНИЯ ДЛЯ МИРНОГО УРЕГУЛИРОВАНИЯ И МОЖЕТ ПРИЕХАТЬ В МОСКВУ, БЕЗОПАСНОСТЬ ЕМУ ГАРАНТИРОВАНА, НО ДО ЭТОГО ДОЛЖНА БЫТЬ ПРОДЕЛАНА РАБОТА НА УРОВНЕ ЭКСПЕРТОВ КОНКРЕТИКИ ПО НОВОЙ ВСТРЕЧЕ ПУТИНА И ТРАМПА ПОКА НЕТ - ПЕСКОВ",23.09.2026,12:14,MarketTwits,23.09.2026 12:14:27,Украина,Дубль 41,
Важно,"Песков: Владимир Путин готов к новой встрече с Дональдом Трампом Что касается Зеленского, то он все еще может приехать в Москву. Гарантии безопасности ему будут предоставлены- Пока никаких предпосылок для выхода на мирный трек нет - Пока по встречам на высшем уровне никакой конкретики нет Читать далее 👉 https://smartlab.news/i/205077 мы в max",23.09.2026,12:15,СМАРТЛАБ НОВОСТИ,23.09.2026 12:15:35,Украина,Дубль 41,
Важно,"Песков: Предпосылок для выхода на мирные переговоры по Украине пока нет, хотя Россия сохраняет открытость к ним Читать далее 👉 https://smartlab.news/i/205078 мы в max",23.09.2026,12:19,СМАРТЛАБ НОВОСТИ,23.09.2026 12:19:03,Украина,Дубль 41,
Важно,"Песков: Зеленский может приехать в Москву для встречи с Путиным, ему будут предоставлены гарантии безопасности. Встреча возможна после работы на экспертном уровне, иначе будет пустой тратой времени ""Зеленский прекрасно знает, какие решения нужно принять, чтобы такая встреча состоялась"" Читать далее 👉 https://smartlab.news/i/205082 мы в max",23.09.2026,12:32,СМАРТЛАБ НОВОСТИ,23.09.2026 12:32:20,Украина,Дубль 41,
Важно,"#Политика НИКАКИХ ПРЕДПОСЫЛОК ДЛЯ ВЫХОДА НА МИРНЫЙ ТРЕК ПЕРЕГОВОРОВ ПО УКРАИНЕ ПОКА НЕТ, ХОТЯ РФ СОХРАНЯЕТ ОТКРЫТОСТЬ К НИМ - ПЕСКОВ КОНКРЕТИКИ ПО НОВОЙ ВСТРЕЧЕ ПУТИНА И ТРАМПА ПОКА НЕТ - ПЕСКОВ ЗЕЛЕНСКИЙ ПРЕКРАСНО ЗНАЕТ, КАКИЕ ДОЛЖЕН ПРИНЯТЬ РЕШЕНИЯ ДЛЯ МИРНОГО УРЕГУЛИРОВАНИЯ - ПЕСКОВ",23.09.2026,12:11,Сигналы РЦБ,23.09.2026 12:11:04,Украина,Дубль 41 (оригинал),
Важно,"BUYBACK КуйбышевАзот: Объем: 95.84 тыс. рублей 27.08.2026 - Дата покупки Количество приобретенных акций: 275 штук (0,0,000156%) #KAZT Читать далее 👉 https://smartlab.news/i/205107 мы в max",23.09.2026,14:15,СМАРТЛАБ НОВОСТИ,23.09.2026 14:15:15,Куйбазот,Дубль 42,
Важно,"BUYBACK КуйбышевАзот: Объем: 1.61 млн. рублей 26.08.2026 - Дата покупки Количество приобретенных акций: 4500 штук (0,005428%) #KAZT Читать далее 👉 https://smartlab.news/i/205191 мы в max",24.09.2026,8:22,СМАРТЛАБ НОВОСТИ,24.09.2026 8:22:38,Куйбазот,Дубль 42,
Важно,"BUYBACK КуйбышевАзот: Объем: 3.34 млн. рублей 12.08.2026 - Дата покупки Количество приобретенных акций: 9585 штук (0,005428%) #KAZT Читать далее 👉 https://smartlab.news/i/205100 мы в max",23.09.2026,13:43,СМАРТЛАБ НОВОСТИ,23.09.2026 13:43:48,Куйбазот,Дубль 42 (оригинал),
Важно,❗️🇷🇺🇺🇸#событие #сша #россия #украина ПЕРЕГОВОРЫ ЛАВРОВА И РУБИО ЗАВЕРШИЛИСЬ,23.09.2026,17:15,MarketTwits,23.09.2026 17:15:26,Украина,Дубль 43,
Важно,"Переговоры Лаврова и Рубио завершились, они продлились чуть более 50 минут — ТАСС Читать далее 👉 https://smartlab.news/i/205146 мы в max",23.09.2026,17:16,СМАРТЛАБ НОВОСТИ,23.09.2026 17:16:08,,Дубль 43,
Важно,#Политика ПЕРЕГОВОРЫ ЛАВРОВА И РУБИО ЗАВЕРШИЛИСЬ. ОНИ ПРОДОЛЖАЛИСЬ ОКОЛО ЧАСА — ТАСС,23.09.2026,17:17,Сигналы РЦБ,23.09.2026 17:17:12,,Дубль 43,
Важно,🇷🇺🇺🇸#событие #сша #россия #украина Рубио и Лавров обсудили Украину и отношения США-Россия — Госдеп,23.09.2026,17:38,MarketTwits,23.09.2026 17:38:46,Украина,Дубль 43,
Важно,"Рубио и Лавров обсудили Украину и двусторонние отношения на полях ГА ООН — Госдепартамент Рубио заявил о заинтересованности Москвы и Киева в зерновой сделке. По его словам, обе стороны выступают за прекращение огня в энергетической сфере. Читать далее 👉 https://smartlab.news/i/205149 мы в max",23.09.2026,17:39,СМАРТЛАБ НОВОСТИ,23.09.2026 17:39:11,Украина,Дубль 43,
Важно,"🇺🇦#украина #геополитика Рубио: и Россия, и Украина хотят зерновой сделки и прекращения огня в энергетической сфере",23.09.2026,17:39,MarketTwits,23.09.2026 17:39:25,Украина,Дубль 43,
Важно,"#Политика Рубио: и Россия, и Украина хотят зерновой сделки и прекращения огня в энергетической сфере",23.09.2026,17:40,Сигналы РЦБ,23.09.2026 17:40:14,Украина,Дубль 43,
Важно,"#Политика ЛАВРОВ В ХОДЕ ВСТРЕЧИ С РУБИО ЗАЯВИЛ, ЧТО УДАРЫ КИЕВА ПО ИНФРАСТРУКТУРЕ ВЕДУТ К ДЕСТАБИЛИЗАЦИИ МИРОВЫХ ЭНЕРГЕТИЧЕСКИХ РЫНКОВ - МИД РФ ПРИВЕРЖЕННОСТЬ РОССИЙСКОЙ СТОРОНЫ ДОСТИЖЕНИЮ ЦЕЛЕЙ СВО БЫЛА ПОДТВЕРЖДЕНА НА ВСТРЕЧЕ ЛАВРОВА И РУБИО",23.09.2026,19:12,Сигналы РЦБ,23.09.2026 19:12:37,Украина,Дубль 43,
Важно,⚠️🇺🇦#украина #геополитика ПРИВЕРЖЕННОСТЬ РОССИЙСКОЙ СТОРОНЫ ДОСТИЖЕНИЮ ЦЕЛЕЙ СВО БЫЛА ПОДТВЕРЖДЕНА НА ВСТРЕЧЕ ЛАВРОВА И РУБИО ЛАВРОВ И РУБИО ДОГОВОРИЛИСЬ ПРОДОЛЖАТЬ КОНТАКТЫ ПО ЛИНИИ ВНЕШНЕПОЛИТИЧЕСКИХ ВЕДОМСТВ ЛАВРОВ НА ВСТРЕЧЕ С РУБИО ПОДЧЕРКНУЛ НЕОБХОДИМОСТЬ СКОРЕЙШЕГО ВЫПРАВЛЕНИЯ ОТНОШЕНИЙ РФ И США - МИД РФ,23.09.2026,19:13,MarketTwits,23.09.2026 19:13:53,Украина,Дубль 43,
Важно,На встрече Лаврова и Рубио подтверждена приверженность российской стороны достижению целей СВО и договоренность продолжить контакты — МИД РФ Читать далее 👉 https://smartlab.news/i/205165 мы в max,23.09.2026,19:17,СМАРТЛАБ НОВОСТИ,23.09.2026 19:17:00,Украина,Дубль 43,
Важно,"Зеленский: США настаивают на 3-х пунктах в мирных переговорах - прекращении огня по энергоинфраструктуре, возобновлении зернового коридора, 3-х сторонней встрече США-Украина-Россия Читать далее 👉 https://smartlab.news/i/205271 мы в max",24.09.2026,14:28,СМАРТЛАБ НОВОСТИ,24.09.2026 14:28:32,Украина,Дубль 43,
Важно,"❗️🇺🇸🇺🇦#украина #геополитика Зеленский в интервью AXIOS заявил, что Трамп настаивает на трех условиях по урегулированию конфликта: прекращение ударов по энергетической инфраструктуре, возобновление работы зернового коридора через Черное море и трехсторонняя встреча представителей России, США и Украины, которая может пройти в столице ОАЭ Абу-Даби",24.09.2026,14:30,MarketTwits,24.09.2026 14:30:39,Украина,Дубль 43,
Важно,#Политика Перед встречей Лаврова и Рубио на ГА ООН Кремль сообщает о неизменности переговорной позиции — Reuters,23.09.2026,13:50,Сигналы РЦБ,23.09.2026 13:50:23,,Дубль 43 (оригинал),
Важно,"Минфин РФ разместил на аукционе ОФЗ-ПД 26249 в объеме ₽113,472 млрд при спросе ₽215,214 млрд, средневзвешенная доходность – 16,14% годовых Читать далее 👉 https://smartlab.news/i/205112 мы в max",23.09.2026,14:19,СМАРТЛАБ НОВОСТИ,23.09.2026 14:19:19,,Дубль 44,
Важно,"Минфин РФ разместил на аукционе ОФЗ-ПД 26253 в объеме ₽15,268 млрд при спросе ₽66,472 млрд, средневзвешенная доходность – 16,44% годовых Читать далее 👉 https://smartlab.news/i/205142 мы в max",23.09.2026,16:56,СМАРТЛАБ НОВОСТИ,23.09.2026 16:56:23,,Дубль 44,
Важно,❗️🇷🇺#офз #аукцион Минфин разместил ОФЗ 26253 на 15.26 млрд руб при спросе 66.47 млрд руб средневзвешенная доходность – 16.44% годовых,23.09.2026,16:57,MarketTwits,23.09.2026 16:57:32,,Дубль 44,
Важно,❗️🇷🇺#офз #аукцион Минфин разместил ОФЗ 26249 на 113.47 млрд руб при спросе 215.21 млрд руб средневзвешенная доходность – 16.14% годовых,23.09.2026,14:17,MarketTwits,23.09.2026 14:17:54,,Дубль 44 (оригинал),
Важно,#Напоминание Все цели СВО будут достигнуты — Путин,23.09.2026,15:54,Сигналы РЦБ,23.09.2026 15:54:34,Украина,Дубль 45,
Важно,Путин: Все цели СВО будут достигнуты Хочу поблагодарить граждан России за активное участие в этой избирательной кампании Читать далее 👉 https://smartlab.news/i/205129 мы в max,23.09.2026,16:00,СМАРТЛАБ НОВОСТИ,23.09.2026 16:00:32,Украина,Дубль 45,
Важно,"⚠️🇺🇦#украина #геополитика УВЕРЕН, ЧТО ВСЕ ЦЕЛИ СВО БУДУТ ДОСТИГНУТЫ — ПУТИН",23.09.2026,15:53,MarketTwits,23.09.2026 15:53:32,Украина,Дубль 45 (оригинал),
Важно,#Макро УКРЕПЛЕНИЕ ОБОРОНОСПОСОБНОСТИ ГОСУДАРСТВА НЕВОЗМОЖНО БЕЗ ЭФФЕКТИВНОЙ ДЕНЕЖНО-КРЕДИТНОЙ ПОЛИТИКИ — Путин,23.09.2026,15:54,Сигналы РЦБ,23.09.2026 15:54:56,,Дубль 46,
Важно,Путин: Без эффективной ДКП невозможно укрепление обороноспособности государства Читать далее 👉 https://smartlab.news/i/205135 мы в max,23.09.2026,16:24,СМАРТЛАБ НОВОСТИ,23.09.2026 16:24:05,,Дубль 46,
Важно,❗️🇷🇺#дкп #россия УКРЕПЛЕНИЕ ОБОРОНОСПОСОБНОСТИ ГОСУДАРСТВА НЕВОЗМОЖНО БЕЗ ЭФФЕКТИВНОЙ ДЕНЕЖНО-КРЕДИТНОЙ ПОЛИТИКИ -- ПУТИН,23.09.2026,15:54,MarketTwits,23.09.2026 15:54:03,,Дубль 46 (оригинал),
Важно,"Путин: Рекордное количество людей, которые пришли на избирательные участки, говорит о том, что народ России поддерживает усилия властей, направленные на укрепление страны Читать далее 👉 https://smartlab.news/i/205133 мы в max",23.09.2026,16:14,СМАРТЛАБ НОВОСТИ,23.09.2026 16:14:40,,Дубль 47,
Важно,"🇷🇺#выборы #россия РЕКОРДНАЯ ЯВКА ЛЮДЕЙ НА ВЫБОРЫ СВИДЕТЕЛЬСТВУЕТ О ТОМ, ЧТО ГРАЖДАНЕ ПОДДЕРЖИВАЮТ УСИЛИЯ ВЛАСТИ ПО УКРЕПЛЕНИЮ СТРАНЫ — ПУТИН",23.09.2026,15:55,MarketTwits,23.09.2026 15:55:41,,Дубль 47 (оригинал),
Важно,"🚫🇦🇪🇮🇷#иран #санкции #авиа #оаэ Все рейсы иранских авиакомпаний в ОАЭ отменены на фоне санкций США ————————————— вчера генерал иранской армии Разаи заявил, что если соседние страны поддержат США в вопросе прекращения иранских авиаперевозок, их аэропорты больше не смогут работать...",24.09.2026,13:29,MarketTwits,24.09.2026 13:29:25,Иран,Дубль 48,
Важно,"❗️⚠️🇮🇷#иран #геополитика #санкции #авиа Генерал иранской армии Разаи заявил, что если соседние страны поддержат США в вопросе прекращения иранских авиаперевозок, их аэропорты больше не смогут работать.",23.09.2026,16:45,MarketTwits,23.09.2026 16:45:37,Иран,Дубль 48 (оригинал),
Важно,#Макро ДАЛЬНЕЙШАЯ ДИНАМИКА ИНФЛЯЦИИ В РОССИИ БУДЕТ ВО МНОГОМ ЗАВИСЕТЬ ОТ РАЗВИТИЯ СИТУАЦИИ НА ТОПЛИВНОМ РЫНКЕ - ЦБ РФ ТЕКУЩАЯ ЖЕСТКОСТЬ ДЕНЕЖНО-КРЕДИТНЫХ УСЛОВИЙ ДОСТАТОЧНА ДЛЯ ВОЗОБНОВЛЕНИЯ СНИЖЕНИЯ УСТОЙЧИВОЙ ИНФЛЯЦИИ И ЕЕ ВОЗВРАЩЕНИЯ К ЦЕЛИ,23.09.2026,17:01,Сигналы РЦБ,23.09.2026 17:01:34,ЦБ,Дубль 49,
Важно,"Текущей жесткости денежно-кредитных условий достаточно для возобновления снижения устойчивой инфляции — резюме ставки ЦБ Последующая динамика инфляции будет во многом зависеть от ситуации на топливном рынке. Базовый сценарий предполагает ее постепенную нормализацию. Проводимая денежно-кредитная политика будет способствовать более сдержанному росту внутреннего спроса. Все это вместе должно привести к снижению инфляционного давления. По прогнозу Банка России, с учетом проводимой денежно-кредитной политики годовая инфляция составит 6,0–7,0% в 2026 году, вернется к 4,0% в 2027 году и будет находиться на цели в дальнейшем. Читать далее 👉 https://smartlab.news/i/205144 мы в max",23.09.2026,17:01,СМАРТЛАБ НОВОСТИ,23.09.2026 17:01:17,ЦБ,Дубль 49 (оригинал),
Важно,"#Политика ЗАКОН ОБ ""АДСКИХ САНКЦИЯХ"" США ПРОТИВ РФ НЕ СПОСОБСТВУЕТ РЕАНИМАЦИИ РОССИЙСКО-АМЕРИКАНСКИХ ОТНОШЕНИЙ И БОЛЕЕ УСПЕШНОМУ ПРОДВИЖЕНИЮ ПО ПУТИ УРЕГУЛИРОВАНИЯ НА УКРАИНЕ - ПЕСКОВ",21.09.2026,13:53,Сигналы РЦБ,21.09.2026 13:53:58,Украина,Дубль 5,
Важно,"⚠️🇷🇺🇺🇸🇺🇦#санкции #геополитика #россия #сша #украина ЗАКОН ОБ ""АДСКИХ САНКЦИЯХ"" США ПРОТИВ РФ НЕ СПОСОБСТВУЕТ РЕАНИМАЦИИ РОССИЙСКО-АМЕРИКАНСКИХ ОТНОШЕНИЙ И БОЛЕЕ УСПЕШНОМУ ПРОДВИЖЕНИЮ ПО ПУТИ УРЕГУЛИРОВАНИЯ НА УКРАИНЕ — ПЕСКОВ",21.09.2026,13:06,MarketTwits,21.09.2026 13:06:28,Украина,Дубль 5 (оригинал),
Важно,"🇺🇸🇺🇦#украина #геополитика ТАСС: США не стали присоединяться к антироссийскому заявлению Украины, изложенному перед СБ ООН",23.09.2026,17:56,MarketTwits,23.09.2026 17:56:41,Украина,Дубль 50,
Важно,США не присоединились к антироссийскому заявлению Украины перед заседанием СБ ООН — ТАСС Читать далее 👉 https://smartlab.news/i/205152 мы в max,23.09.2026,18:00,СМАРТЛАБ НОВОСТИ,23.09.2026 18:00:48,Украина,Дубль 50,
Важно,"#Политика США НЕ СТАЛИ ПРИСОЕДИНЯТЬСЯ (в очередной раз) К АНТИРОССИЙСКОМУ ЗАЯВЛЕНИЮ УКРАИНЫ, ОЗВУЧЕННОМУ ПЕРЕД НАЧАЛОМ СБ ООН ПО УКРАИНСКОЙ ТЕМАТИКЕ — ТАСС",23.09.2026,17:56,Сигналы РЦБ,23.09.2026 17:56:00,Украина,Дубль 50 (оригинал),
Важно,"#Политика НАДЕЮСЬ, ПУТИН ПРИМЕТ ПРИГЛАШЕНИЕ НА G20 В МАЙАМИ — РУБИО ВОПРОС НОВОГО САММИТА ТРАМПА И ПУТИНА НЕ ОБСУЖДАЛСЯ G20 в Майами 14-15 декабря",23.09.2026,17:59,Сигналы РЦБ,23.09.2026 17:59:48,,Дубль 51,
Важно,"🇺🇸🇷🇺#G20 #россия #сша США пригласили Путина на саммит G20 в Майами в декабре и надеются, что президент России согласится принять участие, — Рубио Рубио допустил встречу Путина и Трампа на саммите G20 —————————— BBG ранее писал, что Путин поедет на АТЭС вместо G20",23.09.2026,18:03,MarketTwits,23.09.2026 18:03:50,,Дубль 51,
Важно,⚠️🇺🇸🇷🇺#сша #россия #украина Вопрос нового саммита Трампа и Путина не обсуждался — Рубио,23.09.2026,18:06,MarketTwits,23.09.2026 18:06:32,Украина,Дубль 51,
Важно,"#Политика ЗАКОН О САНКЦИЯХ ПРОТИВ РФ — ИНСТРУМЕНТ, КОТОРЫЙ ТРАМП СМОЖЕТ ИСПОЛЬЗОВАТЬ, КАК ПОСЧИТАЕТ НУЖНЫМ — РУБИО",23.09.2026,18:10,Сигналы РЦБ,23.09.2026 18:10:15,,Дубль 51,
Важно,"⚠️🇺🇸🇷🇺#санкции #россия ЗАКОН О САНКЦИЯХ ПРОТИВ РФ - ИНСТРУМЕНТ, КОТОРЫЙ ТРАМП СМОЖЕТ ИСПОЛЬЗОВАТЬ, КАК ПОСЧИТАЕТ НУЖНЫМ - РУБИО",23.09.2026,18:10,MarketTwits,23.09.2026 18:10:32,,Дубль 51,
Важно,"⚠️🇺🇸🇷🇺#G20 #сша #россия ПОКА О ВСТРЕЧЕ ПУТИНА И ТРАМПА НА САММИТЕ G20 В США ГОВОРИТЬ ПРЕЖДЕВРЕМЕННО, РЕШЕНИЕ ЕЩЕ НЕ ПРИНЯТО - ПЕСКОВ",24.09.2026,12:25,MarketTwits,24.09.2026 12:25:27,,Дубль 51,
Важно,"#Политика ПОКА О ВСТРЕЧЕ ПУТИНА И ТРАМПА НА САММИТЕ G20 В США ГОВОРИТЬ ПРЕЖДЕВРЕМЕННО, РЕШЕНИЕ ЕЩЕ НЕ ПРИНЯТО - ПЕСКОВ",24.09.2026,12:27,Сигналы РЦБ,24.09.2026 12:27:36,,Дубль 51,
Важно,"🇷🇺🇺🇸#G20 #россия #сша Рябков: Путин сам примет решение о визите в США на саммит G20 —————————— BBG ранее писал, что Путин поедет на АТЭС вместо G20",24.09.2026,16:06,MarketTwits,24.09.2026 16:06:52,,Дубль 51,
Важно,"Вопрос нового саммита Трампа и Путина не обсуждался — Рубио - США пригласили Путина на G20 в Майами, надеются, что он примет приглашение - Закон о санкциях против РФ — инструмент, который Трамп сможет использовать, как посчитает нужным Читать далее 👉 https://smartlab.news/i/205151 мы в max",23.09.2026,17:59,СМАРТЛАБ НОВОСТИ,23.09.2026 17:59:39,,Дубль 51 (оригинал),
Важно,"#Политика Украина согласилась на полное, немедленное и безусловное прекращение огня, заявил глава МИД Андрей Сибига. Он призвал Россию сделать то же самое.",23.09.2026,18:19,Сигналы РЦБ,23.09.2026 18:19:56,Украина,Дубль 52,
Важно,"❗️🇺🇦#украина #геополитика Украина согласилась на полное, немедленное и безусловное прекращение огня, заявил глава МИД Андрей Сибига. Он призвал Россию сделать то же самое.",23.09.2026,18:19,MarketTwits,23.09.2026 18:19:10,Украина,Дубль 52 (оригинал),
Важно,Украина согласилась на полное и безусловное прекращение огня — заявление 51 страны ООН Читать далее 👉 https://smartlab.news/i/205159 мы в max,23.09.2026,18:25,СМАРТЛАБ НОВОСТИ,23.09.2026 18:25:57,Украина,Дубль 53,
Важно,"❗️🇺🇦#украина #геополитика Украина согласилась на полное, немедленное и безусловное прекращение огня, говорится в совместном заявлении 51 страны-члена ООН — ИЗВЕСТИЯ",23.09.2026,18:25,MarketTwits,23.09.2026 18:25:29,Украина,Дубль 53 (оригинал),
Важно,⚠️🇺🇦#украина #геополитика РОССИЯ НЕ БУДЕТ ДЕЛАТЬ ПАУЗЫ В СВО ДЛЯ ПЕРЕГОВОРОВ В ЛЮБОМ ФОРМАТЕ -- ЛАВРОВ,23.09.2026,19:30,MarketTwits,23.09.2026 19:30:36,Украина,Дубль 54,
Важно,"Лавров заявил, что Россия не будет приостанавливать СВО для переговоров в любом формате. При этом Россия готова к переговорам для достижения устойчивого, справедливого мира на Украине, отметил Лавров в Совбезе ООН. Читать далее 👉 https://smartlab.news/i/205166 мы в max",23.09.2026,19:26,СМАРТЛАБ НОВОСТИ,23.09.2026 19:26:24,Украина,Дубль 54 (оригинал),
Важно,🇷🇺🇺🇸#G20 #россия #сша В Кремле услышали и приветствуют американское приглашение президента РФ на G20. Далее вопрос проработают по дипломатическим каналам — Песков,23.09.2026,22:48,MarketTwits,23.09.2026 22:48:52,,Дубль 55,
Важно,Песков: в Кремле услышали и приветствуют американское приглашение президента РФ на G20 Читать далее 👉 https://smartlab.news/i/205179 мы в max,23.09.2026,22:47,СМАРТЛАБ НОВОСТИ,23.09.2026 22:47:51,,Дубль 55 (оригинал),
Важно,🇮🇷🇺🇦#иран #украина Глава МИД Ирана Арагчи встретился с главой МИД Украины на полях ГА ООН,24.09.2026,14:56,MarketTwits,24.09.2026 14:56:57,Украина,Дубль 56,"Ошибка. Не является дублем  ""🇮🇷🇺🇦#иран #украина Глава МИД Ирана Арагчи встретился с главой МИД Украины на полях ГА ООН"" Это совсем разные новости"
Важно,"🇷🇺🇨🇭#россия #швейцария Лавров на полях ГА ООН провел переговоры с главой МИД Швейцарии обсудили вопросы подготовки к министерской встрече, запланированной на 3–4 декабря в Лугано",24.09.2026,7:26,MarketTwits,24.09.2026 7:26:08,,Дубль 56 (оригинал),
Важно,"#макро ❗️Минфин внес в правительство пакет законопроектов о федеральном бюджете на 2027–2029 годы. Основные расходы будут направлены на выполнение социальных обязательств, оборону и безопасность, поддержку участников СВО и их семей, технологическое развитие и инфраструктуру. Ключевые параметры бюджета: 📍Страховые пенсии в 2027 году проиндексируют дважды — с 1 февраля на 6,8% и с 1 апреля еще на 3,3%. Средний размер пенсии по старости к концу года составит 29 904 рубля. 📍На «детский бюджет» в 2027–2029 годах предусмотрено около 10 трлн рублей. Также будут индексироваться маткапитал и детские пособия. На программы улучшения жилищных условий семей с детьми заложено около 1,9 трлн рублей. 📍Более 105 млрд рублей направят на строительство 150 школ к 2030 году. На ремонт детских садов предусмотрено свыше 47 млрд рублей, еще 25,7 млрд — на строительство новых. Около 80 млрд рублей выделят на ремонт общежитий вузов и 65 млрд — техникумов. 📍Почти 278 млрд рублей предусмотрено на модернизацию первичного звена здравоохранения. Продолжится финансирование лекарственных программ и нацпроекта «Продолжительная и активная жизнь». 📍Почти 2 трлн рублей заложено на нацпроекты технологического лидерства. На проекты «Станки» и «Беспилотные авиационные системы» направят 135,7 млрд и 103,3 млрд рублей соответственно. 📍Более 4,4 трлн рублей предусмотрено на дорожное хозяйство, еще 65,3 млрд — на обновление общественного транспорта. На формирование комфортной городской среды выделят свыше 180 млрд рублей. 📍Регионам разрешат перенести на 2030 год возврат бюджетных кредитов на 300 млрд рублей, сроки погашения которых приходятся на 2027–2029 годы. 📍Минфин предлагает распространить прогрессивную шкалу НДФЛ на ряд доходов от дивидендов, вкладов, ценных бумаг и продажи имущества. Изменения затронут около 4 млн человек. Необлагаемый налогом порог по вкладам до 1 млн рублей сохранят. 📍Для товаров электронной торговли из-за рубежа предлагается установить НДС по ставке 22%. Также планируется ввести сбор 100 рублей за зарубежные посылки стоимостью до €200. 📍Дефицит бюджета планируется на уровне около 2% ВВП ежегодно.",24.09.2026,11:02,Сигналы РЦБ,24.09.2026 11:02:52,Украина,Дубль 57,
Важно,🔥🇷🇺#бюджет #россия Минфин России внес в Правительство РФ бюджетный пакет релиз,24.09.2026,11:03,MarketTwits,24.09.2026 11:03:36,ЦБ,Дубль 57,
Важно,"Минфин внес в Правительство РФ бюджетный пакет на 2027-2029 годы, дефицит федерального бюджета составит порядка 2% ВВП ежегодно — ведомство Читать далее 👉 https://smartlab.news/i/205224 мы в max",24.09.2026,11:06,СМАРТЛАБ НОВОСТИ,24.09.2026 11:06:40,ЦБ,Дубль 57,
Важно,"🔥🇷🇺#налоги #россия #бюджет МИНФИН ВНЕС В КАБМИН ПРОЕКТЫ БЮДЖЕТА НА 2027-2029 ГГ. И ИЗМЕНЕНИЙ В НАЛОГОВЫЙ КОДЕКС РФ ДЛЯ ПОВЫШЕНИЯ УСТОЙЧИВОСТИ БЮДЖЕТНОЙ СИСТЕМЫ МИНФИН РФ ПРЕДЛАГАЕТ ВКЛЮЧИТЬ В ОСНОВНУЮ НАЛОГОВУЮ БАЗУ ПО НДФЛ ПАССИВНЫЕ ДОХОДЫ, В ТОМ ЧИСЛЕ ДИВИДЕНДЫ И ПРОЦЕНТЫ ОТ ВКЛАДОВ МИНФИН РФ ПРЕДЛАГАЕТ ИСПОЛЬЗОВАТЬ СТАВКИ В РАЗМЕРЕ 13-22% ДЛЯ НАЛОГООБЛОЖЕНИЯ ПАССИВНЫХ ДОХОДОВ РОССИЯН РФ ПЛАНИРУЕТ ВВЕСТИ 22%-Й НДС ДЛЯ ТРАНСГРАНИЧНОЙ ОНЛАЙН-ТОРГОВЛИ И ТАМОЖЕННЫЙ СБОР НА ПОСЫЛКИ ИЗ-ЗА РУБЕЖА ПРОЕКТ БЮДЖЕТА РФ НА 2027-2029 ГГ ПРЕДУСМАТРИВАЕТ ДОНАСТРОЙКУ НАЛОГООБЛОЖЕНИЯ ПРИРОДНОЙ РЕНТЫ, В ЧАСТНОСТИ ГОРНО-МЕТАЛЛУРГИЧЕСКОГО СЕКТОРА МИНФИН ПРЕДЛАГАЕТ ОБЯЗАТЬ ПИФЫ ПЛАТИТЬ НАЛОГ НА ПРИБЫЛЬ С ПАССИВНОГО ДОХОДА В 15%, ЧТОБЫ ДЕСТИМУЛИРОВАТЬ НАЛОГОВУЮ ОПТИМИЗАЦИЮ ЧЕРЕЗ ФОНДЫ ПРОИЗВОДИТЕЛИ ЦВЕТМЕТА, УДОБРЕНИЙ МОГУТ ЗАПЛАТИТЬ 30% ОТ СВЕРХДОХОДОВ В 2026Г К БАЗЕ 2025Г, ЗОЛОТОДОБЫТЧИКИ - 20% СТАВКУ НАЛОГА НА ПРИБЫЛЬ С ДИВИДЕНДОВ, УПЛАЧИВАЕМЫХ В ПОЛЬЗУ НЕРЕЗИДЕНТОВ НА СЧЕТА ""С"", ПРЕДЛАГАЕТСЯ ПОДНЯТЬ ДО 35% ПРЕДЛАГАЕТСЯ ВВЕСТИ ДЛЯ ОТДЕЛЬНЫХ ДОБЫВАЮЩИХ ГМК НАЛОГ В 30% НА ДОПДОХОД ОТ РОСТА МИРОВЫХ ЦЕН НА СЫРЬЕ МИНФИН РФ ПРЕДЛАГАЕТ УСТАНОВИТЬ ДЛЯ ПИФОВ ОБЯЗАННОСТЬ ПО УПЛАТЕ НАЛОГА НА ПРИБЫЛЬ С ПАССИВНЫХ ДОХОДОВ ПО СТАВКЕ 15% релиз",24.09.2026,11:08,MarketTwits,24.09.2026 11:08:27,ЦБ,Дубль 57,
Важно,❗️🛢🇷🇺#fx #нефть #бюджет #россия ЦЕНА ОТСЕЧЕНИЯ ПО НЕФТИ В БЮДЖЕТНОМ ПРАВИЛЕ С 2027 ГОДА БУДЕТ УСТАНОВЛЕНА НА УРОВНЕ $50 ЗА БАРРЕЛЬ — МИНФИН релиз,24.09.2026,11:09,MarketTwits,24.09.2026 11:09:11,ЦБ,Дубль 57,
Важно,"#Политика Изменения по прогрессивной шкале не затронут вклады до 1 млн рублей и участников СВО. По оценке ведомства, унификация коснётся около 4 млн человек — не более 6% населения — СМИ",24.09.2026,11:46,Сигналы РЦБ,24.09.2026 11:46:23,Украина,Дубль 57,
Важно,"❗️🇷🇺 #бюджет #налоги #россия #прогноз МИНФИН ЗАЛОЖИЛ В ПРОЕКТ БЮДЖЕТА 2027-2029 ГГ ПОРЯДКА 500 МЛРД РУБ. ПОСТУПЛЕНИЙ ОТ МЕР ПО ОБЕЛЕНИЮ ЭКОНОМИКИ ЕЖЕГОДНО ПЕРВИЧНЫЙ СТРУКТУРНЫЙ ДЕФИЦИТ В 2027-2028 ГГ ОЦЕНИВАЕТСЯ В 1,5 ТРЛН И 0,5 ТРЛН РУБ. СООТВЕТСТВЕННО, В 2029Г ВЫЙДЕМ НА ПАРАМЕТРЫ БЮДЖЕТНОГО ПРАВИЛА ЗА СЧЕТ ПЛАНА ""ОБЕЛЕНИЯ ЭКОНОМИКИ"" ДОПДОХОД В БЮДЖЕТ РФ ПРЕДУСМОТРЕН ПОРЯДКА 500 МЛРД РУБЛЕЙ ДЕФИЦИТ БЮДЖЕТА СОСТАВИТ ПОРЯДКА 2,2% ВВП В 2027Г — СИЛУАНОВ",24.09.2026,16:03,MarketTwits,24.09.2026 16:03:09,ЦБ,Дубль 57,
Важно,❗️🇷🇺#бюджет #россия ДЕФИЦИТ ФЕДЕРАЛЬНОГО БЮДЖЕТА РФ В 2027-2029ГГ ПЛАНИРУЕТСЯ ПОРЯДКА 2% ВВП ЕЖЕГОДНО - МИНФИН,24.09.2026,11:01,MarketTwits,24.09.2026 11:01:04,ЦБ,Дубль 57 (оригинал),
Важно,"Чистая прибыль банка ""ДОМ.PФ"" за 8 месяцев по РСБУ выросла в 1,7 раза - до 73,86 млрд руб #DOMRF Читать далее 👉 https://smartlab.news/i/205319 мы в max",24.09.2026,17:37,СМАРТЛАБ НОВОСТИ,24.09.2026 17:37:50,ДОМ.РФ,Дубль 58,Ошибка. Это не дубли так как новость касается разных банков
Важно,"Чистая прибыль Росдорбанка за 8 месяцев по РСБУ выросла в 15 раз - до 427,08 млн руб #RDRB Читать далее 👉 https://smartlab.news/i/205320 мы в max",24.09.2026,17:38,СМАРТЛАБ НОВОСТИ,24.09.2026 17:38:05,РДБанк,Дубль 58,Ошибка. Это не дубли так как новость касается разных банков
Важно,"Чистая прибыль Совкомбанка за 8 месяцев по РСБУ выросла в 9,9 раза - до 86,12 млрд руб #SVCB Читать далее 👉 https://smartlab.news/i/205321 мы в max",24.09.2026,17:38,СМАРТЛАБ НОВОСТИ,24.09.2026 17:38:18,Совкомбанк,Дубль 58,Ошибка. Это не дубли так как новость касается разных банков
Важно,"🇷🇺#банки #россия #отчетность Чистая прибыль ВТБ за 8 месяцев по РСБУ выросла в 1,8 раза - до 378,18 млрд руб Чистая прибыль ТБанка за 8 месяцев по РСБУ выросла в 4 раза - до 131,77 млрд руб Чистая прибыль Совкомбанка за 8 месяцев по РСБУ выросла в 9,9 раза - до 86,12 млрд руб Чистая прибыль МТС-банка за 8 месяцев по РСБУ выросла на 2% - до 10,13 млрд руб Чистая прибыль МКБ за 8 месяцев по РСБУ снизилась на 32% - до 17,91 млрд руб Чистая прибыль банка ""Санкт-Петербург"" за 8 месяцев по РСБУ снизилась в 1,5 раза - до 21,12 млрд руб — ИФ",24.09.2026,17:38,MarketTwits,24.09.2026 17:38:27,Российская компания,Дубль 58,Ошибка. Это не дубли так как это аггрегированная новость о всех банках
Важно,"Чистая прибыль ВТБ за 8 месяцев по РСБУ выросла в 1,8 раза - до 378,18 млрд руб #VTBR Читать далее 👉 https://smartlab.news/i/205322 мы в max",24.09.2026,17:38,СМАРТЛАБ НОВОСТИ,24.09.2026 17:38:34,ВТБ,Дубль 58,Ошибка. Это не дубли так как новость касается разных банков
Важно,"Чистая прибыль МТС-банка за 8 месяцев по РСБУ выросла на 2% - до 10,13 млрд руб #MBNK Читать далее 👉 https://smartlab.news/i/205323 мы в max",24.09.2026,17:38,СМАРТЛАБ НОВОСТИ,24.09.2026 17:38:57,МТС Банк,Дубль 58,Ошибка. Это не дубли так как новость касается разных банков
Важно,"Чистая прибыль МКБ за 8 месяцев по РСБУ снизилась на 32% - до 17,91 млрд руб #CBOM Читать далее 👉 https://smartlab.news/i/205324 мы в max",24.09.2026,17:39,СМАРТЛАБ НОВОСТИ,24.09.2026 17:39:13,МКБ,Дубль 58,Ошибка. Это не дубли так как новость касается разных банков
Важно,"Чистая прибыль банка Санкт-Петербург за 8 месяцев по РСБУ снизилась в 1,5 раза - до 21,12 млрд руб #BSPB Читать далее 👉 https://smartlab.news/i/205325 мы в max",24.09.2026,17:39,СМАРТЛАБ НОВОСТИ,24.09.2026 17:39:35,Банк Санкт-Петербург,Дубль 58,Ошибка. Это не дубли так как новость касается разных банков
Важно,"Прибыль Т-банка по РСБУ за январь-август 2026 года выросла в 4 раза г/г до 131,8 млрд руб Читать далее 👉 https://smartlab.news/i/205235 мы в max",24.09.2026,11:29,СМАРТЛАБ НОВОСТИ,24.09.2026 11:29:18,,Дубль 58 (оригинал),Ошибка. Это не дубли так как новость касается разных банков
Важно,❗️🇷🇺#бюджет #налоги #россия ПРАВИТЕЛЬСТВО РФ ОДОБРИЛО ПРОЕКТ ФЕДЕРАЛЬНОГО БЮДЖЕТА НА 2027 ГОД И ПЛАНОВЫЙ ПЕРИОД 2028-2029 ГГ,24.09.2026,19:57,MarketTwits,24.09.2026 19:57:08,ЦБ,Дубль 59,
Важно,"#Макро Новый законопроект о федеральном бюджете на 2027-29 гг: Дефицит и ключевая ставка Дефицит будет расти — около 2% ВВП каждый год в 2027–2029 годах. Для сравнения: в действующем бюджете на 2026–2028 годы на 2027 год предусмотрено 1,2% ВВП, на 2028-й — 1,3%. Это может сказаться и на рынке облигаций и на траектории ключевой ставке ЦБ РФ. • ОФЗ. Рост дефицита повышает значимость будущего плана заимствований для ОФЗ. Но объем дополнительного предложения пока нельзя посчитать. • Ставка. ЦБ прямо указывал: ""если новые бюджетные проектировки предполагают более высокий структурный первичный дефицит, денежно-кредитная политика может потребоваться более жёсткая, чем в его базовом сценарии"".",24.09.2026,11:59,Сигналы РЦБ,24.09.2026 11:59:33,ЦБ,Дубль 59 (оригинал),
Важно,"#GAZP «Эйлер» не ждет поступления дивидендов Газпрома в бюджет РФ в 2027г, допускает возврат к выплатам в 2028г «В нашу оценку объема поступлений в бюджет в 2027 году мы закладываем отсутствие дивидендов “Газпрома” за 2026 год. Текущий взгляд на компанию предполагает возобновление выплат лишь по итогам 2027 года (дивиденд 13,8 руб./ао), а выплату за 2028 год мы оцениваем в 11,5 руб./ао»",21.09.2026,14:02,Сигналы РЦБ,21.09.2026 14:02:58,Газпром,Дубль 6,
Важно,❌🇷🇺#GAZP #дивиденд Эйлер не ожидает поступления дивидендов от Газпрома в бюджет РФ в 2027 году,21.09.2026,13:39,MarketTwits,21.09.2026 13:39:05,Газпром,Дубль 6 (оригинал),
Важно,"Песков: Россия открыта к мирному урегулированию на Украине, но настаивает на стремлении к полноценному миру, а не к временному перемирию Читать далее 👉 https://smartlab.news/i/205246 мы в max",24.09.2026,12:36,СМАРТЛАБ НОВОСТИ,24.09.2026 12:36:44,Украина,Дубль 60,
Важно,"⚠️🇺🇦#украина #геополитика РОССИЯ ОТКРЫТА К МИРНОМУ ПРОЦЕССУ УРЕГУЛИРОВАНИЯ, НО СЧИТАЕТ, ЧТО НУЖНО СТРЕМИТЬСЯ К МИРУ, А НЕ К ВРЕМЕННОМУ ПЕРЕМИРИЮ — ПЕСКОВ О ПРЕДЛОЖЕНИИ О НЕМЕДЛЕННОМ ПРЕКРАЩЕНИИ ОГНЯ В КРЕМЛЕ НЕ ФИКСИРОВАЛИ ОТКАЗА ЗЕЛЕНСКОГО ОТ ПРИГЛАШЕНИЯ ПРИЕХАТЬ В МОСКВУ — ПЕСКОВ",24.09.2026,12:27,MarketTwits,24.09.2026 12:27:55,Украина,Дубль 60 (оригинал),
Важно,"🇫🇷#франция #today Макрон: ЦРУ не предупреждало Францию о готовящемся нападении России —————————————— ранее El Mundo писало, что ЦРУ предупредило, что Россия может атаковать дронами Испанию, Францию или Италию",25.09.2026,8:18,MarketTwits,25.09.2026 8:18:33,Украина,Дубль 61,
Важно,"⚠️🇺🇸🇪🇺🇷🇺#нато #европа #россия #геополитика ЦРУ предупредило, что Россия может атаковать дронами Испанию, Францию или Италию, — El Mundo",24.09.2026,13:50,MarketTwits,24.09.2026 13:50:19,Украина,Дубль 61 (оригинал),
Важно,"❗️🇷🇺 #экономика #россия #прогноз МИНЭКОНОМРАЗВИТИЯ ПРОГНОЗИРУЕТ ЦЕНУ НА НЕФТЬ URALS В 2027Г В $53 ЗА БАРРЕЛЬ, В 2028Г - $52, В 2029Г - $51 МИНЭКОНОМРАЗВИТИЯ ПОВЫСИЛО ПРОГНОЗ ЦЕН НА НЕФТЬ МАРКИ BRENT В 2027Г ДО $73 ЗА БАРЕЛЬ С $65 ДОБЫЧА НЕФТИ В РОССИИ В ТЕКУЩЕМ ГОДУ СОСТАВИТ 494 МЛН ТОНН, В 2027 ВЫРАСТЕТ ДО 500 МЛН ТОНН ПРОГНОЗ НА 2027-2029 ГОДЫ УЧИТЫВАЕТ СОКРАЩЕНИЕ ПОСТАВОК ГАЗА В ЕС, ОГРАНИЧЕНИЯ ПО СПГ ИЗ-ЗА САНКЦИЙ И БОЛЕЕ ПЛАВНЫЙ РОСТ ПОСТАВОК В КИТАЙ МИНЭКОНОМРАЗВИТИЯ ПРОГНОЗИРУЕТ СРЕДНЕГОДОВОЙ КУРС ДОЛЛАРА В 2026 ГОДУ В 79,5 РУБЛЯ ЗА ДОЛЛАР МИНЭКОНОМРАЗВИТИЯ ПОВЫСИЛО ПРОГНОЗ ПО ИНФЛЯЦИИ В РФ В 2026Г ДО 6,8% С 5,2%, В 2027Г СОХРАНИЛО 4% МИНЭКОНОМРАЗВИТИЯ В 2028-2029 ГОДАХ ОЖИДАЕТ УСКОРЕНИЯ РОСТА ИНВЕСТИЦИЙ В ОСНОВНОЙ КАПИТАЛ В РОССИИ ДО 2,5% И 3% СООТВЕТСТВЕННО БЮДЖЕТНАЯ КОНСТРУКЦИЯ СОЗДАЕТ ПРОСТРАНСТВО ДЛЯ СМЯГЧЕНИЯ ДЕНЕЖНО-КРЕДИТНЫХ УСЛОВИЙ И ВОССТАНОВЛЕНИЯ ИНВЕСТИЦИОННОЙ АКТИВНОСТИ МЭР РФ ПОВЫСИЛО ОЦЕНКУ РОСТА ВВП В 2026 Г. ДО 0,6%, В 2027-2029 ГОДАХ ТАКЖЕ ЖДЕТ УСКОРЕНИЕ РОСТА С 1,4% ДО 2,4% - РЕШЕТНИКОВ",24.09.2026,15:48,MarketTwits,24.09.2026 15:48:54,ЦБ,Дубль 62,"Ошибка. Не являетися дублей новости ""🇷🇺#RNFT #отчетность РуссНефть в 1п 2026г снизила добычу нефти на 3% - до 2,96 млн тонн"""
Важно,"#Макро МИНЭКОНОМРАЗВИТИЯ ПОВЫСИЛО ПРОГНОЗ ПО ИНФЛЯЦИИ В РФ В 2026Г ДО 6,8% С 5,2%, В 2027Г СОХРАНИЛО 4% - РЕШЕТНИКОВ",24.09.2026,15:50,Сигналы РЦБ,24.09.2026 15:50:29,ЦБ,Дубль 62,"Ошибка. Не являетися дублей новости ""🇷🇺#RNFT #отчетность РуссНефть в 1п 2026г снизила добычу нефти на 3% - до 2,96 млн тонн"""
Важно,"Минэкономразвития повысило прогноз по инфляции в РФ в 2026 году до 6,8% с 5,2% Читать далее 👉 https://smartlab.news/i/205298 мы в max",24.09.2026,15:55,СМАРТЛАБ НОВОСТИ,24.09.2026 15:55:22,ЦБ,Дубль 62,"Ошибка. Не являетися дублей новости ""🇷🇺#RNFT #отчетность РуссНефть в 1п 2026г снизила добычу нефти на 3% - до 2,96 млн тонн"""
Важно,"❗️🇷🇺#экономика #россия #прогноз #макро Цены на нефть, инфляция, рост доходов населения и ВВП. Прогноз Минэкономразвития подробно РЕЛИЗ МЭР",24.09.2026,18:15,MarketTwits,24.09.2026 18:15:11,ЦБ,Дубль 62,"Ошибка. Не являетися дублей новости ""🇷🇺#RNFT #отчетность РуссНефть в 1п 2026г снизила добычу нефти на 3% - до 2,96 млн тонн"""
Важно,"🇷🇺#RNFT #отчетность РуссНефть в 1п 2026г снизила добычу нефти на 3% - до 2,96 млн тонн",24.09.2026,14:09,MarketTwits,24.09.2026 14:09:26,РуссНефть,Дубль 62 (оригинал),
Важно,#Политика Представитель Кирилла Дмитриева назвал фейком сообщения украинских СМИ о якобы запланированных трёхсторонних переговорах с участием Украины в Нью-Йорке: «Никакие трёхсторонние встречи в Нью-Йорке не запланированы и проводиться не будут»,24.09.2026,14:59,Сигналы РЦБ,24.09.2026 14:59:46,Украина,Дубль 63,Ошибка. Это хоть и новость о продолжении но фактически не является дублей для Дубль 63 (оригинал) так как тут констатируется факт окончания встречи а не план по той встрече.
Важно,⚠️🇺🇦#украина #геополитика КИРИЛЛ ДМИТРИЕВ: В НЬЮ-ЙОРКЕ НЕ ПЛАНИРУЕТСЯ ТРЕХСТОРОННИХ ВСТРЕЧ Представитель Кирилла Дмитриева назвал фейком сообщения украинских СМИ о якобы запланированных трёхсторонних переговорах с участием Украины в Нью-Йорке: «Никакие трёхсторонние встречи в Нью-Йорке не запланированы и проводиться не будут».,24.09.2026,15:01,MarketTwits,24.09.2026 15:01:15,Украина,Дубль 63,Ошибка. Это хоть и новость о продолжении но фактически не является дублей для Дубль 63 (оригинал) так как тут констатируется факт окончания встречи а не план по той встрече.
Важно,🇷🇺🇺🇸#россия #сша Кирилл Дмитриев провел в Нью-Йорке переговоры с Уиткоффом и Кушнером. Обсудили отношения РФ-США и Украину — CNN,25.09.2026,7:01,MarketTwits,25.09.2026 7:01:26,Украина,Дубль 63,Ошибка. Это хоть и новость о продолжении но фактически не является дублей для Дубль 63 (оригинал) так как тут констатируется факт окончания встречи а не план по той встрече.
Важно,Дмитриев провел переговоры с Уиткоффом и Кушнером обсудив отношения России и США и урегулирование конфликта на Украине — CNN Читать далее 👉 https://smartlab.news/i/205361 мы в max,25.09.2026,7:03,СМАРТЛАБ НОВОСТИ,25.09.2026 7:03:57,Украина,Дубль 63,Ошибка. Это хоть и новость о продолжении но фактически не является дублей для Дубль 63 (оригинал) так как тут констатируется факт окончания встречи а не план по той встрече.
Важно,"#Политика В Нью-Йорке состоялась встреча Кирилла Дмитриева с посланниками президента США Стивом Виткоффом и Джаредом Кушнером, сообщает CNN со ссылкой на источники, осведомленные о ходе встречи. По информации собеседников телеканала, стороны обсудили сотрудничество между США и РФ, а также мирное урегулирование войны в Украине.",25.09.2026,11:07,Сигналы РЦБ,25.09.2026 11:07:36,Украина,Дубль 63,Ошибка. Это хоть и новость о продолжении но фактически не является дублей для Дубль 63 (оригинал) так как тут констатируется факт окончания встречи а не план по той встрече.
Важно,"❗️🇺🇦#украина #геополитика ПРЕДСТАВИТЕЛИ РОССИИ, УКРАИНЫ И США ПРОВЕДУТ ВСТРЕЧУ В НЬЮ-ЙОРКЕ — RTRS",24.09.2026,14:19,MarketTwits,24.09.2026 14:19:38,Украина,Дубль 63 (оригинал),
Важно,"❗️🇺🇦#украина #геополитика Сегодня в США должна состояться трехсторонняя встреча Украина-РФ-США Украину будут представлять Буданов (в реестре террористов и экстремистов в РФ) и Умеров, США — Кушнер и Уиткофф, Россию — Дмитриев. Главная тема — энергетическое перемирие. — украинские СМИ",24.09.2026,14:27,MarketTwits,24.09.2026 14:27:34,Украина,Дубль 64,
Важно,"Сегодня в США состоится трёхсторонняя встреча Украина-Россия-США по вопросу энергетического перемирия — украинские СМИ В ней могут принять участие глава ОП Кирилл Буданов* и глава СВР Рустем Умеров со стороны Украины, со стороны США — спецпосланники Джаред Кушнер и Стив Уиткофф, а со стороны России — спецпосланник российского президента Кирилл Дмитриев. * Внесен в РФ в список террористов и экстремистов Читать далее 👉 https://smartlab.news/i/205275 мы в max",24.09.2026,14:44,СМАРТЛАБ НОВОСТИ,24.09.2026 14:44:26,Украина,Дубль 64,
Важно,"#Политика Сегодня пройдет трехсторонняя встреча РФ-США-Украина — СМИ Украину будут представлять Буданов и Умеров, США — Кушнер и Виткофф, Россию — Дмитриев. Главная тема — энергетическое перемирие.",24.09.2026,14:27,Сигналы РЦБ,24.09.2026 14:27:21,Украина,Дубль 64 (оригинал),
Важно,"🔥⚠️🇺🇦#украина #геополитика В ОФИСЕ ЗЕЛЕНСКОГО НЕ ПОДТВЕРЖДАЮТ ПРОВЕДЕНИЕ ТРЕХСТОРОННИХ ПЕРЕГОВОРОВ США, УКРАИНЫ И РОССИИ . — УКРАНСКИЕ СМИ Делегация Украины уже направляется обратно домой",24.09.2026,14:43,MarketTwits,24.09.2026 14:43:10,Украина,Дубль 65,
Важно,#Политика УКРАИНСКАЯ ДЕЛЕГАЦИЯ ВОЗВРАЩАЕТСЯ ИЗ США - ПОМОЩНИК ЗЕЛЕНСКОГО,24.09.2026,14:43,Сигналы РЦБ,24.09.2026 14:43:02,Украина,Дубль 65 (оригинал),
Важно,"СД Акрон: рекомендовать дивиденд 146 руб. на акцию, ДД 0,81% #AKRN Читать далее 👉 https://smartlab.news/i/205284 мы в max",24.09.2026,15:09,СМАРТЛАБ НОВОСТИ,24.09.2026 15:09:17,Акрон,Дубль 66,
Важно,#AKRN #Дивиденды СД Акрона рекомендовал дивиденды из нераспределенной прибыли прошлых лет — 146 руб на акцию,24.09.2026,15:13,Сигналы РЦБ,24.09.2026 15:13:37,Акрон,Дубль 66,
Важно,❗️🇷🇺#AKRN #дивиденд СД АКРОН: ДИВИДЕНДЫ ИЗ НЕРАСПРЕДЕЛЕННОЙ ПРИБЫЛИ ПРОШЛЫХ ЛЕТ 146 РУБ/АКЦ ВОСА - 22 октября отсечка - 2 ноября,24.09.2026,15:09,MarketTwits,24.09.2026 15:09:15,Акрон,Дубль 66 (оригинал),
Важно,"Мишустин: Рост ВВП в 2027 году составит 1,4%, в дальнейшем динамика ускорится до 2,4% в 2029 году Расходы федерального бюджета РФ на 2027 год запланированы на уровне 48,8 трлн руб, доходы — 43,3 трлн руб. Читать далее 👉 https://smartlab.news/i/205299 мы в max",24.09.2026,15:58,СМАРТЛАБ НОВОСТИ,24.09.2026 15:58:05,ЦБ,Дубль 67,
Важно,"🇷🇺#экономика #россия #прогноз РОСТ ВВП РФ В 2027Г ОЖИДАЕТСЯ НА УРОВНЕ 1,4% С ПОСТЕПЕННЫМ УСКОРЕНИЕМ ДО 2,4% В 2029Г ОСНОВНЫМ ФАКТОРОМ РОСТА ВВП, СОГЛАСНО ПРОЕКТУ ФЕДЕРАЛЬНОГО БЮДЖЕТА РФ НА 2027 ГОД, СТАНЕТ ВНУТРЕННИЙ СПРОС ПРАВИТЕЛЬСТВО РФ ЗАВЕРШАЕТ ПОДГОТОВКУ ПРОЕКТА БЮДЖЕТА НА 2027-2029 ГОДЫ РАСХОДЫ ФЕДЕРАЛЬНОГО БЮДЖЕТА В 2027Г СОСТАВЯТ 48,8 ТРЛН РУБ. - МИШУСТИН",24.09.2026,15:44,MarketTwits,24.09.2026 15:44:03,ЦБ,Дубль 67 (оригинал),
Важно,"📈ТГК-2: Выработка электроэнергии в 1п2026 4,8 млрд кВт-ч против 4,7 кВт-ч годом ранее — Отчёт компании #TGKB Читать далее 👉 https://smartlab.news/i/205297 мы в max",24.09.2026,15:53,СМАРТЛАБ НОВОСТИ,24.09.2026 15:53:21,ТГК-2,Дубль 68,
Важно,"🇷🇺#TGKB #отчетность ТГК-2 В 1П 2026Г НАРАСТИЛА ВЫРАБОТКУ ЭЛЕКТРОЭНЕРГИИ НА 2,5%",24.09.2026,15:46,MarketTwits,24.09.2026 15:46:53,ТГК-2,Дубль 68 (оригинал),
Важно,"🚫🛢🇪🇺#топливо #европа Украинские атаки на НПЗ России усугубляют проблему с топливом в Европе — Макрон в интервью телеканалу TF1 Макрон заявил, что хочет обсудить со странами G7 высвобождение нефти из стратегических резервов",25.09.2026,9:21,MarketTwits,25.09.2026 9:21:03,Украина,Дубль 69,
Важно,"Макрон признал, что атаки ВСУ на российские НПЗ усугубляют проблему с ценами на топливо в Европе #LKOH #ROSN Читать далее 👉 https://smartlab.news/i/205358 мы в max",24.09.2026,22:47,СМАРТЛАБ НОВОСТИ,24.09.2026 22:47:34,"Лукойл, Роснефть",Дубль 69 (оригинал),
Важно,🏆🇷🇺#VTBR Путин присвоил главе ВТБ Костину звание героя труда,21.09.2026,14:44,MarketTwits,21.09.2026 14:44:50,ВТБ,Дубль 7,
Важно,Путин присвоил звание Героя Труда главе ВТБ Андрею Костину Читать далее 👉 https://smartlab.news/i/204778 мы в max,21.09.2026,14:18,СМАРТЛАБ НОВОСТИ,21.09.2026 14:18:39,,Дубль 7 (оригинал),
Важно,"⚠️🇪🇺🇷🇺🇺🇦#конфискация #россия #украина Украина потратит €90 млрд кредита ЕС раньше конца 2027 года. Спасать Киев в Европе планируют с помощью замороженных активов РФ — Известия Попытки конфискации российских активов могут усилиться в ближайшие месяцы — потому что в течение 2027 года противники спонсирования Украины могут усилить свои позиции в ходе выборов в Германии, Греции, Испании и Франции.",25.09.2026,9:50,MarketTwits,25.09.2026 9:50:35,Украина,Дубль 70,
Важно,"ЕС рассматривает возможность использовать замороженные российские активы для нового кредита Украине, если €90 млрд закончатся раньше срока — Известия Читать далее 👉 https://smartlab.news/i/205374 мы в max",25.09.2026,8:44,СМАРТЛАБ НОВОСТИ,25.09.2026 8:44:26,Украина,Дубль 70 (оригинал),
Важно,❗️🇷🇺#TATN #дивиденд акционеры ТАТНЕФТЬ утвердили дивиденды 1п 2026г 32.88 РУБ/АКЦ (ОБЫЧКА/ПРЕФ) отсечка - 13 октября,25.09.2026,10:02,MarketTwits,25.09.2026 10:02:42,Татнефть,Дубль 71,"Ошибка. Не является дублем новости ""❗️🇷🇺#AQUA #дивиденд акционеры Инарктика одобрили дивиденды 1п 2026г 10 РУБ/АКЦ отсечка - 4 октября"" так как связана с дивидендами Татнефти. "
Важно,❗️🇷🇺#AQUA #дивиденд акционеры Инарктика одобрили дивиденды 1п 2026г 10 РУБ/АКЦ отсечка - 4 октября,25.09.2026,10:00,MarketTwits,25.09.2026 10:00:23,Инарктика,Дубль 71 (оригинал),
Важно,"#СМИ Еще одна СВО отменяется — РИА Новости удалили статью Ранее РИА опубликовали материал, в котором обсуждалось еще одна военная операция России против Литвы из-за того, что правительство страны проголосовало за отмену запрета на размещение ядерного оружия у себя",25.09.2026,11:12,Сигналы РЦБ,25.09.2026 11:12:23,Украина,Дубль 72,
Важно,"⚠️🇷🇺🇱🇹#геополитика #россия #литва #нато Россию ждет еще одна СВО. Она будет очень короткой. Парламент Литвы одобрил поправку к конституции, которая отменяет запрет на размещение в стране ядерного оружия. Нельзя сказать, что у России вовсе нет выбора. У России есть выбор: как драться. Речь даже не о том, долго или быстро. Понятно, что быстро: военный конфликт в Прибалтике просто в силу географии не может быть таким же, как на Украине. — РИА UPD: РИА прокомментировала статью",25.09.2026,10:49,MarketTwits,25.09.2026 10:49:10,Украина,Дубль 72 (оригинал),
Важно,"❗️🇺🇦#украина #геополитика Украинская и американская переговорные группы договорились провести консультации с европейской стороной, после чего США в течение 10 дней проведут контакты с Россией и стороны вернутся к переговорам с определенным результатом — Зеленский",25.09.2026,11:50,MarketTwits,25.09.2026 11:50:21,Украина,Дубль 73,
Важно,"#Политика Украинская и американская переговорные группы договорились провести консультации с европейской стороной, после чего США в течение 10 дней проведут контакты с Россией и стороны вернутся к переговорам с определенным результатом, сообщил Зеленский.",25.09.2026,11:38,Сигналы РЦБ,25.09.2026 11:38:56,Украина,Дубль 73 (оригинал),
Важно,"🇷🇺🇺🇸#россия #сша ВОЗМОЖНОСТЬ ВСТРЕЧИ ПРЕДСТАВИТЕЛЕЙ РФ, США И УКРАИНЫ ОБСУЖДАЛАСЬ ПУТИНЫМ И ТРАМПОМ, НО КАКОЙ-ТО КОНКРЕТИКИ ПОКА НЕТ - ПЕСКОВ",25.09.2026,12:30,MarketTwits,25.09.2026 12:30:36,Украина,Дубль 74,
Важно,"❗️🇺🇦#украина #геополитика ТРЕХСТОРОННЯЯ ВСТРЕЧА РОССИИ, США И УКРАИНЫ МОЖЕТ СОСТОЯТЬСЯ В БЛИЖАЙШЕЕ ВРЕМЯ, НО КОНКРЕТИКИ ПОКА НЕТ — ПЕСКОВ",25.09.2026,12:31,MarketTwits,25.09.2026 12:31:32,Украина,Дубль 74,
Важно,Песков: Конкретики по организации трехсторонней встречи по Украине пока нет Читать далее 👉 https://smartlab.news/i/205456 мы в max,25.09.2026,12:32,СМАРТЛАБ НОВОСТИ,25.09.2026 12:32:22,Украина,Дубль 74,
Важно,"#Политика ТРЕХСТОРОННЯЯ ВСТРЕЧА РОССИИ, США И УКРАИНЫ МОЖЕТ СОСТОЯТЬСЯ В БЛИЖАЙШЕЕ ВРЕМЯ, НО КОНКРЕТИКИ ПОКА НЕТ — ПЕСКОВ",25.09.2026,12:30,Сигналы РЦБ,25.09.2026 12:30:34,Украина,Дубль 74 (оригинал),
Важно,Песков: Дмитриев продолжает контакты с переговорщиками США и концентрируется на вопросах потенциального взаимодействия в сфере экономики Читать далее 👉 https://smartlab.news/i/205455 мы в max,25.09.2026,12:31,СМАРТЛАБ НОВОСТИ,25.09.2026 12:31:52,,Дубль 75,
Важно,"🇷🇺🇺🇸#россия #сша Дмитриев продолжает контакты с американскими переговорщиками, основная тема — потенциальное экономическое сотрудничество России и США — Песков",25.09.2026,12:31,MarketTwits,25.09.2026 12:31:04,,Дубль 75 (оригинал),
Важно,"Песков: Для снятия запрета на экспорт дизеля недостаточно обеспечить внутренние потребности и запасы, необходимо также снять санкции на его импорт и обеспечить безопасность судоходства в Чёрном море Читать далее 👉 https://smartlab.news/i/205495 мы в max",25.09.2026,15:43,СМАРТЛАБ НОВОСТИ,25.09.2026 15:43:42,,Дубль 76,
Важно,"❗️🛢🇷🇺#топливо #россия #санкции ДЛЯ СНЯТИЯ ЗАПРЕТА НА ЭКСПОРТ ДИЗЕЛЯ ИЗ РФ НЕДОСТАТОЧНО ОБЕСПЕЧИТЬ РОССИЙСКИЕ НУЖДЫ, НУЖНО СНЯТЬ САНКЦИИ НА ЕГО ИМПОРТ — ПЕСКОВ",25.09.2026,15:10,MarketTwits,25.09.2026 15:10:11,,Дубль 76 (оригинал),
Важно,СД МД Медикал Груп рассмотрит промежуточные дивиденды 30 сентября — раскрытие #MDMG Читать далее 👉 https://smartlab.news/i/205519 мы в max,25.09.2026,18:01,СМАРТЛАБ НОВОСТИ,25.09.2026 18:01:01,МД Медикал Груп,Дубль 77,
Важно,❗️🇷🇺#MDMG #дивиденд 30 сентября - МД Медикал Груп - сд по дивидендам,25.09.2026,18:00,MarketTwits,25.09.2026 18:00:42,МД Медикал Груп,Дубль 77 (оригинал),
Важно,"🇺🇸🇨🇳🇷🇺#атэс #сша #китай #россия ТРАМП ЗАЯВИЛ, ЧТО ПОЕДЕТ НА САММИТ АТЭС В КИТАЕ В НОЯБРЕ ———————————— Путин тоже подтвердил готовность принять участие в саммите АТЭС в Шэньчжене в ноябре ранее в МИД России допустили встречу Путина, Трампа и Си Цзиньпина в Китае *саммит АТЭС пройдет 18–19 ноября в Шэньчжэне",25.09.2026,18:16,MarketTwits,25.09.2026 18:16:52,,Дубль 78,
Важно,"#Политика Трамп заявил, что поедет на саммит АТЭС в Китае в ноябре. Ранее Песков заявлял, что на саммите гипотетически возможна встреча Путина, Си и Трампа",25.09.2026,18:24,Сигналы РЦБ,25.09.2026 18:24:32,,Дубль 78,
Важно,"Трамп заявил, что поедет на саммит АТЭС в Китае в ноябре Где должен быть и Путин. Читать далее 👉 https://smartlab.news/i/205520 мы в max",25.09.2026,18:12,СМАРТЛАБ НОВОСТИ,25.09.2026 18:12:46,,Дубль 78 (оригинал),
Важно,"#Политика Путин в беседе с журналистами: РОССИЙСКИЙ ОТВЕТ НА АТАКИ КИЕВА ОКАЗАЛСЯ ТАКИМ, ЧТО ТОТ ЗАПРОСИЛ ПЕРЕМИРИЕ РФ БЫЛА ГОТОВА ВОЗОБНОВИТЬ ПЕРЕГОВОРЫ С КИЕВОМ ПОСЛЕ ВЫБОРОВ, НО УКРАИНА ПОПЫТАЛАСЬ НАНЕСТИ УДАРЫ ПО МОСКВЕ И АТАКОВАЛА ИЗБИРАТЕЛЬНЫЕ УЧАСТКИ - ПУТИН ЭТО КИЕВ НАЧАЛ АТАКИ ПО ГРАЖДАНСКОЙ ИНФРАСТРУКТУРЕ, ТЕПЕРЬ ОН ДОЛЖЕН ПОЧУВСТВОВАТЬ ОТВЕТ - ПУТИН ВСЕ ПРЕДЛОЖЕНИЯ ПО МИРНОМУ УРЕГУЛИРОВАНИЮ ""НА СТОЛЕ"", НО РФ ЕЩЕ НУЖНО ПОДУМАТЬ, ЧТО В ЕЕ ИНТЕРЕСАХ - ПУТИН",25.09.2026,20:04,Сигналы РЦБ,25.09.2026 20:04:36,Украина,Дубль 79,
Важно,"⚠️🇺🇦#украина #геополитика Россия была готова возобновить переговоры с Киевом после выборов, но Украина попыталась нанести удары по Москве и атаковала избирательные участки. Россия восстановила ущерб после атак Киева. У Киева нет способа противодействовать ""Гераням"". Киев должен понять: никакие провокации не улучшат его положения. Все предложения по мирному урегулированию ""на столе"", но РФ еще нужно подумать, что в ее интересах. Агрессивные круги в Европе хотят использовать Украину как пушечное мясо для ограничения развития России. Россия не готовится к войне с Европой, для этого нет мотивов и оснований. -- Путин",25.09.2026,20:08,MarketTwits,25.09.2026 20:08:05,Украина,Дубль 79,
Важно,"Путин: - Россия была готова возобновить переговоры с Киевом после выборов, но Украина попыталась нанести удар по Москве и атаковала избирательные участки. - Те, кто работает с Россией, не могут испугаться и убежать — Путин о попытках Киева атаковать ПМЭФ. - Ответ РФ на атаки Киева был настолько чувствительным, что тот запросил перемирие. - У Киева нет способа противодействовать «Гераням». - Россия не готовится к войне с Европой, для этого нет мотивов и оснований. - Все предложения по мирному урегулированию ""на столе"", но РФ еще нужно подумать, что в ее интересах. - Киев должен понять: никакие провокации не улучшат его положения. - Экономические отношения России и США сейчас почти равны нулю. Читать далее 👉 https://smartlab.news/i/205532 мы в max",25.09.2026,19:59,СМАРТЛАБ НОВОСТИ,25.09.2026 19:59:39,Украина,Дубль 79 (оригинал),
Важно,"⚠️🇷🇺#налоги #россия Решений по windfall tax по-прежнему нет, ""осень только началась"" Минфин РФ по-прежнему планирует осенью оценить необходимость введения НДС на операции в СБП Минфин ждет предложений Минэнерго по расширению перечня четвертой группы НДД Минфин РФ до конца октября определит позицию по налогообложению трудноизвлекаемого газ Минфин с бизнесом прорабатывает изменения в налоговое законодательство для учета расходов на защиту и ремонт объектов после атак бпла - Сазанов",21.09.2026,14:50,MarketTwits,21.09.2026 14:50:07,Украина,Дубль 8,
Важно,#Макро МИНФИН С БИЗНЕСОМ ПРОРАБАТЫВАЕТ ИЗМЕНЕНИЯ В НАЛОГОВОЕ ЗАКОНОДАТЕЛЬСТВО ДЛЯ УЧЕТА РАСХОДОВ НА ЗАЩИТУ И РЕМОНТ ОБЪЕКТОВ ПОСЛЕ АТАК БПЛА — ТАСС МИНФИН РФ ПОКА НЕ ПРИНЯЛ РЕШЕНИЕ ПО НАЛОГУ НА СВЕРХПРИБЫЛЬ - ЗАММИНИСТРА САЗАНОВ,21.09.2026,14:30,Сигналы РЦБ,21.09.2026 14:30:35,Украина,Дубль 8 (оригинал),
Важно,"#Политика Трамп попросил Зеленского встретиться с Путиным в Москве для мирных переговоров — BLOOMBERG Зеленский отклонил призыв, прозвучавший во время его встречи с американским лидером в ООН, и люди, знакомые с позицией украинского президента, сказали, что поднятие Трампом этого вопроса расстроило его.",25.09.2026,20:36,Сигналы РЦБ,25.09.2026 20:36:33,Украина,Дубль 80,
Важно,"#Политика Зеленский отклонил предложение Трампа, озвученное во время его встречи с американским лидером в ООН; по словам людей, знакомых с позицией президента Украины, тот факт, что Трамп поднял этот вопрос, вызвал у него недовольство.",25.09.2026,20:43,Сигналы РЦБ,25.09.2026 20:43:31,Украина,Дубль 80,Ошибка. Это конечно же продолжение одной истории но фактически это заявления об опровержении заявлений Трампа
Важно,❗️🇺🇦#украина #геополитика Трамп призвал Зеленского встретиться с Путиным в Москве для мирных переговоров -- BBG,25.09.2026,21:13,MarketTwits,25.09.2026 21:13:19,Украина,Дубль 80,
Важно,В офисе Зеленского опровергли просьбу Трампа о встрече с Путиным в Москве — FT Читать далее 👉 https://smartlab.news/i/205542 мы в max,25.09.2026,22:27,СМАРТЛАБ НОВОСТИ,25.09.2026 22:27:02,Украина,Дубль 80,Ошибка. Это конечно же продолжение одной истории но фактически это заявления об опровержении заявлений Трампа
Важно,Трамп призвал Зеленского встретиться с Путиным в Москве — Bloomberg Зеленский отклонил просьбу Читать далее 👉 https://smartlab.news/i/205535 мы в max,25.09.2026,20:36,СМАРТЛАБ НОВОСТИ,25.09.2026 20:36:31,Украина,Дубль 80 (оригинал),
Важно,🇩🇪🇷🇺#G20 #россия #германия Глава МИД Германии Йоханн Вадефуль поддержал приглашение Путина на саммит G20 в США,26.09.2026,11:16,MarketTwits,26.09.2026 11:16:50,,Дубль 81,
Важно,Глава МИД Германии приветствует приглашение Путина на G20 — DPA Читать далее 👉 https://smartlab.news/i/205541 мы в max,25.09.2026,22:00,СМАРТЛАБ НОВОСТИ,25.09.2026 22:00:20,,Дубль 81 (оригинал),
Важно,"⚠️🇩🇪#германия #европа #нато #геополитика «Он вынул записку и зачитал текст который полностью воспроизводил то, что Германия устами своих руководителей официально, публично заявляет ежедневно. Ничего нового я оттуда не извлёк». Сергей Лавров рассказал о встрече с главой МИД ФРГ Вадефулем на полях Генассамблеи ООН.",26.09.2026,22:57,MarketTwits,26.09.2026 22:57:04,Украина,Дубль 82,Ошибка. Это конечно же продолжение одной истории но не является дублем как таковым. Дубль 82 (оригинал) - это факт встречи Лаврова и МИД Германии. Дубль 82 - это факт того что произошло на этой встрече
Важно,"❗️🇷🇺🇩🇪#россия #геормания #оон Лавров на полях Генассамблеи ООН проводит первую за 4,5 года встречу с главой МИД Германии — ТАСС встреча проходит по инициативе Германии",26.09.2026,17:33,MarketTwits,26.09.2026 17:33:01,,Дубль 82 (оригинал),
Важно,"Трамп: Надеюсь, что когда-нибудь, возможно, в ближайшее время, а может, ещё до наступления суровой зимы, Украина и Россия заключат соглашение Читать далее 👉 https://smartlab.news/i/205550 мы в max",26.09.2026,18:41,СМАРТЛАБ НОВОСТИ,26.09.2026 18:41:06,Украина,Дубль 83,
Важно,"🇺🇦#украина #геополитика #трамп Надеюсь, в ближайшее время, возможно, еще до наступления зимы, Россия и Украина заключат соглашение, — Трамп",26.09.2026,17:40,MarketTwits,26.09.2026 17:40:11,Украина,Дубль 83 (оригинал),
Важно,"Путин планирует посетить саммит АТЭС в Китае, который пройдет 18-19 ноября — Песков Читать далее 👉 https://smartlab.news/i/205554 мы в max",27.09.2026,18:56,СМАРТЛАБ НОВОСТИ,27.09.2026 18:56:34,,Дубль 84,
Важно,"🇷🇺#атэс #россия Кремль исходит из того, что Путин поедет на саммит АТЭС в Китае — Песков ТАСС: Песков назвал саммит АТЭС хорошей возможностью для встречи Путина с лидерами США и Китая",27.09.2026,12:22,MarketTwits,27.09.2026 12:22:29,,Дубль 84 (оригинал),
Важно,"#Политика ТРАМП ЗАЯВИЛ, ЧТО ЗЕЛЕНСКИЙ СКАЗАЛ ЕМУ, ЧТО УКРАИНА, ВОЗМОЖНО, ""СБАВИТ ОБОРОТЫ"" В ОТНОШЕНИИ УДАРОВ ПО РОССИЙСКИМ НПЗ — ТАСС",28.09.2026,0:11,Сигналы РЦБ,28.09.2026 0:11:50,Украина,Дубль 85,
Важно,"Трамп заявил, что Зеленский сказал ему, что украинская армия, возможно, ""сбавит обороты"" в ударах по российским НПЗ «Я говорил с Зеленским, я сказал ему: «вам стоило бы сбавить обороты с [российскими] нефтеперерабатывающими заводами». <...> Он ответил: «возможно, мы так и сделаем», — сказал Трамп. Читать далее 👉 https://smartlab.news/i/205560 мы в max",28.09.2026,6:53,СМАРТЛАБ НОВОСТИ,28.09.2026 6:53:19,Украина,Дубль 85,
Важно,"❗️🛢🇺🇸🇺🇦#топливо #трамп #сша #украина #россия #геополитика Трамп заявил, что разговаривал с Зеленским и призвал его «сбавить обороты» в отношении атак на НПЗ. Возложил ответственность за дефицит дизеля на украинские удары по российским НПЗ. По его словам, США «очень серьезно» рассматривают возможность введения запрета на экспорт дизельного топлива и могут его ввести. Он добавил, что этот шаг может привести к небольшому росту цен на бензин. Трамп заявил, что Зеленский сказал ему, что Украина возможно сможет может ""сбавить обороты"" в отношении ударов по российским НПЗ.",28.09.2026,0:09,MarketTwits,28.09.2026 0:09:45,Украина,Дубль 85 (оригинал),
Важно,"#Политика К сожалению, Россия утратила контроль над своей нефтеперерабатывающей промышленностью из-за войны с Украиной. Большое количество российских нефтеперерабатывающих заводов было взорвано и, по крайней мере временно, выведено из строя — Трамп в Truth Social Эту нелепую и бесконечную войну с Украиной необходимо прекратить",21.09.2026,15:05,Сигналы РЦБ,21.09.2026 15:05:01,Украина,Дубль 9,
Важно,Трамп: Россия утратила контроль над своей отраслью по производству дизельного топлива из-за войны с Украиной. Большинство НПЗ выведено из строя. Эта нелепая и бесконечная война должна закончиться Читать далее 👉 https://smartlab.news/i/204794 мы в max,21.09.2026,15:10,СМАРТЛАБ НОВОСТИ,21.09.2026 15:10:02,Украина,Дубль 9,
Важно,"❗️🇺🇸🇺🇦#украина #бензин #трамп #выборы #сша К сожалению, Россия утратила контроль над своей нефтеперерабатывающей промышленностью из-за войны с Украиной. Большое количество российских нефтеперерабатывающих заводов было взорвано и, по крайней мере временно, выведено из строя. Эту нелепую и бесконечную войну с Украиной необходимо прекратить. — ТРАМП",21.09.2026,15:04,MarketTwits,21.09.2026 15:04:21,Украина,Дубль 9 (оригинал),
Не важно,mt в max 🗓КАЛЕНДАРЬ НА СЕГОДНЯ — 2026.09.21 🇷🇺Московский финансовый форум (МФФ-2026) 🇯🇵Япония - нет торгов 🇺🇸США - Chicago Fed National Activity (авг) - 15:30мск 🇨🇦глава ЦБ Канады Маклем - 18:05мск 🇫🇮#NOK акции Nokia возвращаются в индекс Euro Stoxx 50,21.09.2026,6:51,MarketTwits,21.09.2026 6:51:06,,,
Не важно,🌎#markets,21.09.2026,6:52,MarketTwits,21.09.2026 6:52:53,,,
Не важно,🌎#fx USDCNY = 6.69 USDTRUB = 88.3,21.09.2026,6:54,MarketTwits,21.09.2026 6:54:02,,,
Важно,Трамп в телефонном разговоре с Зеленским многократно просил его прекратить атаковать российские НПЗ — Axios Читать далее 👉 https://smartlab.news/i/204705 мы в max,21.09.2026,6:56,СМАРТЛАБ НОВОСТИ,21.09.2026 6:56:31,Украина,,
Важно,Зеленский и Трамп в ходе телефонного разговора договорились о встрече в Нью-Йорке Читать далее 👉 https://smartlab.news/i/204706 мы в max,21.09.2026,6:57,СМАРТЛАБ НОВОСТИ,21.09.2026 6:57:17,Украина,,
Возможно,"❗️🇮🇷#иран #геополитика #саравия Трамп, боясь открыть новый фронт, в последний момент отказался от ударов по хуситам, несмотря на просьбы наследного принца С.Аравии Мухаммеда бин Салмана — NYT",21.09.2026,6:57,MarketTwits,21.09.2026 6:57:58,,,
Возможно,"#Политика Трамп, боясь открыть новый фронт, в последний момент отказался от ударов по хуситам, несмотря на просьбы наследного принца С.Аравии Мухаммеда бин Салмана — New York Times",21.09.2026,6:59,Сигналы РЦБ,21.09.2026 6:59:54,,,
Не важно,"🇺🇸🇨🇳#сша #китай #торговля #ии Глава Минфина США Бессент сообщил, что США и Китай провели в воскресенье крайне успешные переговоры по торговле и ИИ встреча Трампа с Си запланирована на 24 сентября",21.09.2026,7:01,MarketTwits,21.09.2026 7:01:03,,,
Возможно,Стремительное наращивание военных расходов Германии меняет баланс сил в Европе и вызывает опасения у Франции и Польши — WSJ Читать далее 👉 https://smartlab.news/i/204707 мы в max,21.09.2026,7:01,СМАРТЛАБ НОВОСТИ,21.09.2026 7:01:36,,,
Не важно,"🛢#нефть = -2% Трамп (по крайней мере пока) отказался атаковать хуситов по просьбе С.Аравия тем не менее, Иран готовится к скорому мощному возобновлению ударов со стороны США",21.09.2026,7:05,MarketTwits,21.09.2026 7:05:58,,,
Не важно,"⬆️🇺🇸#акции #сша Рост в акциях США продолжается. впереди - переговоры Трампа и Си Цзиньпина начинается исторически сильнейший период для акций США (в идеале, в середине сентября наступает кульминация продаж, после чего начинается исторически сильный 4кв) рынки также ждут ""предвыборный памп""",21.09.2026,7:12,MarketTwits,21.09.2026 7:12:24,,,
Возможно,"С начала года объем размещений ипотечных ценных бумаг под гарантии Дом.PФ достиг почти ₽455 млрд. Если темпы сохранятся, по итогам года рынок может превысить ₽700 млрд и обновить исторический максимум Читать далее 👉 https://smartlab.news/i/204708 мы в max",21.09.2026,7:12,СМАРТЛАБ НОВОСТИ,21.09.2026 7:12:52,,,
Не важно,"🇺🇸#акции #сша #обзор Корреляция между акциями Бигтехов и остальными акциями из индекса S&P 500 упала до самого низкого уровня за последние 22 года Nasdaq с прошлой недели опять ведет себя сильнее SP500 после нескольких месяцев относительной слабости — мониторинг Впереди - новый сезон отчетностей в котором ожидается, что Бигтехи станут локомотивом хороших результатов из-за бума ИИ",21.09.2026,7:19,MarketTwits,21.09.2026 7:19:42,,,
Не важно,"🇺🇸#акции #сша #обзор 53% розничных инвесторов сейчас настроены по-медвежьи в отношении акций США — это самый высокий показатель с мая 2025 года — CNBC, опрос AAII исторически bullish",21.09.2026,7:22,MarketTwits,21.09.2026 7:22:36,,,
Не важно,"⬆️✴️#ETH #крипто #обзор ETH тестирует отметку $2700, это максимум с января 2026г. Виталик одобряет.",21.09.2026,7:25,MarketTwits,21.09.2026 7:25:21,,,
Возможно,Российский энергетический уголь в порту Восточный подорожал до $106 за тонну — максимум с конца 2023 года. При этом рост логистических затрат может съесть прибыль отрасли — Ъ #MTLR #RASP Читать далее 👉 https://smartlab.news/i/204710 мы в max,21.09.2026,7:29,СМАРТЛАБ НОВОСТИ,21.09.2026 7:29:52,,,
Не важно,"⬆️✴️#BTC #крипто #обзор BTC тестирует отметку $82 000, на которой пока встречает сопротивление как и в акциях, рынки ждут ""предвыборный памп"" в крипте — мониторинг",21.09.2026,7:30,MarketTwits,21.09.2026 7:30:02,,,
Важно,"🇷🇺#акции #россия #обзор IMOEX пока не знает, что ему делать... выборы в ГД РФ прошли, власти РФ мобилизацию опровергают, Трамп то ли введет адские санкции, то ли не введет",21.09.2026,7:33,MarketTwits,21.09.2026 7:33:36,Украина,,
Важно,"❗️🇩🇪#выборы #германия АдГ победила на выборах в парламент земли Мекленбург — Передняя Померания ХДС Мерца не преодолела даже 5%-ного барьера. Мерц назвал результаты ХДС на выборах в ландтаг Мекленбурга — Передней Померании «катастрофой» АдГ также заняла первое место на недавних выборах в земле Саксония-Анхальт, едва не получив абсолютное большинство голосов, в то время как ХДС Мерца потерял более половины своей электоральной поддержки. Лидер АдГ Вайдель заявила, что Германия снова нуждается в российском газе АдГ выступает за отмену санкций против России, восстановление отношений с Москвой, ограничение иммиграции, пересмотр отношений ФРГ с Евросоюзом, а также за отказ от предоставления военной помощи Киеву.",21.09.2026,7:41,MarketTwits,21.09.2026 7:41:38,Украина,,
Не важно,ЦБ ограничит вложения банков в криптовалюты 1% от капитала и введет для них риск-вес 1250% — Ведомости Читать далее 👉 https://smartlab.news/i/204712 мы в max,21.09.2026,7:54,СМАРТЛАБ НОВОСТИ,21.09.2026 7:54:17,,,
Не важно,🌕#золото #обзор Мировые ЦБ нарастили запасы золота на балансах до максимума с 1990х — данные WGC,21.09.2026,7:55,MarketTwits,21.09.2026 7:55:01,,,
Возможно,"🇷🇺🇺🇸#россия #сша #геополитика Россия и США намерены в ближайшее время провести рабочие контакты по снятию раздражителей в двусторонних отношениях, сообщил ТАСС российский посол в Вашингтоне Александр Дарчиев",21.09.2026,8:06,MarketTwits,21.09.2026 8:06:17,,,
Возможно,"Российский чугун за неделю подорожал на $5, до $345–350 за тонну, но дорогая логистика через Балтику ограничивает эффект роста цен — Ъ #CHMF #MAGN #NLMK Читать далее 👉 https://smartlab.news/i/204717 мы в max",21.09.2026,8:07,СМАРТЛАБ НОВОСТИ,21.09.2026 8:07:28,,,
Возможно,Россия и США проведут контакты по снятию раздражителей в отношениях — посол РФ в Вашингтоне Александр Дарчиев Читать далее 👉 https://smartlab.news/i/204718 мы в max,21.09.2026,8:08,СМАРТЛАБ НОВОСТИ,21.09.2026 8:08:41,,,
Возможно,"🇺🇸#выборы #сша #трамп Трамп заявил, что цены на бензин при Байдене в США были намного выше, как и все остальные цены Глава ЦЕНКОМ США заявил, что перевозки через Ормуз выросли до максимума за 6 месяцев",21.09.2026,8:13,MarketTwits,21.09.2026 8:13:18,,,
Возможно,"❗️🇷🇺#выборы #россия ЦИК: «Единая Россия» на выборах в Думу получила больше голосов, чем в 2021 году эксперты по мощнейшим сигналам называют результаты выборов в ГД РФ мощнейшим сигналом Западу о том, что курс России не меняется",21.09.2026,8:18,MarketTwits,21.09.2026 8:18:52,,,
Возможно,Сбер ожидает полноценного восстановления инвестиций бизнеса лишь к концу 2027 года при ставке около 12% Читать далее 👉 https://smartlab.news/i/204719 мы в max,21.09.2026,8:21,СМАРТЛАБ НОВОСТИ,21.09.2026 8:21:18,,,
Не важно,🇨🇳#недвижимость #китай Цены на жилую недвижимость в Китае продолжают падать на фоне снижения спроса — BIS,21.09.2026,8:28,MarketTwits,21.09.2026 8:28:31,,,
Возможно,🇷🇺#недвижимость #россия Цены на жилую недвижимость в России продолжают расти на фоне снижения спроса — Известия,21.09.2026,8:30,MarketTwits,21.09.2026 8:30:45,,,
Возможно,💥🇷🇺#WUSH Whoosh продолжает развивать свое присутствие в Латинской Америке: сервис запустился в двух новых городах Бразилии — экономически развитой Куритибе и туристическом Кампос-ду-Жордау. На старте Whoosh разместит в обоих городах до полутора тысяч электросамокатов. — релиз,21.09.2026,8:34,MarketTwits,21.09.2026 8:34:16,,,
Возможно,Whoosh запустился еще в двух городах Бразилии и расширил присутствие в стране до семи локаций #WUSH Читать далее 👉 https://smartlab.news/i/204721 мы в max,21.09.2026,8:36,СМАРТЛАБ НОВОСТИ,21.09.2026 8:36:42,,,
Важно,"Минфин после почти двухмесячной паузы вернулся на рынок с крупными размещениями. ОФЗ с доходностью до 16,3% подняли планку для корпоративных облигаций и заставляют бизнес занимать дороже — Forbes Читать далее 👉 https://smartlab.news/i/204722 мы в max",21.09.2026,8:40,СМАРТЛАБ НОВОСТИ,21.09.2026 8:40:52,Российская компания,,
Возможно,"❗️🇷🇺#ии #россия #YDEX «Яндекс» разработал собственную ИИ-модель Alice AI Foundation LLM, обученную с нуля без использования сторонних иностранных составляющих. Компания позиционирует ее как полностью суверенную.",21.09.2026,8:45,MarketTwits,21.09.2026 8:45:02,,,
Не важно,"⚠️🇫🇷#долг #дефолт #франция Глава Счетной палаты Франции Амели де Моншален в интервью Parisien предупредила об угрозе суверенитету из-за роста госдолга По ее словам, в 2026 году расходы на выплату процентов по французскому долгу достигнут 80 млрд евро, что «значительно больше, чем бюджет министерства национального образования (65 млрд), на 40 % превышает бюджет вооруженных сил и в шесть раз больше бюджета системы правосудия». ——————————————- Путь Франции к суверенному дефолту будет продолжен, прогнозируют эксперты",21.09.2026,8:52,MarketTwits,21.09.2026 8:52:27,,,
Не важно,🔔 Доброе утро! Сегодня 21.09 ожидаем следующие события: 🇷🇺 Яндекс: YDEX: закрытие реестра по дивидендам 110 руб 🇷🇺 Диасофт: DIAS: закрытие реестра по дивидендам 16 руб 📆 Полный календарь тут: https://smart-lab.ru/calendar/stocks/ ✊Удачных инвестиций!,21.09.2026,9:00,СМАРТЛАБ НОВОСТИ,21.09.2026 9:00:02,,,
Не важно,"⬆️✴️#ZEC = +5% ZCash запланировал на 5 ноября обновление, которое ускорит формирования блоков в сети и платежи в 3 раза - до 25 сек Zcash targets November upgrade to make private payments up to three times faster. NU7 would reduce block times to 25 seconds while setting aside at least 60% of transaction fees to supplement mining rewards beginning in 2031.",21.09.2026,9:04,MarketTwits,21.09.2026 9:04:32,,,
Возможно,"Просрочка россиян по ипотеке во II кв 2026 года увеличилась на 73,4% г/г Читать далее 👉 https://smartlab.news/i/204724 мы в max",21.09.2026,9:05,СМАРТЛАБ НОВОСТИ,21.09.2026 9:05:02,,,
Возможно,"#Политика Кадыров побеждает с результатом в 99,85% на выборах главы Чечни после обработки 100% протоколов — данные ЦИК",21.09.2026,9:09,Сигналы РЦБ,21.09.2026 9:09:11,,,
Не важно,"✴️🇺🇸#стейблкоины #крипто #GOOGL #AAPL Apple и Google набирают сотрудников на должности, связанные со стейблкоинами, в рамках развития платёжного и финансового бизнеса — анализ Digital Asset Apple, Google Hire for Stablecoin Roles as They Explore New Payments and Finance Businesses Digital Asset reported on September 20, after reviewing the companies’ job postings, that Apple and Google are recruiting candidates with knowledge of or hands-on experience in stablecoins and blockchain in the US and Hong Kong, respectively.",21.09.2026,9:09,MarketTwits,21.09.2026 9:09:30,,,
Возможно,"#WUSH Whoosh запустился еще в двух городах Бразилии: Куритибе и Кампос-ду-Жордау — компания На старте в этих городах планируют разместить до 1500 самокатов. Теперь сервис работает в 7 локациях региона. Куритиба — один из крупнейших городов юга Бразилии с населением 1,8 млн человек и развитой велоинфраструктурой. Кампос-ду-Жордау — один из крупнейших туристических центров штата Сан-Паулу.",21.09.2026,9:16,Сигналы РЦБ,21.09.2026 9:16:03,,,
Возможно,МНЕНИЕ: Аналитики ВТБ Мои Инвестиции обновили ТОП-10 российских акций: добавили ММК и исключили МТС #MAGN #MTSS Читать далее 👉 https://smartlab.news/i/204725 мы в max,21.09.2026,9:17,СМАРТЛАБ НОВОСТИ,21.09.2026 9:17:30,,,
Не важно,"🌎#роботы #макро В прошлом году во всем мире было продано 7000 человекоподобных роботов, согласно данным данным Международной федерации робототехники — RTRS ————————————— Tesla ранее подтвердила запуск серийного производства роботов Optimus первого поколения на заводе во Фримонте. Пилотная линия рассчитана на масштаб до 1 млн единиц в год. Китайский XPeng панирует начать серийное производство человекоподобных роботов к концу 2026 г. Компания рассчитывает выпускать более 1 тыс. роботов ежемесячно. #XPEV #TSLA",21.09.2026,9:21,MarketTwits,21.09.2026 9:21:30,,,
Не важно,"#Макро Государственный долг Франции в 2026 году достигнет 119,3% ВВП. Это самый высокий уровень с 1978 года из-за дефицита бюджета. По данному показателю Франция занимает третье место среди стран еврозоны по уровню задолженности, уступая только Греции и Италии, сообщает Euractiv. По информации источников агентства, в 2027 году госдолг может вырасти до 121,7% ВВП, что вдвое превышает целевой показатель в 60% ВВП, к которому должны стремиться страны-члены ЕС.",21.09.2026,9:23,Сигналы РЦБ,21.09.2026 9:23:05,,,
Не важно,"Сибур начал пусконаладочные работы завода полипропилена в Тобольске. Мощность комплекса составит 570 тыс. т в год, а запуск запланирован на 2027 год — ТАСС #SIBR Читать далее 👉 https://smartlab.news/i/204726 мы в max",21.09.2026,9:23,СМАРТЛАБ НОВОСТИ,21.09.2026 9:23:30,,,
Не важно,🇺🇸🇨🇳#роботы #сша #китай Китай начал проводить поединки роботов. В США решили не отставать и запустили махачь между роботом и человеком.,21.09.2026,9:26,MarketTwits,21.09.2026 9:26:46,,,
Возможно,Замедление роста зарплат начинает охлаждать потребительский спрос в России — Ъ #MGNT #X5 Читать далее 👉 https://smartlab.news/i/204727 мы в max,21.09.2026,9:28,СМАРТЛАБ НОВОСТИ,21.09.2026 9:28:49,,,
Не важно,"✴️#BTC #крипто #обзор #макро По состоянию на август 2026 года BTC составляет всего лишь 0,5% от мировых финансовых активов. — RIVER Расти есть куда. Bullish! — эксперты",21.09.2026,9:31,MarketTwits,21.09.2026 9:31:10,,,
Возможно,Инвесторы предупредили ЦБ о риске потери налоговых льгот по ИИС при обязательном выкупе акций ЮГК — РБК #UGLD Читать далее 👉 https://smartlab.news/i/204728 мы в max,21.09.2026,9:33,СМАРТЛАБ НОВОСТИ,21.09.2026 9:33:11,,,
Не важно,"Около 20 млн россиян пользуются криптовалютами, а объем вложений в ЦФА оценивается в ₽3,7 трлн — замминистра финансов Иван Чебесков Читать далее 👉 https://smartlab.news/i/204729 мы в max",21.09.2026,9:35,СМАРТЛАБ НОВОСТИ,21.09.2026 9:35:24,,,
Не важно,"⚠️🇩🇪#VOW Акции Volkswagen вылетели из индекса голубых фишек Euro Stoxx 50 index компания торгуется на минимуме за 16 лет, акции упали на 75% с 2021г",21.09.2026,9:41,MarketTwits,21.09.2026 9:41:10,,,
Не важно,Минцифры может субсидировать создание русскоязычных датасетов для обучения крупных ИИ-моделей — Ъ #SBER #YDEX Читать далее 👉 https://smartlab.news/i/204730 мы в max,21.09.2026,9:41,СМАРТЛАБ НОВОСТИ,21.09.2026 9:41:32,,,
Не важно,"✴️🇷🇺#крипто #россия #макро Порядка 20 млн пользователей криптовалют насчитывается в России, по экспертным оценкам, а общий объем вложений граждан - 3,7 трлн рублей, заявил заместитель министра финансов Иван Чебесков в интервью ТАСС",21.09.2026,9:42,MarketTwits,21.09.2026 9:42:25,,,
Возможно,#NVTK Китай отправил в Россию два модуля генерации для второй линии «Арктик СПГ 2» — Коммерсантъ,21.09.2026,9:47,Сигналы РЦБ,21.09.2026 9:47:15,,,
Не важно,"🧠#ии #событие 15 членов Совбеза ООН соберутся 23 сентября для обсуждения вопросов ИИ и международной безопасности. Заседание созвано Францией, председательствующей в Совете в сентябре. Глава OpenAI Сэм Альтман выступит в с докладом.",21.09.2026,9:49,MarketTwits,21.09.2026 9:49:28,,,
Не важно,"⬆️🇷🇺#уголь #россия Цены на российский энергетический уголь в порту Восточный превысили $106 за тонну, что стало максимумом с конца 2023 г — Ъ",21.09.2026,9:52,MarketTwits,21.09.2026 9:52:06,,,
Не важно,"🇪🇺#европа #today Австрия и еще 10 стран Евросоюза призывают приостановить принятие новых законов ЕС на 12 месяцев ради ""года упрощения"" — Politico",21.09.2026,9:54,MarketTwits,21.09.2026 9:54:40,,,
Возможно,Российские промышленные компании уходят от внешних ИИ-сервисов и вкладываются в собственные GPU и закрытые контуры — РБК Читать далее 👉 https://smartlab.news/i/204731 мы в max,21.09.2026,9:57,СМАРТЛАБ НОВОСТИ,21.09.2026 9:57:02,,,
Важно,"⚠️🇪🇺🇺🇦#европа #нато #украина #геополитика Украина является фактическим союзником Польши в том, чтобы держать Путина подальше от границ Польши, заявил глава МИД Польши Сикорский Урсула фон дер Ляйен недавно заявила, что Украина сражается за свободу Европы Многие эксперты считают, что план Европы состоит в том, чтобы продолжать ""воевать Украиной"" против России как можно дольше, чтобы успеть подготовиться к большой войне с Россией. -- мониторинг",21.09.2026,9:59,MarketTwits,21.09.2026 9:59:57,Украина,,
Возможно,"КазТрансОйл транспортировал в направлении порта Новороссийск в августе 460 тыс т нефти (+27,7% м/м) из Казахстана, в направлении порта Усть-луга 200 тыс т (-30% м/м) Читать далее 👉 https://smartlab.news/i/204732 мы в max",21.09.2026,10:00,СМАРТЛАБ НОВОСТИ,21.09.2026 10:00:31,,,
Не важно,🇨🇳🇺🇸#событие #китай #сша С 23 по 25 сентября Си Цзиньпин совершит государственный визит в США — МИД КНР,21.09.2026,10:04,MarketTwits,21.09.2026 10:04:10,,,
Не важно,#Политика С 23 по 25 сентября Си Цзиньпин совершит государственный визит в США — МИД КНР,21.09.2026,10:04,Сигналы РЦБ,21.09.2026 10:04:38,,,
Возможно,"Экспорт продукции свиноводства за январь-август 2026 г. вырос на 26,9% г/г до $75,3 млн #RAGR Читать далее 👉 https://smartlab.news/i/204734 мы в max",21.09.2026,10:06,СМАРТЛАБ НОВОСТИ,21.09.2026 10:06:37,,,
Не важно,"МНЕНИЕ: JPMorgan Chase отказался от базового прогноза по нефти, так как не видит способа описать завершение конфликта с Ираном Впервые с начала конфликта с Ираном у нас нет базового прогноза. Мы попросту не знаем, как моделировать его завершение Читать далее 👉 https://smartlab.news/i/204735 мы в max",21.09.2026,10:07,СМАРТЛАБ НОВОСТИ,21.09.2026 10:07:37,,,
Возможно,"🇷🇺#YDEX #ии #россия Яндекс выложил в опенсорс свою новую ИИ-модель, обученную с нуля — релиз",21.09.2026,10:12,MarketTwits,21.09.2026 10:12:45,,,
Возможно,Экспорт СПГ из РФ в Китай в июле 2026г вырос на 43% г/г до 951 тыс т #GAZP #NVTK Читать далее 👉 https://smartlab.news/i/204736 мы в max,21.09.2026,10:15,СМАРТЛАБ НОВОСТИ,21.09.2026 10:15:13,,,
Не важно,✴️🇷🇺#крипто #россия #макро РОССИЙСКАЯ КРИПТОИНДУСТРИЯ В ЛЕГАЛЬНОМ ПОЛЕ НАЧНЕТ ФУНКЦИОНИРОВАТЬ ДО КОНЦА ГОДА — ПЕРВЫЙ ЗАМПРЕД ЦБ ЧИСТЮХИН до конца октября должны быть приняты 27 актов подзаконного регулирования закона о криптовалютах рынок может увидеть новых участников криптоотрасли с новыми полномочиями уже до конца года,21.09.2026,10:16,MarketTwits,21.09.2026 10:16:44,,,
Возможно,"#Нефтянка Глава Центрального командования ВС США заявил, что за последние две недели объемы нефти, СПГ и товаров через Ормуз были выше, чем когда-либо за последние полгода — Reuters Корабли сопровождались американскими военными, но шли через Ормуз с выключенными транспондерами, что не позволило подтвердить слова военного.",21.09.2026,10:16,Сигналы РЦБ,21.09.2026 10:16:53,,,
Не важно,"#Нефтянка Спутниковые данные свидетельствуют о том, что за последние шесть дней объем саудовской нефти, проходящей через Ормузский пролив, составил в среднем 2,9 млн баррелей в сутки по сравнению с 700 000 баррелей в сутки в августе — JPMorgan",21.09.2026,10:18,Сигналы РЦБ,21.09.2026 10:18:20,,,
Возможно,СИБУР готовит к запуску установки термолиза смешанного пластикового сырья — глава компании Михаил Карисалов #NKNC Читать далее 👉 https://smartlab.news/i/204737 мы в max,21.09.2026,10:18,СМАРТЛАБ НОВОСТИ,21.09.2026 10:18:59,,,
Важно,"🇪🇺#нато #today Глава МИД Польши Сикорский заявил в эфире CNN, что Польша может победить Россию за 6 недель. Зеленский на саммите «Карпатской восьмерки» в Буковеле заявил, что ему нужно еще 40 дней, чтобы разгромить Россию. Начинается осеннее обострение, предупреждают медики...",21.09.2026,10:25,MarketTwits,21.09.2026 10:25:12,Украина,,
Возможно,"Наши граждане глубоко и осознанно поддерживают реализуемый в стране курс Президента и понимают, за какие ценности нашей тысячелетней цивилизации идёт борьба — Матвиенко Читать далее 👉 https://smartlab.news/i/204738 мы в max",21.09.2026,10:26,СМАРТЛАБ НОВОСТИ,21.09.2026 10:26:40,,,
Возможно,"❗️🛢🇶🇦#спг #катар #ормуз Катар НЕ будет строить газопроводы для транспортировки газа в обход Ормузского пролива, это экономически нецелесообразно, сообщил глава Минэнерго Катара на полях Генассамблеи ООН",21.09.2026,10:29,MarketTwits,21.09.2026 10:29:21,,,
Возможно,#Политика Президент Ирана Пезешкиан во вторник отправится в Нью-Йорк на Генеральную Ассамблею ООН — IRNA,21.09.2026,10:31,Сигналы РЦБ,21.09.2026 10:31:05,,,
Возможно,Новый этиленопровод между Нижнекамскнефтехимом и Казаньоргсинтезом заработает в октябре — Сибур #NKNC #KZOS Читать далее 👉 https://smartlab.news/i/204739 мы в max,21.09.2026,10:33,СМАРТЛАБ НОВОСТИ,21.09.2026 10:33:39,,,
Возможно,"📉Цены на газ на европейских площадках снизились до $915 за тыс кубов, наверно не за горами те времена, когда Газпром опять начнёт поставлять газ в Европу #GAZP Сопредседатель оппозиционной партии «Альтернатива для Германии» Алиса Вайдель заявила о необходимости возобновить поставки российского газа в Германию Читать далее 👉 https://smartlab.news/i/204740 мы в max",21.09.2026,10:36,СМАРТЛАБ НОВОСТИ,21.09.2026 10:36:59,,,
Не важно,🏆✴️#HYPE #крипто #обзор CoinGecko: Hyperliquid занимает первое место среди криптопроектов с доходом в $429 млн в этом году токен HYPE обновляет рекорды,21.09.2026,10:38,MarketTwits,21.09.2026 10:38:57,,,
Возможно,"ЕЭК решила не применять антидемпинговую пошлину, установленную в отношении диоксида титана, происходящего из Китая до 10 августа 2027 года #VSMO Читать далее 👉 https://smartlab.news/i/204741 мы в max",21.09.2026,10:50,СМАРТЛАБ НОВОСТИ,21.09.2026 10:50:33,,,
Важно,"💥🇷🇺#UNAC #отчетность ОАК ЗАКОНЧИТ 2026 ГОД С ПОЛОЖИТЕЛЬНЫМ ФИНАНСОВЫМ РЕЗУЛЬТАТОМ ОАК НАМЕРЕНА НАРАСТИТЬ ОБЪЕМ ПРОИЗВОДСТВА САМОЛЕТОВ НА 25-30% В 2026 Г., ПЛАНИРУЕТ ВЫДЕРЖИВАТЬ ЭТОТ ТЕМП В БЛИЖАЙШИЕ НЕСКОЛЬКО ЛЕТ — ГЛАВА КОМПАНИИ",21.09.2026,10:50,MarketTwits,21.09.2026 10:50:33,ОАК,,
Возможно,🇮🇷#иран #геополитика #событие Президент Ирана Пезешкян во вторник прилетит в Нью-Йорк на Генеральную Ассамблею ООН — IRNA Пезешкиан в ГА ООН обозначит позицию Тегерана — MEHR News,21.09.2026,10:56,MarketTwits,21.09.2026 10:56:24,,,
Возможно,"ОАК планирует сохранить темпы роста объема производства самолетов 25-30% в 2026-м и последующие годы, завершить 2026 г. с положительным результатом — глава корпорации Вадим Бадеха #UNAC Читать далее 👉 https://smartlab.news/i/204742 мы в max",21.09.2026,10:56,СМАРТЛАБ НОВОСТИ,21.09.2026 10:56:50,,,
Возможно,"Замминистра финансов о ситуации с Евротрансом: Пока рано говорить о том, что нужно что-то менять в законодательстве #EUTR Читать далее 👉 https://smartlab.news/i/204743 мы в max",21.09.2026,10:59,СМАРТЛАБ НОВОСТИ,21.09.2026 10:59:51,,,
Возможно,"МНЕНИЕ: Т-Инвестиции прогнозируют дивиденд МТС за 2026 год в размере 24,5 руб. на акцию, что соответствует примерно 14% доходности #MTSS Читать далее 👉 https://smartlab.news/i/204745 мы в max",21.09.2026,11:02,СМАРТЛАБ НОВОСТИ,21.09.2026 11:02:59,,,
Не важно,⬆️🇷🇺#GAZP = +2.5%,21.09.2026,11:09,MarketTwits,21.09.2026 11:09:53,,,
Возможно,"#Политика ЦИК объявляет предварительные результаты голосования в Госдуму ЕР — 355 депутатских мест КПРФ — 40 ЛДПР — 25 Новые люди — 20 Справедливая Россия — 4 (пока, если 5-процентный порог будет преодолен, может быть больше) Родина — 1 Самовыдвиженцы — 4",21.09.2026,11:14,Сигналы РЦБ,21.09.2026 11:14:02,,,
Возможно,"Главе ВТБ Андрею Костину сегодня исполняется 70 лет. Поздравляем! И ждём акции ВТБ в скором времени по 70 руб за штуку, но лучше конечно по 700 руб #VTBR Читать далее 👉 https://smartlab.news/i/204746 мы в max",21.09.2026,11:18,СМАРТЛАБ НОВОСТИ,21.09.2026 11:18:52,,,
Возможно,"Единая Россия получает рекордное количество мест (355) в Госдуме за всю историю участия партии в парламентских выборах У ЕР — 57,83% голосов, у КПРФ — 13,81% голосов, у ЛДПР — 8,98%, у Новых людей — 7,96%. Читать далее 👉 https://smartlab.news/i/204747 мы в max",21.09.2026,11:26,СМАРТЛАБ НОВОСТИ,21.09.2026 11:26:19,,,
Возможно,🇷🇺#депозиты #россия Альфа-банк тоже повышает ставки по вкладам,21.09.2026,11:29,MarketTwits,21.09.2026 11:29:56,,,
Возможно,"🇷🇺#торги #россия #история Срочному рынку Московской биржи – 25 лет — Мосбиржа 25 лет назад, 19 сентября 2001 года, начались торги на срочном рынке Московской биржи. Первые сделки участники рынка заключали с четырьмя фьючерсными контрактами на курсы акций РАО ""ЕЭС России"", ""Газпром"", НК ""Лукойл"" и ""Сургутнефтегаз"", а также двумя опционами на фьючерсные контракты на акции РАО ""ЕЭС России"" и ""Газпром"".",21.09.2026,11:31,MarketTwits,21.09.2026 11:31:31,,,
Не важно,"⬆️✴️#BTC = макс с мая 2026г BTC пытается выйти из месячной консолидации, чтобы сделать всех сказочно-богатыми",21.09.2026,11:34,MarketTwits,21.09.2026 11:34:02,,,
Важно,"❗️🇷🇺#AFLT #spo МИНФИН РФ ДОПУСКАЕТ ВОЗМОЖНОСТЬ ПРОДАЖИ ЧАСТИ АКЦИЙ ""АЭРОФЛОТА"" В ЭТОМ ИЛИ СЛЕДУЮЩЕМ ГОДУ - МОИСЕЕВ, ТАСС",21.09.2026,11:40,MarketTwits,21.09.2026 11:40:05,Аэрофлот,,
Возможно,❗️🇷🇺#событие #рынки #россия В Москве стартовал XI Московский финансовый форум https://mff.minfin.ru/,21.09.2026,11:42,MarketTwits,21.09.2026 11:42:25,,,
Не важно,⬆️✴️#BTC = $84 000 = макс с января 2026г туземун неизбежен,21.09.2026,11:44,MarketTwits,21.09.2026 11:44:07,,,
Возможно,Производители хлебобулочных изделий просят ФАС проверить обоснованность роста цен на масложировую продукцию — Ъ #RAGR В августе стоимость отдельных позиций маргарина для производителей выросла на 15–20% к июлю. Читать далее 👉 https://smartlab.news/i/204748 мы в max,21.09.2026,11:46,СМАРТЛАБ НОВОСТИ,21.09.2026 11:46:04,,,
Важно,"Средняя стоимость подсолнечного масла на внутреннем рынке России за последнюю неделю сократилась на 9,8%, за 2 мес снижение на 16%, за год - на 7,9% — данные Совэкона #RAGR Причина — физическое ограничение экспорта. Работа части портов в Черном море фактически приостановлена из-за атак БПЛА. Читать далее 👉 https://smartlab.news/i/204749 мы в max",21.09.2026,11:58,СМАРТЛАБ НОВОСТИ,21.09.2026 11:58:46,РусАгро,,
Не важно,"⬇️🇪🇺#NVO = -7% Novo обнародовала планы по стимулированию роста на рынке средств для борьбы с ожирением. Генеральный директор Майк Дустдар рассказал о планах по диверсификации компании на Дне рынков капитала в понедельник, но что-то пошло не так",21.09.2026,12:00,MarketTwits,21.09.2026 12:00:07,,,
Возможно,"Цена размещения допвыпуска акций М.Видео по закрытой подписке - 49,9 руб за шт — СД компании #MVID Читать далее 👉 https://smartlab.news/i/204751 мы в max",21.09.2026,12:00,СМАРТЛАБ НОВОСТИ,21.09.2026 12:00:39,,,
Не важно,⬆️✴️#MSTR = +6% #BMNR = +5% акции Strategy и Bitmine начинают взлет на ранних торгах на премаркете #BTC = $84 000 #ETH = $2700,21.09.2026,12:04,MarketTwits,21.09.2026 12:04:18,,,
Возможно,"📈Акции М.Видео прибавили более 8% после оглашения цены размещения допэмисии (49,9 руб/акц) #MVID Читать далее 👉 https://smartlab.news/i/204753 мы в max",21.09.2026,12:05,СМАРТЛАБ НОВОСТИ,21.09.2026 12:05:05,,,
Важно,🇷🇺#AKRN #отчетность АКРОН - ПРОИЗВОДСТВО УДОБРЕНИЙ 1П 2026Г = 3 МЛН ТОНН = -19% Г/Г — ОТЧЕТ,21.09.2026,12:06,MarketTwits,21.09.2026 12:06:17,Акрон,,
Не важно,⬆️🇷🇺#MVID = +5%,21.09.2026,12:06,MarketTwits,21.09.2026 12:06:52,,,
Возможно,"Минфин РФ продаст акции Аэрофлота в этом или следующем году, следит за рыночной конъюнктурой — замминистра финансов Алексей Моисеев #AFLT Читать далее 👉 https://smartlab.news/i/204754 мы в max",21.09.2026,12:12,СМАРТЛАБ НОВОСТИ,21.09.2026 12:12:14,,,
Важно,"#AFLT Минфин допускает SPO ""Аэрофлота"" и до конца года, и в 2027 году ""Допускаю оба варианта. Оба варианта, да. Вопрос в рыночной конъюнктуре. То есть сделка как таковая, в правовом смысле, готова. Будем смотреть за рыночной конъюнктурой"", - сказал он журналистам в кулуарах Московского финансового форума. ""Мы внимательно смотрим на динамику рынка, задачи продать любой ценой у нас нет. Поскольку продается не только пакет Росимущества, но и ФНБ, то, соответственно, будем здесь принимать во внимание стоимость покупки акций ФНБ"", - отмечал замминистра.",21.09.2026,12:16,Сигналы РЦБ,21.09.2026 12:16:08,Аэрофлот,,
Возможно,❗️🇷🇺#SBER #трейдинг Новое официальное приложение СберИнвестиций под названием «Сияние» стало доступно на iPhone. Теперь в новой версии весь портфель на одном экране как единая экосистема! А также: - Быстрая оценка состояния портфеля по нескольким параметрам - Подбор лучших инструментов по отраслям с быстрой визуализацией - Новый скринер акций и графики - Обновлена форма ввода торговых заявок - для более комфортного и быстрого исполнения - Поддержка 24/7 Успейте скачать!,21.09.2026,12:18,MarketTwits,21.09.2026 12:18:06,,,
Возможно,Срочному рынку Мосбиржи исполняется 25 лет: от четырёх фьючерсов в 2001 году до более 200 инструментов и среднедневного объёма торгов свыше ₽750 млрд в 2026 году — Площадка Читать далее 👉 https://smartlab.news/i/204756 мы в max,21.09.2026,12:20,СМАРТЛАБ НОВОСТИ,21.09.2026 12:20:26,,,
Возможно,МНЕНИЕ: Рыночные стратеги демонстрируют самый бычий настрой к европейским акциям за восемь лет — Bloomberg Читать далее 👉 https://smartlab.news/i/204757 мы в max,21.09.2026,12:34,СМАРТЛАБ НОВОСТИ,21.09.2026 12:34:40,,,
Возможно,"Выпуск основной товарной продукции Акроном за 1п 2026г снизился на 14,1% г/г до 3,96 млн т #AKRN Читать далее 👉 https://smartlab.news/i/204758 мы в max",21.09.2026,12:34,СМАРТЛАБ НОВОСТИ,21.09.2026 12:34:51,,,
Не важно,"Криптоиндустрия в РФ может начать работать в легальном поле уже до конца года при условии, что подзаконные акты будут зарегистрированы в Минюсте в срок — Первый зампред ЦБ Владимир Чистюхин Читать далее 👉 https://smartlab.news/i/204759 мы в max",21.09.2026,12:39,СМАРТЛАБ НОВОСТИ,21.09.2026 12:39:26,,,
Возможно,#MVID Совет Директоров М.Видео установил цену допэмиссии в 49.9 руб / акция,21.09.2026,12:50,Сигналы РЦБ,21.09.2026 12:50:54,,,
Возможно,"СберИнвестиции снова доступны в App Store под названием «Сияние» В ней обновили портфель: теперь на инвестиции можно посмотреть сразу с нескольких ракурсов - оценить структуру активов, их динамику, распределение по отраслям и счетам. В разделе «Рынок» появились скринер акций, более подробные карточки облигаций и масштабируемые свечные графики, а для фьючерсов добавили отображение вариационной маржи. Также работает поддержка 24/7, а при переводе активов от других брокеров через систему быстрых переводов можно получить кешбэк до 15 млн рублей и 30 дней торговли без комиссии. Скачать можно тут",21.09.2026,12:54,Сигналы РЦБ,21.09.2026 12:54:02,,,
Важно,"Китайские регуляторы неофициально замедляют IPO компаний, разрабатывающих человекоподобных роботов, из-за опасений переоценки, неустойчивой выручки и ажиотажа, опережающего реальный коммерческий спрос — Reuters Читать далее 👉 https://smartlab.news/i/204760 мы в max",21.09.2026,12:58,СМАРТЛАБ НОВОСТИ,21.09.2026 12:58:14,,,
Возможно,МНЕНИЕ: БКС не ждет быстрого восстановления акций Самолета после падения на 30%. Целевая цена на год — 310 руб. (апсайд — 25%) #SMLT Читать далее 👉 https://smartlab.news/i/204761 мы в max,21.09.2026,13:00,СМАРТЛАБ НОВОСТИ,21.09.2026 13:00:34,,,
Не важно,❗️🇷🇺#ALRS #алмазы #россия МИНФИН РФ В ТЕЧЕНИЕ ГОДА НАМЕРЕН ОСУЩЕСТВЛЯТЬ НЕБОЛЬШИЕ ЗАКУПКИ АЛМАЗОВ В ГОХРАН — МОИСЕЕВ,21.09.2026,13:01,MarketTwits,21.09.2026 13:01:05,,,
Не важно,🛢🇩🇪#бензин #германия Миэкономики Германии: ограничения цен на топливо не будет ни при каких обстоятельствах,21.09.2026,13:02,MarketTwits,21.09.2026 13:02:03,,,
Не важно,✴️🇷🇺#крипто #россия #регулирование ЦБ: ЛЕГАЛЬНЫЙ КРИПТОРЫНОК В РОССИИ ЗАРАБОТАЕТ ДО КОНЦА 2026 ГОДА,21.09.2026,13:02,MarketTwits,21.09.2026 13:02:03,,,
Не важно,⬆️✴️#BTC = $85 000,21.09.2026,13:03,MarketTwits,21.09.2026 13:03:50,,,
Возможно,"Легальный оборот бриллиантов в стране сейчас оценивается в 600 тыс карат, при этом производим мы около 100 тыс — замминистра финансов Алексей Моисеев в интервью ""Эксперту"" #ALRS Читать далее 👉 https://smartlab.news/i/204762 мы в max",21.09.2026,13:05,СМАРТЛАБ НОВОСТИ,21.09.2026 13:05:15,,,
Возможно,"🇷🇺#RUAL ""Русал"" намерен с 1 октября перейти на новую формулу внутреннего ценообразования на алюминий и сплавы, она будет действовать 9 месяцев - топ-менеджер, ТАСС",21.09.2026,13:05,MarketTwits,21.09.2026 13:05:35,,,
Не важно,"Замминистра финансов: Пока я необходимости покупать алмазы в Гохран не вижу, но какие-то закупки небольшие будут производиться #ALRS Читать далее 👉 https://smartlab.news/i/204763 мы в max",21.09.2026,13:08,СМАРТЛАБ НОВОСТИ,21.09.2026 13:08:54,,,
Возможно,Русал намерен с 1 октября перейти на новую формулу внутреннего ценообразования на алюминий и сплавы — ТАСС #RUAL Читать далее 👉 https://smartlab.news/i/204764 мы в max,21.09.2026,13:10,СМАРТЛАБ НОВОСТИ,21.09.2026 13:10:48,,,
Возможно,"🚫🛢🌎#бензин #мир #прогноз Глобальный дефицит дизеля, вероятно, сохранится до 2027 года из-за опустошения хранилищ — RTRS GLOBAL DIESEL SHORTAGE LIKELY TO LAST INTO 2027 AS STORAGE TANKS DRAIN A global diesel shortage fueled by wars in Iran and Ukraine is unlikely to ease ​before next year, according to storage market indicators and industry participants, extending a spike in fuel costs that is weighing on economies worldwide.",21.09.2026,13:11,MarketTwits,21.09.2026 13:11:41,,,
Не важно,"✴️🇪🇺#крипто #европа ЕЦБ запустил новый сервис PONTES, который связывает его платёжную систему с финансовыми рынками на основе блокчейна, и заявил, что инвестирует часть собственных средств в цифровые ценные бумаги. — RTRS ECB OPENS BLOCKCHAIN LINK TO FINANCIAL MARKETS Pontes, позволяет банкам и инвесторам проводить транзакции на основе блокчейна с использованием евро, обеспеченных ЕЦБ, а не стейблкоинов или других форм частных денег.",21.09.2026,13:15,MarketTwits,21.09.2026 13:15:50,,,
Возможно,"Китай за январь-август увеличил импорт российских удобрений на 30% г/г, до 3,9 млн тонн, а в денежном выражении - почти в 1,6 раза г/г, до $1,4 млрд #PHOR #AKRN Читать далее 👉 https://smartlab.news/i/204765 мы в max",21.09.2026,13:20,СМАРТЛАБ НОВОСТИ,21.09.2026 13:20:22,,,
Возможно,"Повышение некоторыми банками процентных ставок по депозитам - сигнал, что рынок не ожидает снижения ключевой ставки — депутат Госдумы Анатолий Аксаков Читать далее 👉 https://smartlab.news/i/204766 мы в max",21.09.2026,13:21,СМАРТЛАБ НОВОСТИ,21.09.2026 13:21:17,,,
Возможно,МНЕНИЕ: Аналитики Т-Инвестиций подтверждают рекомендацию покупать акции Аренадаты с целевой ценой 120 рублей и ожидаемым ростом около 35% за 12 месяцев #DATA Читать далее 👉 https://smartlab.news/i/204767 мы в max,21.09.2026,13:26,СМАРТЛАБ НОВОСТИ,21.09.2026 13:26:14,,,
Возможно,"Минфин не поддержал дополнительные налоговые стимулы для повышения капитализации российского фондового рынка, хотя тема остаётся на повестке — Замминистра финансов Иван Чебесков ""Эта дискуссия идет постоянно, потому что задача является для нас ключевой. Новые предложения поступают постоянно, какие-то мы берем в работу, какие-то предлагаем включать в федеральный проект, какие-то идут отдельным треком"" Читать далее 👉 https://smartlab.news/i/204768 мы в max",21.09.2026,13:30,СМАРТЛАБ НОВОСТИ,21.09.2026 13:30:15,,,
Не важно,📉Нефть Brent опустилась ниже $101 за баррель Читать далее 👉 https://smartlab.news/i/204769 мы в max,21.09.2026,13:37,СМАРТЛАБ НОВОСТИ,21.09.2026 13:37:21,,,
Не важно,⬇️🛢#нефть BRENT < $101,21.09.2026,13:39,MarketTwits,21.09.2026 13:39:45,,,
Возможно,"⚠️🇷🇺#дкп #депозиты #россия Некоторые банки повысили ставки по депозитам в последнее время. И это соответственно такой сигнал, что рынок не ожидает снижения ключевой ставки — Аксаков",21.09.2026,13:43,MarketTwits,21.09.2026 13:43:35,,,
Не важно,"🚫🛢🇮🇳#бензин #уголь #климат #индия Согласно правительственным данным, почти 40% угольных электростанций Индии работают с критически низким уровнем запасов топлива из-за резкого роста спроса на электроэнергию на фоне аномально жаркой погоды, связанной с явлением Эль-Ниньо. — RTRS NEARLY 40% OF INDIA'S COAL POWER PLANTS RUNNING CRITICALLY LOW ON FUEL, DATA SHOW",21.09.2026,13:45,MarketTwits,21.09.2026 13:45:10,,,
Важно,⚠️🇪🇺🇷🇺#санкции #россия Каллас предложила ввести дополнительные санкции против России после выборов в Госдуму,21.09.2026,13:47,MarketTwits,21.09.2026 13:47:13,,,
Возможно,"Россия за январь-август увеличила поставки нефти в Китай на 18,1% г/г, до 77,653 млн тонн, а СПГ - на 28,31% г/г, до 5,153 млн тонн — ГТУ КНР #NVTK #LKOH #ROSN В августе рост импорта нефти ускорился до 41,37% г/г по объёму и 64,1% г/г по стоимости Читать далее 👉 https://smartlab.news/i/204770 мы в max",21.09.2026,13:47,СМАРТЛАБ НОВОСТИ,21.09.2026 13:47:50,,,
Не важно,"✴️#BTC #обзор #крипто BTC впервые за 45 недель закрылся выше своей 50-недельной скользящей средней, что исторически является сигналом того, что циклическое дно пройдено — Galaxy",21.09.2026,13:52,MarketTwits,21.09.2026 13:52:01,,,
Важно,Венгрия добивается от США отмены санкций за продолжающиеся закупки российской нефти — Bloomberg #LKOH Читать далее 👉 https://smartlab.news/i/204773 мы в max,21.09.2026,13:58,СМАРТЛАБ НОВОСТИ,21.09.2026 13:58:43,Лукойл,,
Возможно,"#Макро Повышение некоторыми банками процентных ставок по депозитам - сигнал, что рынок не ожидает снижения ключевой ставки — депутат Госдумы Анатолий Аксаков",21.09.2026,13:58,Сигналы РЦБ,21.09.2026 13:58:58,,,
Возможно,"Китай за январь-август увеличил импорт российской пшеницы почти в 7 раз г/г, до $17,6 млн, превысив результат за весь 2025 год — ГТУ КНР #RAGR Одновременно растут поставки ячменя (в 2+ раза г/г, до $96,6 млн за январь-июль) и кукурузы (+40% г/г, до $86,8 млн январь-июль) Читать далее 👉 https://smartlab.news/i/204774 мы в max",21.09.2026,13:59,СМАРТЛАБ НОВОСТИ,21.09.2026 13:59:43,,,
Возможно,"✴️🇷🇺#Векус #цфа #цод #россия ООО «ЦКТ «Векус» объявило о размещении ЦФА на 1 год со ставкой 19% годовых. ГК «Векус» ведёт подготовительные работы к строительству ЦОД под сервисы искусственного интеллекта, импортирует серверы для ИИ и организует облачные среды для локальных ИИ-моделей Платформа размещения - Сбербанк 19% годовых на ИИ. Инвестировать можно по ссылке",21.09.2026,14:01,MarketTwits,21.09.2026 14:01:09,,,
Возможно,МНЕНИЕ: Т-Инвестиции повысили таргет по бумагам Магнита на 5% до 1760 рублей (апсайд — 15%) и сменили рекомендацию с «продавать» на «держать» #MGNT Читать далее 👉 https://smartlab.news/i/204775 мы в max,21.09.2026,14:02,СМАРТЛАБ НОВОСТИ,21.09.2026 14:02:03,,,
Возможно,#Макро Стартовал Московский финансовый форум,21.09.2026,14:06,Сигналы РЦБ,21.09.2026 14:06:07,,,
Возможно,"АКРА подтвердило кредитный рейтинг ПАО «НОВАТЭК» на уровне AAA(RU) со стабильным прогнозом, а также рейтинг его облигаций - AAA(RU) #NVTK Рейтинг обусловлен сильной рыночной позицией, очень низкой долговой нагрузкой и высокой рентабельностью Читать далее 👉 https://smartlab.news/i/204776 мы в max",21.09.2026,14:07,СМАРТЛАБ НОВОСТИ,21.09.2026 14:07:08,,,
Возможно,#Макро Финансисты никого не пугают. Они говорят о рисках. И как в этих рисках поставленные задачи решать — Силуанов,21.09.2026,14:09,Сигналы РЦБ,21.09.2026 14:09:19,,,
Возможно,#Макро Вопреки давлению многих факторов Россия продолжает развиваться. Банковская сфера стабильна. Это все благодаря последовательной качественной политике — Мишустин,21.09.2026,14:10,Сигналы РЦБ,21.09.2026 14:10:47,,,
Важно,"Индийские НПЗ могут сократить закупки российской нефти из-за принятого законопроекта о санкциях в США — Bloomberg #LKOH #ROSN По данным Kpler, импорт из России уже сократился и в сентябре может составить в среднем около 1,9 млн баррелей в день — это самый низкий показатель с апреля. Читать далее 👉 https://smartlab.news/i/204777 мы в max",21.09.2026,14:14,СМАРТЛАБ НОВОСТИ,21.09.2026 14:14:17,"Лукойл, Роснефть",,
Возможно,"#IMOEX Рынок акций пока показывает неоднородную динамику из-за различных факторов, но мы вместе с Банком России работаем над повышением привлекательности инвестиций в фондовый рынок — Мишустин Важно, чтобы длинные деньги помогали в развитии экономики России",21.09.2026,14:15,Сигналы РЦБ,21.09.2026 14:15:45,,,
Возможно,"#Нефтянка ВЛАСТИ ПРОРАБОТАЮТ МЕРЫ РЕАГИРОВАНИЯ, ВКЛЮЧАЯ УВЕЛИЧЕНИЕ ПРОИЗВОДСТВА НЕФТЕПРОДУКТОВ И КОРРЕКТИРОВКУ ОБЪЕМОВ ИМПОРТА ТОПЛИВА — КАБМИН",21.09.2026,14:19,Сигналы РЦБ,21.09.2026 14:19:08,,,
Возможно,Новак на совещании поручил профильным ведомствам и отраслевым компаниям продолжить совместную работу по насыщению внутреннего рынка нефтепродуктами и обеспечению стабильного снабжения субъектов Читать далее 👉 https://smartlab.news/i/204780 мы в max,21.09.2026,14:22,СМАРТЛАБ НОВОСТИ,21.09.2026 14:22:50,,,
Возможно,"#Нефтянка Палата Представителей приняла законопроект, разрешающий введение новых тарифов для российских покупателей нефти — Bloomberg",21.09.2026,14:27,Сигналы РЦБ,21.09.2026 14:27:15,,,
Не важно,"МНЕНИЕ: Аналитики McKinsey ожидают, что в 2026 году вложения в пять технологических направлений превысят уровень 2025 года более чем в два раза 🔸 Агентная разработка ПО вырастет в 12,8 раза 🔸 Космические технологии в 12,1 раза 🔸 Инфраструктура ИИ в 5,3 раза 🔸 Применение ИИ в науке и инженерии в 3,2 раза 🔸 Робототехника в 2,1 раза #DATA #DIAS Читать далее 👉 https://smartlab.news/i/204781 мы в max",21.09.2026,14:29,СМАРТЛАБ НОВОСТИ,21.09.2026 14:29:14,,,
Возможно,"Объем наличных денег на руках у россиян за 1п 2026г вырос на 1,6 трлн руб (+8,8% г/г) до 19,8 трлн руб — ИПЭИ РАНХиГС Читать далее 👉 https://smartlab.news/i/204782 мы в max",21.09.2026,14:33,СМАРТЛАБ НОВОСТИ,21.09.2026 14:33:10,,,
Возможно,Правительство РФ совместно с Банком России работает над повышением интереса бизнеса к размещению ценных бумаг — Мишустин Читать далее 👉 https://smartlab.news/i/204783 мы в max,21.09.2026,14:35,СМАРТЛАБ НОВОСТИ,21.09.2026 14:35:21,,,
Возможно,Минфин РФ еще не определился с налогом на сверхприбыль — замминистра финансов РФ Алексей Сазанов «Осень только началась» Читать далее 👉 https://smartlab.news/i/204784 мы в max,21.09.2026,14:38,СМАРТЛАБ НОВОСТИ,21.09.2026 14:38:47,,,
Возможно,"Мишустин: Россия остается четвертой экономикой мира, сохраняя положительную динамику ВВП Читать далее 👉 https://smartlab.news/i/204785 мы в max",21.09.2026,14:42,СМАРТЛАБ НОВОСТИ,21.09.2026 14:42:47,,,
Не важно,⬆️✴️#крипто #обзор Cryptorank: крупнейшие токены-голубые фишки по росту за неделю,21.09.2026,14:43,MarketTwits,21.09.2026 14:43:13,,,
Возможно,"#Макро В четверг, на этой недел, рассматриваем бюджет в правительстве — Силуанов",21.09.2026,14:46,Сигналы РЦБ,21.09.2026 14:46:13,,,
Возможно,"Вся логика ДКП западных стран указывает на то, что золото должно дорожать, на горизонте года цены могут достичь $5000 за унцию — замминистра финансов Моисеев Читать далее 👉 https://smartlab.news/i/204786 мы в max",21.09.2026,14:46,СМАРТЛАБ НОВОСТИ,21.09.2026 14:46:27,,,
Возможно,🇷🇺#россия #торговля Россия перенаправляет торговлю на рынки Глобального Юга - с рынков Европы и США в Китай и Индию Несырьевой неэнергетический экспорт в такие государства увеличился на 11% — Мишустин,21.09.2026,14:46,MarketTwits,21.09.2026 14:46:29,,,
Возможно,"#Макро Мы большие деньги отправляем на задачи фронта. Но мы постарались покопать, чтобы все удалось, надеюсь — Силуанов",21.09.2026,14:47,Сигналы РЦБ,21.09.2026 14:47:01,,,
Возможно,Силуанов: Правительство 24 сентября рассмотрит федеральный бюджет на 2027-2029 годы В федеральный бюджет на 2027 год заложен дефицит 2%. Читать далее 👉 https://smartlab.news/i/204787 мы в max,21.09.2026,14:48,СМАРТЛАБ НОВОСТИ,21.09.2026 14:48:49,,,
Возможно,"#Макро Минфин накопил иммунитет к ""адским санкциям"" — Силуанов Мы хорошую работу сделали. Правительство начало работать над бюджетом еще с начала года",21.09.2026,14:48,Сигналы РЦБ,21.09.2026 14:48:52,,,
Возможно,"#Макро Мы сделали дефицит бюджета около 2% от ВВП и согласовали с ЦБ — Силуанов Мы ждем смягчение ДКП. Мы сделали все, чтобы эти возможности были",21.09.2026,14:49,Сигналы РЦБ,21.09.2026 14:49:32,,,
Важно,"❗️🇷🇺#бюджет #дкп #россия ПРАВИТЕЛЬСТВО РОССИИ 24 СЕНТЯБРЯ РАССМОТРИТ ФЕДЕРАЛЬНЫЙ БЮДЖЕТ НА 2027-2029 ГОДЫ ПРОГНОЗ ДЕФИЦИТА, ЗАЛОЖЕННЫЙ В ПРОЕКТ БЮДЖЕТА НА 2027Г - ОКОЛО 2% ВВП, НЕ НЕСЕТ РИСКОВ СДЕЛАЛИ ВСЕ СО СТОРОНЫ БЮДЖЕТНОЙ ПОЛИТИКИ, ЧТОБЫ ЦБ МОГ СМЯГЧАТЬ ДКП — СИЛУАНОВ СИЛУАНОВ НАЗВАЛ ФЕДЕРАЛЬНЫЙ БЮДЖЕТ РФ НА 2027-2029 ГОДЫ НЕПРОСТЫМ",21.09.2026,14:50,MarketTwits,21.09.2026 14:50:54,ЦБ,,
Возможно,Минфин РФ изучает предложения нефтяных компаний по корректировке параметров импортного демпфера на топливо — Замминистра финансов Алексей Сазанов Читать далее 👉 https://smartlab.news/i/204788 мы в max,21.09.2026,14:53,СМАРТЛАБ НОВОСТИ,21.09.2026 14:53:49,,,
Возможно,"Друзья, мы проводим опрос среди инвесторов и трейдеров Нам важно понять, какими брокерами вы пользуетесь, на обращаете внимание при выборе платформы, какие комиссии отслеживаете 👉 Ссылка на опрос Опрос займет примерно 7-10 минут. Все ответы анонимны и будут использованы только в обобщённом виде Если вы активно торгуете, поделитесь, пожалуйста, своим опытом. Это поможет нам точнее понять рынок Спасибо за отклик! 🙌",21.09.2026,14:55,СМАРТЛАБ НОВОСТИ,21.09.2026 14:55:50,,,
Возможно,"#Макро Когда денег нет, то голова включается. Креатив появляется — Силуанов Проект бюджета 2027-2029 был непростым",21.09.2026,14:58,Сигналы РЦБ,21.09.2026 14:58:24,,,
Не важно,💥✴️🇺🇸#MSTR #BTC #cot #крипто Strategy купила 950 BTC на прошлой неделе на балансе - 846 000 BTC,21.09.2026,15:01,MarketTwits,21.09.2026 15:01:51,,,
Не важно,"Силуанов: Поговорим об искусственном интеллекте. Собянин: Когда денег нет, всегда говорят об ИИ Читать далее 👉 https://smartlab.news/i/204791 мы в max",21.09.2026,15:02,СМАРТЛАБ НОВОСТИ,21.09.2026 15:02:13,,,
Возможно,"МНЕНИЕ: БКС называет настроения инвесторов крайне негативными за последние 3 года, они хуже чем при крупном санкционном пакете и ожидании ключевой ставки 23% Читать далее 👉 https://smartlab.news/i/204792 мы в max",21.09.2026,15:04,СМАРТЛАБ НОВОСТИ,21.09.2026 15:04:12,,,
Не важно,Сделка по продаже зарубежного нефтяного бизнеса Лукойла инвестгруппе Carlyle застряла в процедуре одобрения американскими властями — FT #LKOH Читать далее 👉 https://smartlab.news/i/204793 мы в max,21.09.2026,15:05,СМАРТЛАБ НОВОСТИ,21.09.2026 15:05:52,,,
Важно,⬆️🛢🇺🇸#бензин #сша #трамп #выборы КСИР и Зеленский просто издеваются над Трампом — аналитики,21.09.2026,15:08,MarketTwits,21.09.2026 15:08:14,Украина,,
Возможно,"Блокировка судоходства в Чёрном море привела к обвалу экспорта пшеницы почти вдвое и грозит новым витком глобальной продовольственной инфляции, при этом риски ещё не полностью учтены рынками — BBG #RAGR Читать далее 👉 https://smartlab.news/i/204795 мы в max",21.09.2026,15:12,СМАРТЛАБ НОВОСТИ,21.09.2026 15:12:27,,,
Важно,⚠️🇺🇸🇮🇷#санкции #иран #авиа Бессент : 23 сентября все иранские авиакомпании по всему миру прекратят свою деятельность.,21.09.2026,15:14,MarketTwits,21.09.2026 15:14:07,Иран,,
Возможно,"⚠️🇺🇸#дкп #сша #прогноз Бессент: ставка ФРС снизится как только конфликт с Ираном закончится ————————————- КСИР все это записывает... спасибо Бессенту за еще один лайфхак ранее Бессент заявил, что в росте доходностей виноват рост цен на нефть.... КСИР это тоже записал Бессент - находка для КСИР",21.09.2026,15:15,MarketTwits,21.09.2026 15:15:59,,,
Возможно,"#Макро С бюджетом все понятно, с налогами все понятно. Давайте теперь про философию — мэр Москвы Собянин",21.09.2026,15:18,Сигналы РЦБ,21.09.2026 15:18:26,,,
Возможно,#Макро ФОРМИРУЕМ БЮДЖЕТ ИСХОДЯ ИЗ ЦЕНЫ ОТСЕЧЕНИЯ В $50 ЗА БАРРЕЛЬ — СИЛУАНОВ,21.09.2026,15:21,Сигналы РЦБ,21.09.2026 15:21:28,,,
Не важно,"Бум ИИ разрушает традиционную логику диверсификации инвестиций: риски проникли практически во все классы активов, и даже крупнейшие пенсионные и суверенные фонды не могут найти безопасную гавань — BBG Читать далее 👉 https://smartlab.news/i/204796 мы в max",21.09.2026,15:28,СМАРТЛАБ НОВОСТИ,21.09.2026 15:28:42,,,
Возможно,🇷🇺#резервы #россия #фнб Минфин рассчитывает в этом году подкопить ресурсы ФНБ -- Силуанов ПЛАНИРУЕМ ПО ИТОГАМ ГОДА ПОПОЛНЕНИЕ ФНБ ОТ 600 МЛРД ДО 1 ТРЛН РУБ — СИЛУАНОВ,21.09.2026,15:28,MarketTwits,21.09.2026 15:28:46,,,
Не важно,❗️🇺🇸#сша #экономика #отчетность США - Chicago Fed National Activity Index (авг) = -0.04 (ожид —- / ранее -0.08),21.09.2026,15:30,MarketTwits,21.09.2026 15:30:08,,,
Не важно,#IMOEX Есть уверенность в завтрашнем дне — Силуанов,21.09.2026,15:31,Сигналы РЦБ,21.09.2026 15:31:02,,,
Не важно,⬆️✴️🇺🇸#MSTR = +6% #BTC > $85 000 нереализованная прибыль Strategy от инвестиций в BTC выросла до $8 млрд,21.09.2026,15:33,MarketTwits,21.09.2026 15:33:04,,,
Не важно,"🇨🇳🇺🇸#fx #китай #торговыевойны #сша Юань к доллару обновил пик с янв 2023г в преддверии саммита Трампа и Си — RTRS Си задабривает Трампа перед встречей — эксперты В последний раз Трамп выражал свое недовольство ослаблением юаня против доллара в июле 2025г заявляя, что более слабый юань мешает экспортерам США. С тех пор юань активно укрепляется против доллара. Во время первого срока Трампа ЦБ КНР активно ослаблял юань против USD, чтобы смягчить удар по экономике из-за пошлин - и это бесило Трампа.",21.09.2026,15:35,MarketTwits,21.09.2026 15:35:54,,,
Возможно,По льготной ипотеке с 2018 года выдано 4 млн кредитов на 19 трлн руб — Хуснуллин Читать далее 👉 https://smartlab.news/i/204798 мы в max,21.09.2026,15:36,СМАРТЛАБ НОВОСТИ,21.09.2026 15:36:36,,,
Важно,"Минфин подтверждает, что бюджетная политика не мешает Банку России переходить к смягчению ДКП. Дефицит бюджета на 2027 год (~2% ВВП) оценивается как безопасный — Силуанов Согласованность действий с ЦБ позволяет рассчитывать на снижение ставок при замедлении инфляции Читать далее 👉 https://smartlab.news/i/204800 мы в max",21.09.2026,15:37,СМАРТЛАБ НОВОСТИ,21.09.2026 15:37:08,ЦБ,,
Не важно,"✴️🇺🇸#BMNR #ETH #cot #крипто Компания BitMine Тома Ли из Fundstrat купила на баланс еще 27 562 ETH на прошлой неделе на балансе уже более 5.98 млн ETH (около 4.9% общего предложения) объявленная цель компании - купить 5% всего ETH Том Ли, глава Fundstrat и Bitmine, считает, что 4кв 2026г станет началом одного из крупнейших в истории бычьего рынка в крипте",21.09.2026,15:44,MarketTwits,21.09.2026 15:44:54,,,
Возможно,"Минфин заложил в бюджет цену отсечения $50 за баррель на трёхлетку, чтобы избежать рисков при возможном падении цен ниже этого уровня — Силуанов ""Мы сейчас сформировали бюджет исходя из цены отсечения в $50 за баррель. Почему так мало? Хотя, на самом деле, это не мало. Эти деньги можно было бы направить на расходы. Но подождите, мы не должны подводить бюджет, создавать риски. А вдруг цена будет ниже? И не исключено, что будет ниже. Скорее всего, будет ниже. И что мы будем делать? Тратить наши запасы? Нет. Это плохое решение"" Читать далее 👉 https://smartlab.news/i/204802 мы в max",21.09.2026,15:45,СМАРТЛАБ НОВОСТИ,21.09.2026 15:45:26,,,
Важно,🛢🇷🇺#нефть #fx #бюджет #россия МИНФИН РОССИИ СФОРМИРОВАЛ БЮДЖЕТ ИСХОДЯ ИЗ ЦЕНЫ ОТСЕЧЕНИЯ В $50 ЗА БАРРЕЛЬ -- СИЛУАНОВ,21.09.2026,15:46,MarketTwits,21.09.2026 15:46:36,ЦБ,,
Важно,"🇷🇺#бюджет #россия БЮДЖЕТ-2026 МОЖЕТ БЫТЬ ИСПОЛНЕН С ДЕФИЦИТОМ В ПРЕДЕЛАХ 3% ВВП, НЕСКОЛЬКО ВЫШЕ ОЖИДАНИЙ ИСТОЧНИКАМИ ФИНАНСИРОВАНИЯ ДЕФИЦИТА БУДУТ В ОСНОВНОМ ОСТАТКИ СРЕДСТВ, ЗАИМСТВОВАНИЯ БУДУТ НЕСКОЛЬКО ВЫШЕ ПЛАНА, НО ТАК, ЧТОБЫ НЕ ПОВЛИЯТЬ НА ФИНРЫНОК — СИЛУАНОВ",21.09.2026,15:46,MarketTwits,21.09.2026 15:46:59,ЦБ,,
Возможно,❗️🇮🇷#иран #геополитика Страны Персидского залива призывают к перезагрузке отношений с Ираном на фоне затянувшегося конфликта — FT THE GULF STATES URGE A RESET WITH IRAN AS CONFLICT DRAGS ON,21.09.2026,15:48,MarketTwits,21.09.2026 15:48:57,,,
Не важно,"✴️🇷🇺#CBDC #крипто #россия СИЛУАНОВ про цифровой рубль: 1) цифровой рубль будет прежде всего интересен бизнесу из-за возможности автоматизации и дополнения условий, работы со смарт-контрактами 2) цифровой рубль будет полезен для бюджета т.к. вырастет контроль за расходованием средств 3) цифровой рубль будет интересен гражданам из-за бесплатных платежей 4) цифровой рубль будет интересен для расчетов в международной торговле",21.09.2026,15:54,MarketTwits,21.09.2026 15:54:30,,,
Не важно,🇺🇸#GOOGL #ии Google представила новый ии-ноутбук Googlebook стартовая цена в США = $899 старт продаж — 4 октября,21.09.2026,16:02,MarketTwits,21.09.2026 16:02:48,,,
Важно,"⚠️🇺🇦#украина #нато #геополитика Украина начинает применять ""реактивные дроны"" для ударов вглубь России, также, в ускоренном порядке, наращивает производство дальнобойных ""Фламинго"" в Дании, говорят профильные аналитики — мониторинг",21.09.2026,16:03,MarketTwits,21.09.2026 16:03:41,Украина,,
Возможно,МНЕНИЕ: БКС считает среднесрочные и долгосрочные ОФЗ сроком от 5 лет со средней доходностью 16% годовых дешевыми по отношению к справедливой стоимости и перспективными для вложений Читать далее 👉 https://smartlab.news/i/204803 мы в max,21.09.2026,16:03,СМАРТЛАБ НОВОСТИ,21.09.2026 16:03:49,,,
Возможно,"⬆️🇷🇺#уголь #россия #отчетность ЭКСПОРТ УГЛЯ ИЗ РОССИИ ЗА 8 МЕСЯЦЕВ 2026 ГОДА ВЫРОС НА 7,2% УГОЛЬНАЯ ОТРАСЛЬ ДОЛЖНА ВОСПОЛЬЗОВАТЬСЯ ВЫГОДНОЙ КОНЪЮНКТУРОЙ НА РЫНКЕ УГЛЯ ДЛЯ ВОССТАНОВЛЕНИЯ СУММА ОТСРОЧКИ ПО НАЛОГАМ И СТРАХОВЫМ ВЗНОСАМ ДЛЯ УГОЛЬНОЙ ОТРАСЛИ РФ ДОСТИГЛА ОКОЛО 75 МЛРД РУБ ПРОГРАММА РАЗВИТИЯ УГОЛЬНОЙ ПРОМЫШЛЕННОСТИ РОССИИ ДО 2050 ГОДА ПРЕДПОЛАГАЕТ РОСТ ПОСТАВОК В ЮГО-ВОСТОЧНУЮ АЗИЮ, НА БЛИЖНИЙ ВОСТОК И В АФРИКУ — НОВАК",21.09.2026,16:05,MarketTwits,21.09.2026 16:05:08,,,
Не важно,"📈Биткоин достиг самого высокого уровня с января - $85 000. Инвесторы пытаются понять, закончилась ли ""криптозима"" — CNBC «Я действительно думаю, что все закончилось, наступила криптовесна, зацвели крокусы, — сказал Мэтт Хоуган, директор по информационным технологиям Bitwise, в программе Squawk Box Europe на канале CNBC в понедельник. — Я думаю, что это будет самый сильный и продолжительный бычий рынок в истории криптовалют». Читать далее 👉 https://smartlab.news/i/204804 мы в max",21.09.2026,16:08,СМАРТЛАБ НОВОСТИ,21.09.2026 16:08:52,,,
Не важно,🚫🌽#кукуруза #зерно #макро Мировой дефицит кукурузы достиг максимума за 33 года — аналитики Raymond James,21.09.2026,16:13,MarketTwits,21.09.2026 16:13:48,,,
Возможно,"Хуситы попытались захватить стратегические высоты в Йемене, в то время как Трамп отменил авиаудары по боевикам — Reuters Читать далее 👉 https://smartlab.news/i/204806 мы в max",21.09.2026,16:18,СМАРТЛАБ НОВОСТИ,21.09.2026 16:18:41,,,
Не важно,"🇺🇸🇨🇳#ии #сша #китай Американские ИИ компании могут получить расширенный доступ на рынок Китая после встречи Трампа с Си — аналитики На государственном ужине Трампа и Си Цзиньпина 24 сентября будут присутствовать глава Nvidia Хуанг, Маск, Безос, Альтман, Майкл Делл, Тим Кук, глава Citi Джейн Фер #NVDA #AMZN #DELL #SPCX #GOOGL #AAPL",21.09.2026,16:21,MarketTwits,21.09.2026 16:21:38,,,
Возможно,В августе Россия резко увеличила экспорт дизельного топлива в страны Центральной Азии — Reuters Читать далее 👉 https://smartlab.news/i/204808 мы в max,21.09.2026,16:24,СМАРТЛАБ НОВОСТИ,21.09.2026 16:24:31,,,
Возможно,"Биодизельное топливо для судоходства упало до рекордно низких цен и стало дешевле почти всех традиционных видов судового топлива, что может ускорить переход отрасли на биотопливо — The Financial Times Читать далее 👉 https://smartlab.news/i/204809 мы в max",21.09.2026,16:24,СМАРТЛАБ НОВОСТИ,21.09.2026 16:24:47,,,
Важно,🇺🇸🇷🇺#санкции #россия Politico: ЕС может снять санкции с Усманова,21.09.2026,16:27,MarketTwits,21.09.2026 16:27:19,,,
Возможно,Банк России начал публиковать обезличенные данные о внебиржевых сделках с рублёвыми процентными свопами для повышения прозрачности финансового рынка. Обновление будет еженедельным Читать далее 👉 https://smartlab.news/i/204810 мы в max,21.09.2026,16:28,СМАРТЛАБ НОВОСТИ,21.09.2026 16:28:58,,,
Возможно,"🇷🇺#уголь #россия #макро Доля России на мировом угольном рынке должна вырасти вдвое - такие параметры заложены в обновленной программе развития угольной промышленности до 2050 года, сообщает правительство — ВЕСТИ",21.09.2026,16:29,MarketTwits,21.09.2026 16:29:55,,,
Возможно,"МГТС получила от миноритариев заявки на выкуп 1,13 млн привилегированных акций, оплата будет осуществлена не позднее 28.09.2026 — компания #MGTS Читать далее 👉 https://smartlab.news/i/204812 мы в max",21.09.2026,16:30,СМАРТЛАБ НОВОСТИ,21.09.2026 16:30:26,,,
Возможно,Мишустин: Состоявшееся голосование еще раз подтвердило поддержку курса президента гражданами страны Читать далее 👉 https://smartlab.news/i/204813 мы в max,21.09.2026,16:33,СМАРТЛАБ НОВОСТИ,21.09.2026 16:33:00,,,
Важно,"🇷🇺#торги #россия ЦБ РФ: Сведения о внебиржевых сделках с ПФИ теперь доступны на сайте Банка России Банк России для повышения прозрачности финансового рынка публикует обезличенные сведения о внебиржевых договорах, являющихся рублевыми процентными свопами. релиз",21.09.2026,16:34,MarketTwits,21.09.2026 16:34:06,ЦБ,,
Не важно,⬆️✴️#крипто #акции акции криптачей растут в среднем на 5% на премаркете — мониторинг,21.09.2026,16:35,MarketTwits,21.09.2026 16:35:43,,,
Не важно,"⬆️⬆️⬆️✴️#BTC #крипто #прогноз #макро Если циклическое дно в BTC пройдено, то, с высокой вероятностью, впереди 3 года роста — эксперты *исторически, BTC растет 3 года и падает 1 год",21.09.2026,16:38,MarketTwits,21.09.2026 16:38:26,,,
Возможно,Минфин РФ не собирается продавать акции госкомпаний по дешевке — замглавы ведомства Моисеев Читать далее 👉 https://smartlab.news/i/204816 мы в max,21.09.2026,16:41,СМАРТЛАБ НОВОСТИ,21.09.2026 16:41:12,,,
Важно,"🇷🇺#бюджет #россия Бюджет на трехлетку сверстан с целью выйти на соблюдение бюджетного правила в 2029 г — Силуанов, ВЕСТИ",21.09.2026,16:42,MarketTwits,21.09.2026 16:42:08,ЦБ,,
Возможно,"Новак: За восемь месяцев отмечаем рост экспорта угля на 7,2% г/г — Целевой сценарий предусматривает рост добычи угля до 660 млн т к 2050 году, а экспорта - до 350 млн т — Реализован оперативный комплекс мер поддержки угольной отрасли: отсрочки по налогам и страховым взносам на сумму около ₽75 млрд для организаций, обеспечивающих 93% добычи — Эффект к 2050 году - это рост валовой добавленной стоимости отрасли в шесть раз, совокупный мультипликативный эффект - почти ₽10 трлн Читать далее 👉 https://smartlab.news/i/204817 мы в max",21.09.2026,16:42,СМАРТЛАБ НОВОСТИ,21.09.2026 16:42:25,,,
Важно,"🚫🇺🇦#металлы #украина Украина полностью прекратила экспорт чугуна из-за блокады портов — расчеты GMK Center на основе данных Государственной таможенной службы Украины —————————- Средние цены на российский чугун в портах РФ на неделе 14–18 сентября выросли на $5, до $345–350 за тонну (FOB) благодаря увеличившейся стоимости лома в Турции, говорится в обзоре SteelOrbis",21.09.2026,16:45,MarketTwits,21.09.2026 16:45:18,Украина,,
Возможно,"#Уголь Россия планирует увеличить свою долю в мировой торговле углем с 13% до 24-27% к 2050 году. Такие показатели заложены в обновленную программу развития угольной промышленности, сообщил вице-премьер Александр Новак. Добычу угля предполагается нарастить с 443 млн до 662 млн тонн, экспорт - со 198 млн до 350 млн тонн",21.09.2026,16:47,Сигналы РЦБ,21.09.2026 16:47:09,,,
Возможно,"🚫🛢🇷🇺#бензин #россия РОССИЯ СОБИРАЕТСЯ ПРОДЛИТЬ ЗАПРЕТ НА ЭКСПОРТ ДИЗЕЛЯ И ПОСЛЕ СЕНТЯБРЯ — BBG RUSSIA SET TO EXTEND DIESEL EXPORT BAN BEYOND END-SEPTEMBER Russia is set to extend a ban on most diesel exports beyond the end of September as Ukraine continues to attack its refineries, according to people familiar with the matter.",21.09.2026,16:49,MarketTwits,21.09.2026 16:49:30,,,
Возможно,Власти РФ намерены продлить запрет на экспорт дизеля — источники Bloomberg Читать далее 👉 https://smartlab.news/i/204818 мы в max,21.09.2026,16:55,СМАРТЛАБ НОВОСТИ,21.09.2026 16:55:36,,,
Возможно,"Т-Банк размещает облигации «Кредитный поток 7.0» с рейтингом eAAA (ru.sf). Бумаги обеспечены портфелем потребительских кредитов. Ожидаемая доходность — до 17,79%. Подать поручение на участие можно до 25 сентября, 15:00 мск, в приложении Т-Инвестиций. Комиссия за участие в первичном размещении — 0%.",21.09.2026,16:56,СМАРТЛАБ НОВОСТИ,21.09.2026 16:56:33,,,
Возможно,🇷🇺#MGNT Магнит впервые запустил дарксторы за пределами Москвы и Санкт-Петербурга,21.09.2026,17:08,MarketTwits,21.09.2026 17:08:54,,,
Возможно,Магнит впервые открыл дарксторы за пределами Москвы и Санкт-Петербурга #MGNT Читать далее 👉 https://smartlab.news/i/204819 мы в max,21.09.2026,17:14,СМАРТЛАБ НОВОСТИ,21.09.2026 17:14:07,,,
Не важно,"⬆️🇺🇸#AMD = +9% ⬆️🇺🇸#INTC = +10% ⬆️🇬🇧#ARM = +12% Новый ИИ-агент Meta Muse стал самым скачиваемым бесплатным приложением для iPhone в США Инвесторы оценивают событие, как широкое распространение автономных ИИ-агентов, которое может увеличить потребность в серверных процессорах. Arm прогнозирует рост рынка серверных CPU более чем на 35% ежегодно. AMD оценивает потенциал рынка в $220 млрд.",21.09.2026,17:14,MarketTwits,21.09.2026 17:14:18,,,
Возможно,Газпром нефть и её дочерние структуры получили 12 лицензий на поиск углеводородов в Красноярском крае по заявительному принципу. Лицензии действуют до сентября 2033 года #SIBN Читать далее 👉 https://smartlab.news/i/204821 мы в max,21.09.2026,17:15,СМАРТЛАБ НОВОСТИ,21.09.2026 17:15:11,,,
Не важно,⬇️🛢#нефть BRENT < $100,21.09.2026,17:17,MarketTwits,21.09.2026 17:17:45,,,
Не важно,💥🇺🇸#AMD #акции #сша #макро Рыночная капитализация AMD впервые в истории достигла отметки $1 трлн +30 400% за 10 лет,21.09.2026,17:19,MarketTwits,21.09.2026 17:19:00,,,
Возможно,ЕС готовит отмену санкций против Усманова и Фридмана — Reuters Читать далее 👉 https://smartlab.news/i/204822 мы в max,21.09.2026,17:21,СМАРТЛАБ НОВОСТИ,21.09.2026 17:21:17,,,
Возможно,Рассмотрение дела о нарушении группой Русал антимонопольного законодательства продолжается — ФАС #RUAL Читать далее 👉 https://smartlab.news/i/204823 мы в max,21.09.2026,17:24,СМАРТЛАБ НОВОСТИ,21.09.2026 17:24:39,,,
Не важно,США предложили продлить торговое перемирие с Китаем на шесть месяцев — NYT Читать далее 👉 https://smartlab.news/i/204824 мы в max,21.09.2026,17:26,СМАРТЛАБ НОВОСТИ,21.09.2026 17:26:40,,,
Важно,"#Политика Источники РБК-Украина сообщают, что президенты США и Украины должны встретиться во второй половине дня или вечером",21.09.2026,17:27,Сигналы РЦБ,21.09.2026 17:27:09,Украина,,
Важно,🇪🇺🇷🇺#санкции #россия ЕС предварительно согласовал отмену санкций против Усманова и Фридмана — RTRS,21.09.2026,17:27,MarketTwits,21.09.2026 17:27:18,,,
Важно,❗️🇺🇦#событие #украина #геополитика Завтра вечером Зеленский и Трамп проведут встречу — украинские СМИ,21.09.2026,17:28,MarketTwits,21.09.2026 17:28:09,Украина,,
Возможно,#Нефтянка Brent спускается к 100$ за баррель в преддверии встреч Трамп с Ираном в Нью-Йорке и Китаем 23-25 сентября,21.09.2026,17:28,Сигналы РЦБ,21.09.2026 17:28:34,,,
Не важно,❗️🇺🇸🇨🇳#торговыевойны #сша #китай США предложили продлить торговое перемирие с Китаем на 6 месяцев:. Китай настаивает на более длительном продлении — NYT,21.09.2026,17:30,MarketTwits,21.09.2026 17:30:47,,,
Не важно,📉 Цены на нефть Brent упали ниже $100 за баррель впервые с 9 сентября Читать далее 👉 https://smartlab.news/i/204825 мы в max,21.09.2026,17:31,СМАРТЛАБ НОВОСТИ,21.09.2026 17:31:52,,,
Возможно,"Минфин не планирует новых крупных продаж акций госкомпаний, кроме уже объявленных (Аэрофлот, Шереметьево, НМТП) — Силуанов в интервью ИС ""Вести"" Читать далее 👉 https://smartlab.news/i/204826 мы в max",21.09.2026,17:35,СМАРТЛАБ НОВОСТИ,21.09.2026 17:35:54,,,
Не важно,"⬇️🇪🇺#NVO = -8% Novo (ранее Novo Nordisk) сегодня представил свою стратегию и цели на 2030 год на дне инвесторов в Лондоне ожидает совокупного среднегодового роста выручки с 2026 по 2030 год на уровне, сопоставимом с показателями «отраслевых конкурентов» к 2030 году планирует выпустить более пяти препаратов-блокбастеров Компания сократила 13 000 сотрудников за год — FT CEO не исключает покупок отдельных игроков на рынке.",21.09.2026,17:36,MarketTwits,21.09.2026 17:36:52,,,
Не важно,⬆️✴️#BTC = $86 000,21.09.2026,17:39,MarketTwits,21.09.2026 17:39:07,,,
Не важно,⬆️🇺🇸#акции #сша NASDAQ 100 = +2%,21.09.2026,17:39,MarketTwits,21.09.2026 17:39:58,,,
Возможно,"Пьянов сравнил российского инвестора с рыбой из-за близорукости и короткой памяти — ТАСС #VTBR ""Российский инвестор, по моему мнению, склонен переоценивать краткосрочную информацию и недооценивать долгосрочную информацию. То есть он, с одной стороны, со стороны близорук, а с другой стороны - обладает короткой памятью. Это будет рыба"", - отметил Пьянов. Читать далее 👉 https://smartlab.news/i/204828 мы в max",21.09.2026,17:40,СМАРТЛАБ НОВОСТИ,21.09.2026 17:40:08,,,
Возможно,"ФАС, Русал и потребители алюминия продолжают согласовывать новую формулу ценообразования, которую компания планировала ввести с 1 октября без одобрения регулятора — ТАСС #RUAL Читать далее 👉 https://smartlab.news/i/204829 мы в max",21.09.2026,17:45,СМАРТЛАБ НОВОСТИ,21.09.2026 17:45:33,,,
Не важно,❗️🇺🇸🇧🇾#удобрения #сша #беларусь ТРАМП: СОЕДИНЕННЫЕ ШТАТЫ РАБОТАЮТ НАД КРУПНОЙ СДЕЛКОЙ ПО ПРИОБРЕТЕНИЮ УДОБРЕНИЙ У БЕЛАРУСИ Трамп хочет покупать удобрения у Беларуси вместо Канады,21.09.2026,17:48,MarketTwits,21.09.2026 17:48:51,,,
Не важно,Трамп: США работают над масштабной сделкой по закупке калийных удобрений у Беларуси #PHOR #AKRN Читать далее 👉 https://smartlab.news/i/204831 мы в max,21.09.2026,17:51,СМАРТЛАБ НОВОСТИ,21.09.2026 17:51:44,,,
Не важно,⬆️✴️#BTC #крипто #обзор BTC идет на $1 000 000 — аналитики,21.09.2026,17:53,MarketTwits,21.09.2026 17:53:30,,,
Важно,Финдиректор Аэрофлота не считает ситуацию на фондовом рынке благоприятной для SPO — ТАСС #AFLT Читать далее 👉 https://smartlab.news/i/204832 мы в max,21.09.2026,17:54,СМАРТЛАБ НОВОСТИ,21.09.2026 17:54:09,Аэрофлот,,
Не важно,⬆️✴️#ETH #крипто #обзор 3кв 2026г станет лучшим 3кв кварталом в истории ETH — Coinglass,21.09.2026,17:59,MarketTwits,21.09.2026 17:59:30,,,
Возможно,"Официальные курсы валют на 22 сентября: ¥ — ₽12,5448, $ — ₽84,0954, € — ₽96,3733 Читать далее 👉 https://smartlab.news/i/204835 мы в max",21.09.2026,18:02,СМАРТЛАБ НОВОСТИ,21.09.2026 18:02:35,,,
Не важно,🇷🇺#fx #россия ЦБ установил официальные курсы валют на 22 сентября,21.09.2026,18:04,MarketTwits,21.09.2026 18:04:12,,,
Не важно,"⬆️🇺🇸#акции #сша #обзор впереди: 1) исторически сильнейший в году квартал для акций США 2) возможный ""предвыборный Трамп-памп""",21.09.2026,18:09,MarketTwits,21.09.2026 18:09:18,,,
Не важно,"⬆️✴️#крипто #обзор впереди: 1) исторически сильнейший в году квартал для BTC 2) возможный ""предвыборный крипто-Трамп-памп""",21.09.2026,18:11,MarketTwits,21.09.2026 18:11:30,,,
Возможно,"Генпрокуратура требует передать государству крупный пакет акций ижевского АО «Уральские заводы», выявив незаконный иностранный контроль над стратегическими предприятиями группы Читать далее 👉 https://smartlab.news/i/204836 мы в max",21.09.2026,18:11,СМАРТЛАБ НОВОСТИ,21.09.2026 18:11:38,,,
Не важно,🇧🇾🇺🇸#беларусь #сша #today Трамп теперь на калийном крючке у Лукашенко — эксперты,21.09.2026,18:23,MarketTwits,21.09.2026 18:23:17,,,
Важно,Московский НПЗ Газпром нефти остановил переработку после атаки беспилотника — Reuters #SIBN Читать далее 👉 https://smartlab.news/i/204838 мы в max,21.09.2026,18:24,СМАРТЛАБ НОВОСТИ,21.09.2026 18:24:51,Газпром нефть,,
Возможно,🚫🛢🇷🇺#бензин #россия Московский НПЗ вновь остановлен после недавней атаки — RTRS,21.09.2026,18:29,MarketTwits,21.09.2026 18:29:48,,,
Не важно,"⚠️🇺🇸🇨🇳#торговыевойны #сша #китай Никакой ""грандиозной сделки"" по итогам предстоящей встречи в Белом доме Си Цзиньпина и Трампа ожидать не следует, заявил торговый представитель США Грир",21.09.2026,18:33,MarketTwits,21.09.2026 18:33:29,,,
Не важно,"#Политика Никакой ""грандиозной сделки"" по итогам предстоящей встречи в Белом доме Си Цзиньпина и Трампа ожидать не следует, заявил торговый представитель США Грир",21.09.2026,18:35,Сигналы РЦБ,21.09.2026 18:35:22,,,
Не важно,"⚠️🇩🇪#выборы #германия Мерц будет держаться до последнего, говорит у него есть поддержка — BBG Merz Says He Has Backing to Stay On as Germany’s Chancellor",21.09.2026,18:35,MarketTwits,21.09.2026 18:35:47,,,
Возможно,ДОМ.PФ заявил о росте числа розничных инвесторов компании в три раза за год до 148 тыс #DOMRF Читать далее 👉 https://smartlab.news/i/204840 мы в max,21.09.2026,18:40,СМАРТЛАБ НОВОСТИ,21.09.2026 18:40:03,,,
Не важно,✴️#крипто #разблокировки Cryptorank: топ 7 разблокировок в токенах на этой неделе,21.09.2026,18:40,MarketTwits,21.09.2026 18:40:24,,,
Возможно,"🇷🇺#физики #россия #обзор Российский инвестор похож на осла или медоеда, оценили в Минфине — ЭКСПЕРТ Первый зампред ВТБ сравнил российского инвестора с рыбой — ТАСС В Москве проходит XI Московский финансовый форум",21.09.2026,18:45,MarketTwits,21.09.2026 18:45:16,,,
Возможно,"Дмитрий Пьянов из ВТБ подарил Минфину голубую голову профессора Доуэля. ""Как голова профессора Доуэля сохраняла разум и волю, будучи отделённой от тела, так и Минфин, даже вырванный порой из нефтегазового тела экономики, посреди агрессивной внешней среды сохраняет ясность мысли и свободу воли. И именно эта способность мыслить независимо от тела, которое его питает, позволяет стране жить структурно сбалансированной жизнью"".",21.09.2026,18:45,СМАРТЛАБ НОВОСТИ,21.09.2026 18:45:58,,,
Возможно,Мосбиржа запустила конкурс Биржевой марафон на срочном рынке с розыгрышем MacBook Pro Для участия нужно зарегистрироваться на сайте и с 21 сентября по 12 октября совершить сделки с фьючерсами и опционами на сумму не менее 10 тыс. руб.#MOEX Читать далее 👉 https://smartlab.news/i/204843 мы в max,21.09.2026,18:50,СМАРТЛАБ НОВОСТИ,21.09.2026 18:50:20,,,
Не важно,"🇺🇸#ии #сша #трамп Сейчас мы опережаем Китай и всех остальных, и я собираюсь сохранить это преимущество! Я не собираюсь сдерживать развитие того, что станет масштабнее, чем промышленная революция или сам Интернет. Мы будем действовать осторожно, и именно для этого у нас есть Министерство юстиции и другие правоохранительные органы, которые при необходимости возьмут ситуацию под контроль, но я буду только поощрять развитие ИИ или СИ (СУПЕРИНТЕЛЛЕКТА)! — ТРАМП",21.09.2026,18:51,MarketTwits,21.09.2026 18:51:23,,,
Возможно,"❗️🛢#нефть #трамп ""Saudi Aramco загрузила 14 миллионов баррелей нефти на семь танкеров VLCC с терминалов в Персидском заливе, наращивая экспорт через Ормузский пролив"" Saudi Aramco активно наращивает поставки нефти через Ормуз, пишут западные СМИ со ссылкой на данные и источники",21.09.2026,18:52,MarketTwits,21.09.2026 18:52:50,,,
Возможно,"#Нефятнка Saudi Aramco загрузила 14 миллионов баррелей нефти на семь танкеров VLCC с терминалов в Персидском заливе, наращивая экспорт через Ормузский пролив — СМИ",21.09.2026,18:53,Сигналы РЦБ,21.09.2026 18:53:14,,,
Не важно,"🇺🇸#SPCX #ии SpaceXAI запускает Grok 4.7, заявляет, что он в два раза быстрее аналогичных моделей искусственного интеллекта и стоит в два раза дешевле.",21.09.2026,18:54,MarketTwits,21.09.2026 18:54:06,,,
Возможно,"ЦБ допустил регуляторные изменения после кейса ЕвроТранса, включая аудиторскую деятельность Читать далее 👉 https://smartlab.news/i/204844 мы в max",21.09.2026,18:56,СМАРТЛАБ НОВОСТИ,21.09.2026 18:56:56,,,
Не важно,✴️🇺🇸#ipo #торги #сша Coinbase открыла доступ к IPO для розничных инвесторов из США физики теперь могут принимать участие в IPO прям из приложения Coinbase App,21.09.2026,19:02,MarketTwits,21.09.2026 19:02:01,,,
Возможно,Россия переоборудует терминалы Балтики и Арктики под экспорт зерна после ударов по Черному морю — Reuters #RAGR Читать далее 👉 https://smartlab.news/i/204846 мы в max,21.09.2026,19:04,СМАРТЛАБ НОВОСТИ,21.09.2026 19:04:37,,,
Не важно,"Нефть снова ниже 100 долларов, в Германии побеждает АдГ️Итоги дня 📉Самолет -7.5% Продолжают падение после статьи в Коммерсанте. Паника на рынке облигаций перекинулась на акции. Хотя тут конечно вопрос: что было первым курица или яйцо?🤔 📉Яндекс -3.6% Падает после дивидендной отсечки — 110 рублей на акцию🤑 📉Brent -3.3% Нефть опустилась ниже, на фоне слухов про новые переговоры. Власти Ирана передали США через катарских посредников условия для прекращения войны и ожидают ответа американского президента Дональда Трампа. Об этом заявил секретарь Высшего совета национальной безопасности Ирана Мохсен Резаи. В то же время, Саудовская Аравия продолжает поставки нефти, несмотря на противостояние с Хуситами. Reuters сообщает, что в пятницу Саудовская Аравия продала около 60 миллионов баррелей нефти из своего порта Рас-Танура в Персидском заливе, для погрузки методом перевалки с судна на судно в оманском порту Сохар🤔 📉RGBI -0.1% Мяч снова на стороне ЦБ👉Планируемый дефицит бюджета РФ на 2027 год в районе около 2% ВВП не несет рисков, со стороны бюджетной политики сделано все для смягчения Банком России денежно-кредитной политики (ДКП), заявил министр финансов РФ Антон Силуанов на Московском финансовом форуме⚽️ 📈Газпром +1% Растёт на фоне очередных побед АдГ 👉«Альтернатива для Германии» (АдГ) победила в Мекленбурге — Передней Померании с результатом 38,2%. В 2021-м у нее тут было лишь 16,7. У СДПГ — 35,5% (пять лет назад — 39,6). Также в земельный парламент прошли левые (6,5%) и «Зеленые» (5,7). ХДС не смогла преодолеть пятипроцентный барьер🤔 📈М.Видео +0.9% Совет директоров ПАО «М.Видео» определил цену размещения 500 млн дополнительных акций компании по закрытой подписке в размере 49,90 рубля за бумагу😳 📈Хэдхантер +0.5% Акционеры МКПАО «Хэдхантер» утвердили полугодовые дивиденды в размере 200 рублей на акцию🤑 📉Аэрофлот -1.4% Минфин не отказывается от планов провести вторичное размещение акций «Аэрофлота» в 2026 году, но допускает перенос сделки на следующий год ввиду неблагоприятной рыночной конъюнктуры. Об этом журналистам сообщил замминистра финансов Алексей Моисеев в кулуарах Московского финансового форума😁 Полная карта рынка: https://smart-lab.ru/q/map Билеты на нашу осеннюю конфу на 20% дешевле по промокоду LONG: https://confa.smart-lab.ru/msk26 СМАРТЛАБ | MAX | ВК",21.09.2026,19:04,СМАРТЛАБ НОВОСТИ,21.09.2026 19:04:49,,,
Важно,"🇩🇪#GAZP #выборы #германия Член АдГ рассказал, что представители партии обсуждали на ПМЭФ возобновление российских энергопоставок, в том числе с Дмитриевым. АдГ намерена продолжить диалог и добиваться восстановления «Северного потока» — РБК",21.09.2026,19:06,MarketTwits,21.09.2026 19:06:10,Газпром,,
Возможно,"Дмитрий Пьянов из ВТБ подарил Минфину голубую голову профессора Доуэля. ""Как голова профессора Доуэля сохраняла разум и волю, будучи отделённой от тела, так и Минфин, даже вырванный порой из нефтегазового тела экономики, посреди агрессивной внешней среды сохраняет ясность мысли и свободу воли. И именно эта способность мыслить независимо от тела, которое его питает, позволяет стране жить структурно сбалансированной жизнью"".",21.09.2026,19:07,Сигналы РЦБ,21.09.2026 19:07:14,,,
Важно,"Постпреды ЕС согласовали продление санкций против России и Белоруссии сразу на три года, тогда как ранее меры продлевались на шесть месяцев Читать далее 👉 https://smartlab.news/i/204847 мы в max",21.09.2026,19:13,СМАРТЛАБ НОВОСТИ,21.09.2026 19:13:58,,,
Не важно,"⬆️🇩🇪#экономика #германия #прогноз Экономические институты Германии резко повысили прогнозы по росту экономики ФРГ рост ВВП в 2026 году составит 1,3% по сравнению с предыдущим прогнозом в 0,6% прогнозируют рост на 1,1% в 2027 году по сравнению с 0,9% ранее — Handelsblatt",21.09.2026,19:15,MarketTwits,21.09.2026 19:15:06,,,
Важно,"#Политика Владимир Зеленский отказался прекратить удары по российским нефтеперерабатывающим заводам, о чём его просил Дональд Трамп",21.09.2026,19:17,Сигналы РЦБ,21.09.2026 19:17:57,Украина,,
Не важно,"⬆️✴️#BTC #прогноз #крипто На Polymarket начали стремительно расти ставки на то, что BTC достигнет отметки $100 000 в этом году — мониторинг",21.09.2026,19:18,MarketTwits,21.09.2026 19:18:53,,,
Возможно,"Трамп рассматривал приказ о нападении на хуситов в Йемене в минувшие выходные, но решил воздержаться — Axios Читать далее 👉 https://smartlab.news/i/204848 мы в max",21.09.2026,19:20,СМАРТЛАБ НОВОСТИ,21.09.2026 19:20:28,,,
Возможно,"Рынок жилья и ипотеки демонстрирует разнонаправленные тренды: выдача ипотеки растёт (+32% г/г за 8 месяцев), ввод жилья падает (–14% г/г за 8 месяцев), а продажи в новостройках снижаются (–16% г/г в августе) — Аналитика ДОМ.PФ #DOMRF Читать далее 👉 https://smartlab.news/i/204850 мы в max",21.09.2026,19:30,СМАРТЛАБ НОВОСТИ,21.09.2026 19:30:30,,,
Не важно,"❗️🇷🇺#зерно #россия ПРАВИТЕЛЬСТВО РОССИИ ОБНУЛИЛО ПОШЛИНЫ НА ЭКСПОРТ ЗЕРНОВЫХ ДО КОНЦА 2026 ГОДА -- МИНСЕЛЬХОЗ, РИА",21.09.2026,19:46,MarketTwits,21.09.2026 19:46:09,,,
Возможно,Правительство обнулило пошлины на экспорт зерновых до конца 2026 года — Минсельхоз #RAGR Читать далее 👉 https://smartlab.news/i/204852 мы в max,21.09.2026,19:50,СМАРТЛАБ НОВОСТИ,21.09.2026 19:50:45,,,
Не важно,"⚠️🇨🇦#дкп #канада Глава ЦБ Канады Маклем заявил, что ""новая эра неопределенности"" не уйдет скоро. Рост цен на энэргоносители является проинфляционным фактором. Ожидает рост инфляции в ближайшие месяцы. Не исключает повышения ставки.",21.09.2026,20:16,MarketTwits,21.09.2026 20:16:30,,,
Не важно,Великобритания близка к соглашению о военной помощи Саудовской Аравии в борьбе с хуситами — BBG Читать далее 👉 https://smartlab.news/i/204853 мы в max,21.09.2026,20:33,СМАРТЛАБ НОВОСТИ,21.09.2026 20:33:59,,,
Не важно,🇺🇸#LMT #трамп Трамп похвалил Lockheed Martin,21.09.2026,21:11,MarketTwits,21.09.2026 21:11:12,,,
Не важно,"🇺🇸🇬🇱#сша #гренландия #геополитика США, Дания и Гренландия подпишут договор по безопасности на Генассамблее ООН 22 сентября",21.09.2026,21:16,MarketTwits,21.09.2026 21:16:51,,,
Не важно,"🇺🇸🇨🇳#ии #сша #китай США и Китай условились запустить диалог по ИИ, в том числе в целях безопасности, сообщил Бессент США и Китай хотят создать горячую линию на случай инцидентов с ИИ",21.09.2026,21:20,MarketTwits,21.09.2026 21:20:16,,,
Не важно,🚫🛢🇫🇷#бензин #франция Макрон попросил ЕК смягчить требования ЕС к качеству топлива — BFMTV,21.09.2026,21:21,MarketTwits,21.09.2026 21:21:47,,,
Важно,Мадьяр опроверг строительство в Венгрии хранилищ нефтепродуктов для Украины — Bloomberg Читать далее 👉 https://smartlab.news/i/204854 мы в max,21.09.2026,21:29,СМАРТЛАБ НОВОСТИ,21.09.2026 21:29:08,Украина,,
Возможно,"⚠️🇮🇷#иран #геополитика #саравия #британия Британия близка к тому, чтобы согласиться поддержать С.Аравию в борьбе с хуситами — BBG UK Close to Helping Saudi Arabia Counter Houthi Attacks",21.09.2026,21:34,MarketTwits,21.09.2026 21:34:32,,,
Возможно,"Телеканалы президентского пула объявили бойкот Трампу после отстранения CNN, Politico и MS NOW от работы в Белом доме Читать далее 👉 https://smartlab.news/i/204855 мы в max",21.09.2026,21:41,СМАРТЛАБ НОВОСТИ,21.09.2026 21:41:48,,,
Возможно,"#Нефтянка Китай в августе увеличил импорт российской нефти на 41%, заместив ею выпавшие поставки с Ближнего Востока Закупки у других крупных стран-экспортеров снизились, прежде всего, у Саудовской Аравии - почти вдвое, свидетельствуют расчеты ""Интерфакса"" на основе данных Главного таможенного управления КНР. Россия оказалась фактически единственной из лидирующих поставщиков, кто в августе смог увеличить отгрузки нефти в КНР, общий объем которых достиг 2,64 млн б/с (или 11,22 млн тонн за целый месяц). Относительно июля показатель вырос на 22,6%, аналогичного месяца прошлого года - на 41,3%. Расходы Пекина на российскую нефти составили $6,47 млрд.",21.09.2026,21:42,Сигналы РЦБ,21.09.2026 21:42:33,,,
Возможно,"⚠️🇮🇷#иран #геополитика КСИР заявил, что вооруженные силы Ирана приведены в полную боеготовность и держат палец на спусковом крючке, готовы дать решительный и сокрушительный отпор измотанному противнику-агрессору. КСИР призвал США и Израиль смириться с тем, что в регионе не будет их присутствия. ———————————- Вчера сообщалось о том, что Иран объявил «Код 100» — наивысший уровень боевой готовности, а Ирак приостанавливает все рейсы в Иран и из Ирана со вторника, 22 сентября, во всех иракских аэропортах на фоне готовящейся атаки со стороны США. Иран заявил о риске возобновления войны с США. За день до этого Госдепартамент США обратился к американским гражданам, находящимся на Ближнем Востоке, с предупреждением о возросших рисках «непредвиденной эскалации» в регионе.",21.09.2026,21:42,MarketTwits,21.09.2026 21:42:49,,,
Возможно,Аэрофлот обсуждает с Мосбиржей критерии попадания в программу роста акционерной стоимости #AFLT Читать далее 👉 https://smartlab.news/i/204856 мы в max,21.09.2026,21:57,СМАРТЛАБ НОВОСТИ,21.09.2026 21:57:58,,,
Не важно,❗️🇺🇸🇸🇦#сша #восток #геополитика Администрация Трампа предлагает выделить $5 млрд на создание инвестиционного фонда для восстановления энергетических объектов в Персидском заливе — WSJ Цель инициативы - восстановить доверие между США и их союзниками в регионе. Trump Administration Proposes $5 Bln To Kickstart Investment Fund To Rebuild Gulf Energy Sites,21.09.2026,22:15,MarketTwits,21.09.2026 22:15:22,,,
Не важно,Минфин: задача — перетянуть россиян с криптой из иностранной инфраструктуры в регулируемый контур Читать далее 👉 https://smartlab.news/i/204857 мы в max,21.09.2026,22:23,СМАРТЛАБ НОВОСТИ,21.09.2026 22:23:10,,,
Не важно,"⬆️🇺🇸#акции #сша В акциях США наблюдается мега ралли. Пузыри и финансовые кризисы можно задвинуть минимум до промежуточных выборов, а лучше до окончания всего срока Трампа — эксперты",21.09.2026,22:44,MarketTwits,21.09.2026 22:44:44,,,
Важно,Встреча Трампа и Зеленского запланирована на 22 сентября в Нью-Йорке и будет посвящена энергетической деэскалации — украинские СМИ Читать далее 👉 https://smartlab.news/i/204858 мы в max,21.09.2026,22:46,СМАРТЛАБ НОВОСТИ,21.09.2026 22:46:57,Украина,,
Возможно,Глава ФРБ Сент-Луиса предупредил о возможном дальнейшем повышении ставок ФРС Читать далее 👉 https://smartlab.news/i/204860 мы в max,21.09.2026,23:00,СМАРТЛАБ НОВОСТИ,21.09.2026 23:00:09,,,
Не важно,⬆️✴️#BTC = $87 000,21.09.2026,23:22,MarketTwits,21.09.2026 23:22:14,,,
Не важно,⬆️🇺🇸#акции #сша NASDAQ закрылся на рекордном уровне,21.09.2026,23:29,MarketTwits,21.09.2026 23:29:04,,,
Не важно,"⬆️✴️#альтсезон #крипто Альтсезон добрался до освещения в Bloomberg теперь даже бабушки в Канзасе будут знать, что альтсезон наступил и начнут покупать крипту — эксперты",21.09.2026,23:31,MarketTwits,21.09.2026 23:31:34,,,
Не важно,"⬆️✴️#BTC #обзор #крипто Давление со стороны покупателей на Binance на сегодняшнем ""пробое"" в BTC по своей силе (+$618 млн за час) было сопоставимо с пробоем 19 августа, после которого ралли длилось еще несколько дней — данные CryptoQuant",21.09.2026,23:39,MarketTwits,21.09.2026 23:39:43,,,
Не важно,"mt в max 🗓КАЛЕНДАРЬ НА СЕГОДНЯ — 2026.09.22 🌎81-я сессия Генеральной Ассамблеи ООН в Нью-Йорке - день 1 🇮🇷Трамп проведет переговоры по Ирану с лидерами стран Персидского залива во время Генеральной Ассамблеи ООН в Нью-Йорке 🇮🇷Президент Ирана Пезешкян на полях ООН обозначит позицию Тегерана 🇮🇷Ирак приостанавливает все рейсы в Иран и из Ирана на фоне возможной готовящейся атаки со стороны США 🇬🇱США, Дания и Гренландия подпишут договор по безопасности 🇺🇦🇺🇸Зеленский проведет переговоры с Трампом на полях ГА ООН 🇯🇵Япония - нет торгов 🇦🇺глава ЦБ Австралии Буллок - 06:10мск 🇺🇸США - ADP Employment (нед) - 15:15мск 🇷🇺ЦБ РФ опубликует опрос по потребительским инфляционным ожиданиям - 16:00мск 🇺🇸США - Richmond Manufacturing Index (сент) - 17:00мск 🇪🇺ЕС - Consumer Confidence (сент-предв) - 17:00мск 🛢нефть США - запасы API - 23:30мск 🇺🇸#SPCX SpaceX запустит Starship, корабль впервые выйдет на орбиту и доставит на неё спутники Starlink V3 ✴️🇷🇺Мосбиржа запускает вечные фьючерсы на #BTC #ETH #SOL #XRP #TRX попсовые отчетности: 🇷🇺#DOMRF ДОМРФ - МСФО 8м 2026г 🇺🇸#KBH KB Home - 23:10мск",22.09.2026,6:47,MarketTwits,22.09.2026 6:47:19,,,
Не важно,🌎#markets,22.09.2026,6:51,MarketTwits,22.09.2026 6:51:58,,,
Не важно,🌎#fx USDCNY = 6.69 USDTRUB = 87.9,22.09.2026,6:52,MarketTwits,22.09.2026 6:52:59,,,
Не важно,"⚠️🇳🇿#дкп #инфляция #нзеландия Глава ЦБ Н.Зеландии Бреман: устойчивый рост цен на нефть, вероятно, приведет к тому, что в ближайшее время инфляция превысит сентябрьский прогноз",22.09.2026,6:56,MarketTwits,22.09.2026 6:56:19,,,
Не важно,"⚠️🇦🇺#дкп #инфляция #австралия Глава ЦБ Австралии Буллок: шоки предложения представляют собой проблему для ДКП риски ускорения инфляции связанны с Ближним Востоком, и высоким внутренним спросом ДКП должна учитывать последствия роста инфляционного давления",22.09.2026,7:00,MarketTwits,22.09.2026 7:00:33,,,
Не важно,"🇺🇸#трамп #сша Белый дом запускает круглосуточный телеканал «Трамп ТВ» (TRUMP TV) на фоне бойкота СМИ Ранее крупные американские СМИ отказались освещать мероприятия с участием Трампа. Так они выразили солидарность с телеканалами CNN, MS NOW и Politico, которым Трамп запретил посещать Белый дом.",22.09.2026,7:05,MarketTwits,22.09.2026 7:05:07,,,
Возможно,Минфин готовит для Ozon и его селлеров налоговые отсрочки по аналогии с Wildberries — Ведомости #OZON Читать далее 👉 https://smartlab.news/i/204863 мы в max,22.09.2026,7:07,СМАРТЛАБ НОВОСТИ,22.09.2026 7:07:49,,,
Не важно,"🇪🇺🇨🇦#европа #канада #P4M #макро Евросоюз и Канада готовят новый международный альянс под названием P4M, который станет альтернативой G20 и будет независим от США и Китая. К инициативе также присоединились Бразилия, Кения, Индия и Австралия. Альянс задуман как открытый формат, к которому в будущем смогут присоединиться другие страны. В Оттаве допустили присоединение Британии к альянсу.",22.09.2026,7:10,MarketTwits,22.09.2026 7:10:15,,,
Возможно,Яндекс и VK обсуждают создание совместного предприятия на базе Yandex B2B Tech и VK Tech — РБК #YDEX #VKCO Читать далее 👉 https://smartlab.news/i/204864 мы в max,22.09.2026,7:10,СМАРТЛАБ НОВОСТИ,22.09.2026 7:10:45,,,
Возможно,"🇷🇺#OZON Минфин обсуждает отсрочку по налогам для OZON — Ведомости Перенос сроков уплаты будет распространяться на селлеров маркетплейса по аналогии с РВБ Минфин согласен, что поддержка нужна. Объем поддержки определит правительство.",22.09.2026,7:13,MarketTwits,22.09.2026 7:13:03,,,
Не важно,✴️🇷🇺#CBDC #россия #крипто Аксаков сообщил об активном подключении молодежи к операциям с цифровым рублем,22.09.2026,7:14,MarketTwits,22.09.2026 7:14:40,,,
Не важно,"🇨🇳#ии #китай #BABA Alibaba планирует в 2027г выпустить новый ии-чип Zhenwu V900, который будет втрое мощнее предшественника. CEO Alibaba также сообщил, что компания начнет обучать свою новую ии-модель Qwen с 5–10 триллионами параметров, а к 2032 году мощность глобальных центров обработки данных Alibaba Cloud превысит 20 ГВт",22.09.2026,7:19,MarketTwits,22.09.2026 7:19:52,,,
Не важно,"🇷🇺#YDEX #VKCO Яндекс и VK обсудят создание совместного бизнеса с «облаками» и ИИ — РБК «Яндекс» и VK обсуждают возможность создания совместного предприятия на базе активов дочерних Yandex B2B Tech и VK Tech, рассказали источники РБК. На рынке наступает этап консолидации после быстрого роста, полагают эксперты",22.09.2026,7:21,MarketTwits,22.09.2026 7:21:53,,,
Возможно,Потребительские организации выступили против ужесточения правил возврата товаров из интернет-магазинов и с маркетплейсов — Ъ #OZON Читать далее 👉 https://smartlab.news/i/204865 мы в max,22.09.2026,7:23,СМАРТЛАБ НОВОСТИ,22.09.2026 7:23:15,,,
Возможно,"⚠️🇮🇷#иран #геополитика #саравия #британия Британия окажет Саудовской Аравии «оборонительную поддержку в области дозаправки в воздухе» после атак хуситов — BBC ——————————- ранее BBG писал о том, что Британия близка к тому, чтобы согласиться поддержать С.Аравию в борьбе с хуситами",22.09.2026,7:31,MarketTwits,22.09.2026 7:31:50,,,
Возможно,"Выручка девелоперов в крупнейших городах за 8М 2026 года снизилась на 7,4% г/г из-за падения продаж новостроек — Ведомости Читать далее 👉 https://smartlab.news/i/204866 мы в max",22.09.2026,7:34,СМАРТЛАБ НОВОСТИ,22.09.2026 7:34:43,,,
Возможно,"🇺🇸🇬🇱#сша #гренландия #геополитика США скоро начнут использовать две военные базы в Гренландии — RTRS Гренландия нужна Трампу, чтобы защищаться от России и Китая. Сегодня США, Дания и Гренландия подпишут договор по безопасности на Генассамблее ООН",22.09.2026,7:34,MarketTwits,22.09.2026 7:34:53,,,
Не важно,⚠️🇰🇵#кндр #геополитика КНДР успешно испытала новейшее оружие — ЦТАК Тип новой системы вооружения и ее характеристики не раскрываются. Испытания стали демонстрацией сверхсовременного технического потенциала в области обороны и заметное обновление вооруженных сил КНДР — ЦТАК,22.09.2026,7:41,MarketTwits,22.09.2026 7:41:21,,,
Не важно,"🛢🇺🇸#бензин #сша США не рассматривают возможность ограничения экспорта дизеля, сообщили в Белом доме — FT",22.09.2026,7:42,MarketTwits,22.09.2026 7:42:46,,,
Не важно,⬆️✴️#BTC #крипто #обзор Притоки в спотовые BTC ETF стремительно набирают обороты — данные SoSoValue многие уже ждут отметку $100 000 в этом году — мониторинг,22.09.2026,7:46,MarketTwits,22.09.2026 7:46:09,,,
Возможно,"Сокращение поставок из России и сбои экспорта с Ближнего Востока разгоняют дефицит топлива, инфляцию и давление на экономику ЕС — Известия Читать далее 👉 https://smartlab.news/i/204867 мы в max",22.09.2026,7:48,СМАРТЛАБ НОВОСТИ,22.09.2026 7:48:17,,,
Не важно,"✴️#BTC #крипто #обзор FOMO в BTC на максимуме за 2 года — Santiment кол-во бычьих комментариев в соцсетях выросло до максимума с 2024г ⚠️обычно, после таких всплесков в настроениях в BTC начинался период ""отдыха""",22.09.2026,8:03,MarketTwits,22.09.2026 8:03:01,,,
Не важно,Минфин не ждет дисконта на криптовалюту в России благодаря притоку ликвидности с зарубежных площадок — РБК Читать далее 👉 https://smartlab.news/i/204870 мы в max,22.09.2026,8:03,СМАРТЛАБ НОВОСТИ,22.09.2026 8:03:33,,,
Важно,⚠️✴️#BNB #крипто Минюст США проверяет Binance на предмет возможных нарушений санкций в отношении Ирана — BBG DOJ Probing Binance Over Potential Iran Sanctions Violations,22.09.2026,8:04,MarketTwits,22.09.2026 8:04:05,Иран,,
Возможно,"⚠️🇮🇷#иран #геополитика США потерпели историческое поражение, но им не хватает смелости это признать. Конфликт не окончен и лишь перешел в иные формы. В случае новой эскалации Иран применит совершенно новые виды оружия и изменит географию военных действий. КСИР готов к затяжной войне с США. — представитель КСИР, бригадный генерал Хоссейн Мохебби в интервью телеканалу «Аль-Алам»",22.09.2026,8:07,MarketTwits,22.09.2026 8:07:24,,,
Возможно,"Курица и индейка в августе подорожали на 15% г/г, но рост цен на птицу может оказаться временным — Ъ #GCHE Читать далее 👉 https://smartlab.news/i/204871 мы в max",22.09.2026,8:08,СМАРТЛАБ НОВОСТИ,22.09.2026 8:08:29,,,
Возможно,"🛢🇨🇳🇷🇺#нефть #китай #россия Китай в августе увеличил импорт российской нефти на 41%, заместив ею выпавшие поставки с Ближнего Востока Рост импорта нефти Китаем в августе стал возможным благодаря увеличению поставок из России; закупки у других крупных стран-экспортеров снизились, прежде всего, у Саудовской Аравии – почти вдвое, свидетельствуют расчеты ""Интерфакса"" на основе данных Главного таможенного управления (ГТУ) КНР",22.09.2026,8:11,MarketTwits,22.09.2026 8:11:03,,,
Важно,"🇺🇸🇮🇷🇺🇦#иран #украина #геополитика RTRS: Трамп готовится к бурным заседаниям ООН, на повестке дня - войны в Иране и Украине Трамп сегодня проведет переговоры по Ирану с лидерами стран Персидского залива во время Генеральной Ассамблеи ООН в Нью-Йорке Трамп сегодня встретится с Зеленским на полях ГА ООН",22.09.2026,8:14,MarketTwits,22.09.2026 8:14:51,Украина,,
Возможно,"❗️🇷🇺#аудит #россия #регулирование #EUTR Банк России может внести регуляторные изменения в связи с кейсом «ЕвроТранса». Они могут коснуться аудиторской деятельности. После ситуации с текущими дефолтами не исключается появление дополнительных предложений, заявила директор департамента корпоративных отношений ЦБ Екатерина Абашеева",22.09.2026,8:36,MarketTwits,22.09.2026 8:36:46,,,
Не важно,"✴️🇷🇺#крипто #торги #россия Проблемы с дисконтом цен на крипту в России по сравнению с мировыми площадками после запуска криптовалютных торгов не будет, так как часть ликвидности на российский рынок перетечет с зарубежных площадок, считает замминистра финансов Иван Чебесков — РБК Инвестиции",22.09.2026,8:40,MarketTwits,22.09.2026 8:40:00,,,
Важно,"Россия наращивает экспорт нефти на фоне дефицита на Ближнем Востоке, а Индии и Китаю будет крайне сложно отказаться от российских поставок даже несмотря на новые санкции США — Forbes #ROSN #LKOH Читать далее 👉 https://smartlab.news/i/204873 мы в max",22.09.2026,8:40,СМАРТЛАБ НОВОСТИ,22.09.2026 8:40:28,"Роснефть, Лукойл",,
Не важно,"✴️🇷🇺#крипто #налоги #россия Налоговые резиденты России должны будут отчитывается перед ФНС о криптовалюте на некастодиальных кошельках — замминистра финансов Чебесков, ТАСС",22.09.2026,8:40,MarketTwits,22.09.2026 8:40:46,,,
Не важно,"🇺🇸#GOOGL #россия Видеопотребление в России в 1п 2026г росло в основном за счет YouTube. Так, на крупнейших видеоплощадках время просмотра в день на пользователя увеличилось на 6%, а без учета YouTube — упало на 5%. Рост показателей сервиса связан в том числе с тем, что рынок достиг своего пика: в предыдущие два года он увеличивался за счет перераспределения аудитории, которая уходила с замедленного YouTube. — Ъ",22.09.2026,8:43,MarketTwits,22.09.2026 8:43:09,,,
Не важно,"🛢🌎#нефть #газ #capex #макро Число вновь открытых нефтегазовых месторождений сократилось в мире в 2025 году до минимума за 45 лет из-за существенного сокращения инвестиций в разведку — Nikkei ОПЕК и Россия начали активно предупреждать о риске недоинвестирования в нефтегаз еще в 2021г. Спустя 5 лет ситуация еще и усугубилась нефтяными санкциями против России и конфликтом на Б.Востоке. Глава МЭА назвал нынешний нефтегазовый кризис крупнейшим в истории и хуже, чем в 1973, 1979 и 2002 годах вместе взятых. Эффекты этого кризиса только только начинают проявляться. Если ничего не изменится, то самое страшное еще впереди, предупреждают аналитики",22.09.2026,8:51,MarketTwits,22.09.2026 8:51:07,,,
Не важно,"✴️#POLY #прогнозы #регулирование Polymarket лоббирует в ЕС и Британии признание ее финансовой компанией, а не игорным бизнесом — FT",22.09.2026,8:55,MarketTwits,22.09.2026 8:55:10,,,
Не важно,"🇺🇸#PSKY #WBD Paramount Skydance достигла соглашения с Калифорнией и еще 11 штатами США, которые пытались заблокировать ее слияние с Warner Bros. Discovery. Договоренность снимает юридические препятствия для завершения сделки на $110 млрд — CNN",22.09.2026,8:56,MarketTwits,22.09.2026 8:56:19,,,
Не важно,"🔔 Доброе утро! Сегодня 22.09 ожидаем следующие события: 🇷🇺 ДОМ.РФ: ДОМ.РФ: отчет МСФО август 🇷🇺 Конгресс ""Золото России и СНГ"" 🇷🇺 Е-Ритейл Форум 📆 Полный календарь тут: https://smart-lab.ru/calendar/stocks/ ✊Удачных инвестиций!",22.09.2026,9:00,СМАРТЛАБ НОВОСТИ,22.09.2026 9:00:03,,,
Не важно,"⬆️🇷🇺#апк #мясо #россия Мясо птицы в августе подорожало более чем на 15%, опередив другие мясные позиции. Это обусловлено растущими издержками производителей. — Ъ",22.09.2026,9:00,MarketTwits,22.09.2026 9:00:25,,,
Возможно,"⬇️🇷🇺#удобрения #россия #отчетность Экспортные отгрузки удобрений по сети РЖД в августе снизились на 5% г/г - до 3,8 млн тонн — статистика, ИФ",22.09.2026,9:03,MarketTwits,22.09.2026 9:03:05,,,
Возможно,"Расходы сотовых операторов могут вырасти из-за обязательного покрытия сел, при этом усиление конкуренции будет сдерживать рост тарифов — Известия #RTKM #MTSS Читать далее 👉 https://smartlab.news/i/204875 мы в max",22.09.2026,9:06,СМАРТЛАБ НОВОСТИ,22.09.2026 9:06:00,,,
Не важно,🇷🇺#акции #россия #обзор IMOEX ждет твоего хода...,22.09.2026,9:06,MarketTwits,22.09.2026 9:06:56,,,
Возможно,"#Макро Индекс RSBI, характеризующий деловую активность малого и среднего предпринимательства, в августе вырос до 50,9 пункта с 49,4 пункта в июле. Значения выше 50 пунктов говорят об увеличении активности предпринимателей, ниже — о ее спаде. Лучшая динамика RSBI — в производственной сфере: 52,2 пункта против 50,9 пункта в июле. Индекс в сфере услуг вышел из зоны спада, в которой пребывал с начала года,— 50,7 пункта против 46,9 пункта. В сегменте торговли индекс снизился с 51,2 пункта до 50,1 пункта.",22.09.2026,9:07,Сигналы РЦБ,22.09.2026 9:07:12,,,
Возможно,⬆️🌫#медь Медь растет уже 6 дней подряд = самая долгая чреда роста за 4 месяца BBG пишет про сокращение запасов и предпраздничные закупки со стороны Китая Copper advanced for a sixth day toward a record as falling inventories and pre-holiday buying signaled tightening supplies in China’s physical market.,22.09.2026,9:14,MarketTwits,22.09.2026 9:14:25,,,
Возможно,"Рекламные доходы X5, Магнита и Ленты растут в разы быстрее основной выручки и становятся новым источником прибыли — Известия #X5 #MGNT #LENT Читать далее 👉 https://smartlab.news/i/204876 мы в max",22.09.2026,9:14,СМАРТЛАБ НОВОСТИ,22.09.2026 9:14:30,,,
Возможно,"МНЕНИЕ: Аналитики ЦМИ Сбера оценивают дефицит федерального бюджета в 2027 году в 2,7% ВВП, тогда как правительство ориентируется на 2% ВВП Читать далее 👉 https://smartlab.news/i/204877 мы в max",22.09.2026,9:18,СМАРТЛАБ НОВОСТИ,22.09.2026 9:18:22,,,
Не важно,"🇺🇸🇦🇲#ии #сша #армения Армения может стать одним из ведущих мировых центров американской ИИ-инфраструктуры. — BBG Trump’s Nvidia Deal Turns Armenia Into Surprising AI Hotspot К концу следующего года мощность центра обработки данных в стране достигнет 300 мегаватт, а количество передовых чипов Nvidia превысит 70 000. ———————————————- недавно Минобороны США заявило, что США продолжат поддерживать оборонные реформы в Армении и используют весь потенциал своих программ для поддержки Армении в процессе реформирования армянской армии.",22.09.2026,9:21,MarketTwits,22.09.2026 9:21:47,,,
Возможно,"#Недвижимость Общая выручка девелоперов жилья за год упала более чем на 7% — Ведомости Показатель снижается в основном за счет Москвы. Выручка застройщиков от продажи квартир и апартаментов в 16 городах-миллионниках и Тюмени по итогам восьми месяцев 2026 г. достигла 1,79 трлн руб., подсчитала система мониторинга новостроек BnMap.pro. По ее данным, это на 142,7 млрд руб. меньше, чем годом ранее. При этом, как снижение пришлось в основном на Москву. Тут поступления за данный период сократились на 27,5% до 1 трлн руб. Без учета столицы совокупная выручка девелоперов, наоборот, увеличилась на 7,8% до 1,12 трлн руб.",22.09.2026,9:23,Сигналы РЦБ,22.09.2026 9:23:33,,,
Не важно,Армения может стать одним из крупнейших центров американской ИИ-инфраструктуры с более чем 70 тыс. чипов Nvidia — BBG #NVDA Читать далее 👉 https://smartlab.news/i/204878 мы в max,22.09.2026,9:26,СМАРТЛАБ НОВОСТИ,22.09.2026 9:26:19,,,
Возможно,⚠️🇷🇺#недвижимость #россия Общая выручка девелоперов жилья за год упала более чем на 7% на фоне падения спроса и сокращения объемов ввода жилья. Показатель снижается в основном за счет Москвы — Ведомости,22.09.2026,9:33,MarketTwits,22.09.2026 9:33:30,,,
Не важно,"Российские депозитарии не будут компенсировать инвесторам криптоактивы, заблокированные иностранными эмитентами — замминистра финансов Иван Чебесков Читать далее 👉 https://smartlab.news/i/204879 мы в max",22.09.2026,9:35,СМАРТЛАБ НОВОСТИ,22.09.2026 9:35:39,,,
Не важно,🛢🇺🇸🇹🇷#спг #сша #турция Эрдоган заявил о готовности Турции расширить сотрудничество с США по СПГ,22.09.2026,9:37,MarketTwits,22.09.2026 9:37:22,,,
Возможно,"🇷🇺#YDEX #ии #кибербез «Яндекс» займется защитой ИИ-инфраструктуры в России, рассказал «Ведомостям» генеральный директор Yandex Cloud Григорий Атрепьев",22.09.2026,9:41,MarketTwits,22.09.2026 9:41:05,,,
Не важно,"🇩🇪#выборы #германия Проведение досрочных парламентских выборов в Германии необходимо, поскольку население страны серьезно страдает от текущего курса правительства и экономической ситуации, заявил зампредседателя фракции АдГ, депутат бундестага Маркус Фронмайер — Известия",22.09.2026,9:44,MarketTwits,22.09.2026 9:44:35,,,
Возможно,"🇺🇸#выборы #сша #трамп Рейтинг Трампа упал до антирекордных 32% на фоне роста цен и войны в Иране — RTRS Trump approval falls to record low of 32% as high costs bite, Reuters/Ipsos poll finds",22.09.2026,9:46,MarketTwits,22.09.2026 9:46:04,,,
Не важно,"⬆️🛢🇺🇸#бензин #сша Средняя цена на дизель в США обновила рекорд, превысив отметку $6.50",22.09.2026,9:51,MarketTwits,22.09.2026 9:51:32,,,
Не важно,США планируют открыть еще две военные базы в Гренландии после соглашения с Данией — Reuters Читать далее 👉 https://smartlab.news/i/204881 мы в max,22.09.2026,9:53,СМАРТЛАБ НОВОСТИ,22.09.2026 9:53:38,,,
Не важно,"📈Фьючерс S&P500 обновил исторический максимум, поднявшись до отметки 7847,25 п. на фоне веры в светлое будущее ИИ Читать далее 👉 https://smartlab.news/i/204883 мы в max",22.09.2026,9:57,СМАРТЛАБ НОВОСТИ,22.09.2026 9:57:37,,,
Возможно,Клиенты WB Банка смогут бесплатно пользоваться сетью банкоматов ВТБ #VTBR Читать далее 👉 https://smartlab.news/i/204884 мы в max,22.09.2026,10:00,СМАРТЛАБ НОВОСТИ,22.09.2026 10:00:11,,,
Важно,"❗️🇷🇺#T #spo Акционеры ""Т-Технологий"" одобрили допэмиссию акций для консолидации ""Точки"" закрытая подписка 550 000 000 акц",22.09.2026,10:02,MarketTwits,22.09.2026 10:02:17,,,
Возможно,"📈Акции ВТБ с утра - фротнмен рынка, растущий на 2% #VTBR Читать далее 👉 https://smartlab.news/i/204885 мы в max",22.09.2026,10:03,СМАРТЛАБ НОВОСТИ,22.09.2026 10:03:37,,,
Возможно,"Акционеры Т-Технологий одобрили допэмиссию акций для консолидации ""Точки"", цена будет объявлена позднее #T Читать далее 👉 https://smartlab.news/i/204886 мы в max",22.09.2026,10:07,СМАРТЛАБ НОВОСТИ,22.09.2026 10:07:03,,,
Возможно,"#MVID М.Видео возобновляет регистрацию новых пунктов выдачи заказов (ПВЗ) в Москве, Московской области и Санкт-Петербурге под собственным брендом, приостановленную ранее из-за большого числа заявок. В рамках второй волны расширения географии компания планирует запустить ПВЗ «М.Видео» в ещё 10 регионах: Самарской, Ростовской, Новосибирской, Свердловской, Омской, Кемеровской и Томской областях, Татарстане, Башкортостане и Краснодарском крае. Таким образом, общее число субъектов России, где будут функционировать ПВЗ компании под собственным брендом достигнет 13.",22.09.2026,10:09,Сигналы РЦБ,22.09.2026 10:09:19,,,
Возможно,М.Видео приступило к размещению допэмиссии по закрытой подписке #MVID Читать далее 👉 https://smartlab.news/i/204887 мы в max,22.09.2026,10:10,СМАРТЛАБ НОВОСТИ,22.09.2026 10:10:26,,,
Возможно,💥🇷🇺#MVID М.Видео возобновляет регистрацию новых ПВЗ под собственным брендом и впервые выходит с проектом в ещё 10 регионах России — компания,22.09.2026,10:11,MarketTwits,22.09.2026 10:11:00,,,
Возможно,"МНЕНИЕ: Аналитик Гарда Капитал называет избыточным хранение свыше 30% сбережений в валютной наличности для жителей России, у которых нет крупных зарубежных расходов Читать далее 👉 https://smartlab.news/i/204889 мы в max",22.09.2026,10:16,СМАРТЛАБ НОВОСТИ,22.09.2026 10:16:55,,,
Возможно,"Минсельхоз: Цены на мясо птицы долгое время оставались на относительно низком уровне, сейчас происходит их корректировка с учетом накопившегося роста издержек производства #GCHE Ранее «Ъ» написал, что в августе мясо птицы стало одной из самых быстро дорожающих мясных категорий: курятина прибавила 15,8% г/г, индейка — 15,1%. Читать далее 👉 https://smartlab.news/i/204890 мы в max",22.09.2026,10:17,СМАРТЛАБ НОВОСТИ,22.09.2026 10:17:30,,,
Возможно,"#Нефтянка Число новых нефтяных месторождений сократилось до самого низкого уровня с 1980 года, сообщает газета Nikkei. В 2025 году было открыто всего 19 месторождений промышленных масштабов. Падение их числа связывается с переносом усилий ведущих нефтегазовых корпораций в разработку новых источников энергии.",22.09.2026,10:23,Сигналы РЦБ,22.09.2026 10:23:51,,,
Не важно,⬆️🇷🇺#IMOEX Ассоль вновь на берегу — мониторинг,22.09.2026,10:27,MarketTwits,22.09.2026 10:27:43,,,
Возможно,Результаты ДОМ.PФ за 8 мес позволяют нам рассчитывать на выполнение годовых финансовых целей и дальнейшее увеличение дивидендных выплат — финдиректор Давид Овсепян. Читать далее 👉 https://smartlab.news/i/204892 мы в max,22.09.2026,10:29,СМАРТЛАБ НОВОСТИ,22.09.2026 10:29:07,,,
Возможно,🇷🇺#космос #россия #спутники Роскосмос вывел на орбиту в текущем году порядка 60 космических аппаратов — глава Роскосмоса Баканов,22.09.2026,10:32,MarketTwits,22.09.2026 10:32:34,,,
Возможно,М.Видео возобновляет регистрацию новых ПВЗ под собственным брендом и впервые выходит с проектом в ещё 10 регионов России #MVID Читать далее 👉 https://smartlab.news/i/204893 мы в max,22.09.2026,10:35,СМАРТЛАБ НОВОСТИ,22.09.2026 10:35:24,,,
Не важно,"🚫🇧🇾🇪🇺#удобрения #беларусь #европа Лукашенко дал понять, что у Беларуси сейчас нет свободных объемов удобрений для Европы. Все законтрактовано на Восток и в США.... ""Никуда не ушли грубые выпады в экономическом отношении со стороны стран Европейского союза, Запада в целом. Идет переориентация товаропотока на восток"" ""Насколько я информирован премьер-министром и правительством, нам удалось переориентироваться на восток. Свидетельством тому являются переговоры с американцами. И как тут многие кричат: ""Ах, калий!"" Мы даже если бы захотели куда-то поставить на другие рынки, западные рынки, у нас просто этих объемов нет, все законтрактовано""",22.09.2026,10:35,MarketTwits,22.09.2026 10:35:30,,,
Возможно,"📈Индекс Мосбиржи рвётся вверх, прибавляя к 10:36 мск 1,5% до 2290 пунктов, шорты рвутся, мишки истошно кричат, получая от брокеров маржин-коллы Читать далее 👉 https://smartlab.news/i/204894 мы в max",22.09.2026,10:37,СМАРТЛАБ НОВОСТИ,22.09.2026 10:37:50,,,
Не важно,⬆️🇷🇺#IMOEX = +1.5% после 2-дневной консолидации,22.09.2026,10:40,MarketTwits,22.09.2026 10:40:19,,,
Важно,"Вэнс: Конфликт России и Украины - самый сложный для разрешения из всех международных конфликтов. Я уверен, что будет достигнут хороший прогресс Читать далее 👉 https://smartlab.news/i/204896 мы в max",22.09.2026,10:42,СМАРТЛАБ НОВОСТИ,22.09.2026 10:42:07,Украина,,
Не важно,⬆️✴️#альтсезон #крипто #обзор Объем торгов BTC и альткоинами вырос до максимума за 6 месяцев — Santiment,22.09.2026,10:43,MarketTwits,22.09.2026 10:43:55,,,
Возможно,"🇷🇺#инструменты #россия В «БКС Ультима» отметили рост интереса состоятельных клиентов к фондам денежного рынка. Тренд парадоксален тем, что владельцы крупного капитала обычно планируют на годы вперед, но сейчас активно используют один из самых краткосрочных инструментов. Объяснение – высокая неопределенность. Крупная сумма продолжает приносить доход, но остается под рукой для бизнеса, сделки или новой инвестиционной идеи. Дополнительный интерес вызывают новые фонды с ежемесячной выплатой дохода. Часть капитала уже сейчас можно постепенно направлять в облигации – в том числе в качественные первичные размещения с фиксированным купоном. Для диверсификации инвесторы рассматривают короткие валютные облигации, золото и CFD-контракты – последние позволяют инвестировать в зарубежные бумаги без прямой покупки и риска блокировки. «На рынке все больше востребован аудит портфеля, что видно в том числе из практики БКС. Речь идет об анализе активов инвестора, размещенных не в одной, а в нескольких финансовых организациях. Клиент получает полную картину и рекомендации по изменениям, которые действительно нужны», – отметила Амалия Манукянц.",22.09.2026,10:47,MarketTwits,22.09.2026 10:47:38,,,
Возможно,"Генерал КСИР Хоссейн Мохебби: США потерпели историческое и унизительное поражение в войне с Ираном, но им не хватает смелости признать это - КСИР подготовился к затяжной войне и будет защищать страну от любой новой эскалации - Роль КСИР в соответствии с конституцией Ирана является исключительно военной и не распространяется на дипломатию, которая, по его словам, относится к компетенции Министерства иностранных дел. Он сказал, что КСИР никогда не имел официальных или неофициальных отношений с США и не намерен заниматься дипломатией. Читать далее 👉 https://smartlab.news/i/204897 мы в max",22.09.2026,10:50,СМАРТЛАБ НОВОСТИ,22.09.2026 10:50:42,,,
Возможно,ЦИАН: Впервые с 2020 года ставки по аренде квартир ниже прошлогодних #CNRU Читать далее 👉 https://smartlab.news/i/204899 мы в max,22.09.2026,11:05,СМАРТЛАБ НОВОСТИ,22.09.2026 11:05:45,,,
Не важно,Дневной объем операций с криптовалютами в России составляет примерно 50 млрд руб — замминистра финансов РФ Иван Чебесков Читать далее 👉 https://smartlab.news/i/204901 мы в max,22.09.2026,11:15,СМАРТЛАБ НОВОСТИ,22.09.2026 11:15:24,,,
Возможно,МНЕНИЕ: Базовый прогноз Т-Инвестиций по золоту: $4100–4300 за унцию к концу 2026 года и $4600–4800 за унцию к концу первого полугодия 2027 года Читать далее 👉 https://smartlab.news/i/204902 мы в max,22.09.2026,11:16,СМАРТЛАБ НОВОСТИ,22.09.2026 11:16:46,,,
Не важно,#IMOEX без шести пунктов 2300,22.09.2026,11:19,Сигналы РЦБ,22.09.2026 11:19:35,,,
Возможно,"В 2026 году россияне все реже выбирают новостройки, переориентируясь на готовые объекты из-за более низких цен — Ъ Читать далее 👉 https://smartlab.news/i/204904 мы в max",22.09.2026,11:25,СМАРТЛАБ НОВОСТИ,22.09.2026 11:25:19,,,
Возможно,"Ежемесячная аудитория Дзена в августе 2026 г. составила 68 млн пользователей — данные Mediascope #VKCO - В среднем россияне проводят в «Дзене» 24 минуты в день, а ежедневная аудитория платформы составляет 27 млн пользователей. - В среднем на платформу приходится 27% суточного охвата от общей доли пользователей интернета. Читать далее 👉 https://smartlab.news/i/204905 мы в max",22.09.2026,11:27,СМАРТЛАБ НОВОСТИ,22.09.2026 11:27:47,,,
Не важно,"🛢🇪🇺#газ #европа Запасы газа в подземных хранилищах Европы выросли до 70% — данные Gas Infrastructure Europe (GIE) Это на 15% ниже, чем средний показатель на эту дату за последние 5 лет.",22.09.2026,11:32,MarketTwits,22.09.2026 11:32:06,,,
Не важно,"✴️🇷🇺#CBDC #россия #крипто Банк России работает над тем, чтобы граждане от 14 до 18 лет смогли открывать счет цифрового рубля уже к концу 2027 г — ЦБ —————————- ЦБ проводит онлайн-урок по цифровому рублю для учащихся 7–11 классов и студентов колледжей смотреть",22.09.2026,11:32,MarketTwits,22.09.2026 11:32:38,,,
Важно,"✴️🇷🇺#CBDC #россия #крипто #бюджет #контроль Правительство РФ может получить постоянное право переводить отдельные государственные контракты в цифровые рубли для полной прослеживаемости движения бюджетных средств, заявила первый замминистра финансов Ирина Окладникова в интервью «Известиям»",22.09.2026,11:33,MarketTwits,22.09.2026 11:33:07,ЦБ,,
Важно,В экономике Запад откровенно проигрывает России — Лавров Читать далее 👉 https://smartlab.news/i/204906 мы в max,22.09.2026,11:35,СМАРТЛАБ НОВОСТИ,22.09.2026 11:35:25,,,
Важно,"⚠️🇪🇺🇷🇺#конфискация #россия Евросоюз разрабатывает предложения по выводу российских активов из-под бельгийской юрисдикции Euroclear — СВР ———————— В начале сентября министр иностранных дел Украины призвал к возобновлению обсуждений использования замороженных российских активов для военного финансирования Украины. Представитель ЕК Балаш Уйвари заявил, что украинская сторона вновь подняла перед Еврокомиссией вопрос вывода замороженных российских активов из Бельгии на фоне сохраняющихся возражений бельгийских властей относительно их использования для обеспечения ""репарационного кредита"" Украине Чуть позже, суд ЕС отклонил иск Венгрии против использования замороженных российских активов для Украины.",22.09.2026,11:35,MarketTwits,22.09.2026 11:35:26,Украина,,
Возможно,Газпром успешно завершил планово-профилактические работы на газопроводе Сила Сибири — компания #GAZP Читать далее 👉 https://smartlab.news/i/204907 мы в max,22.09.2026,11:36,СМАРТЛАБ НОВОСТИ,22.09.2026 11:36:59,,,
Возможно,"🚫🛢🇮🇷#ормуз #иран #геополитика Иран готов ""в течение 7 дней"" открыть Ормузский пролив, если США выполнят все условия иранской стороны — Kyodo",22.09.2026,11:38,MarketTwits,22.09.2026 11:38:47,,,
Возможно,🇷🇺#космос #россия #спутники Спутниковая группировка РФ достигла почти 400 аппаратов — глава Роскосмоса Баканов,22.09.2026,11:38,MarketTwits,22.09.2026 11:38:47,,,
Не важно,"Эксперт РА присвоил рейтинг кредитоспособности АО ""Цифровые привычки"" на уровне ruА-, прогноз по рейтингу - стабильный #DGTL Читать далее 👉 https://smartlab.news/i/204908 мы в max",22.09.2026,11:39,СМАРТЛАБ НОВОСТИ,22.09.2026 11:39:42,,,
Не важно,"✴️#BTC #пузыри #крипто #прогноз Если пузырь на рынке акций лопнет, то ФРС начнет активно печатать деньги, чтобы спасти экономику и рынки, и BTC, в конце концов, вырастет — Артур Хейс",22.09.2026,11:46,MarketTwits,22.09.2026 11:46:06,,,
Возможно,"В Москве насчитывается 154 тыс трудоспособных граждан, имеющих многочисленные объекты недвижимости и транспортные средства, но не имеющих официальных доходов — РБК Читать далее 👉 https://smartlab.news/i/204910 мы в max",22.09.2026,11:46,СМАРТЛАБ НОВОСТИ,22.09.2026 11:46:44,,,
Не важно,"💥✴️#альтсезон #крипто Glassnode констатировал начало ""Альтсезона"", согласно его индикатору",22.09.2026,11:51,MarketTwits,22.09.2026 11:51:40,,,
Не важно,"#IMOEX решил, что инвесторы еще не готовы к индексу выше 2300",22.09.2026,11:53,Сигналы РЦБ,22.09.2026 11:53:16,,,
Важно,Число пропавших без вести во время конфликта России и Украины достигло 275 000 человек — Международный комитет Красного Креста (МККК) Читать далее 👉 https://smartlab.news/i/204911 мы в max,22.09.2026,11:57,СМАРТЛАБ НОВОСТИ,22.09.2026 11:57:15,Украина,,
Возможно,"СберИнвестиции с 21 сентября отменили брокерскую комиссию по сделкам с золотом, серебром, платиной и палладием на Мосбирже до конца 2026 года Читать далее 👉 https://smartlab.news/i/204912 мы в max",22.09.2026,12:01,СМАРТЛАБ НОВОСТИ,22.09.2026 12:01:12,,,
Важно,⚠️🇺🇦#украина #геополитика ПОДВИЖЕК В ТРЕХСТОРОННЕМ ПЕРЕГОВОРНОМ ПРОЦЕССЕ ПО УКРАИНЕ ПОКА НЕТ — МИД РФ РИА НОВОСТИ,22.09.2026,12:02,MarketTwits,22.09.2026 12:02:07,Украина,,
Возможно,🇷🇺🇦🇲#WB #армения Wildberries запустил сервис такси WB Taxi в Армении,22.09.2026,12:04,MarketTwits,22.09.2026 12:04:46,,,
Важно,⚠️🇺🇦#украина #геополитика #франция #нато Макрон анонсировал новую военную помощь Украине,22.09.2026,12:20,MarketTwits,22.09.2026 12:20:16,Украина,,
Не важно,"Экспорт пшеницы за вторую декаду сентября снизился в 3,7 раза г/г до 347 тыс т — Российский зерновой союз #RAGR #NKHP Читать далее 👉 https://smartlab.news/i/204915 мы в max",22.09.2026,12:22,СМАРТЛАБ НОВОСТИ,22.09.2026 12:22:39,,,
Не важно,"⬆️🇺🇸#акции #сша #трамп Nasdaq 100 может впервые с 2010 года вырасти в сентябре в год промежуточных выборов Трамп у руля. Уроки прошлого срока усвоены, считают эксперты",22.09.2026,12:24,MarketTwits,22.09.2026 12:24:30,,,
Возможно,"Минтранс РФ фиксирует интерес ведущих экономик Юго-Восточной и Южной Азии к контейнерным перевозкам по Северному морскому пути (СМП), что связано с изменением условий мировой логистики С Китаем к 2030 году планируется достичь грузопотока в 20 млн тонн, с Индией обсуждается 5 млн тонн Читать далее 👉 https://smartlab.news/i/204916 мы в max",22.09.2026,12:25,СМАРТЛАБ НОВОСТИ,22.09.2026 12:25:46,,,
Возможно,"МНЕНИЕ: Аналитики Газпромбанка включили восемь российских акций в стратегию на второе полугодие 2026 года с потенциалом роста от 20 до 85% за 12 месяцев 🔸 X5 — цель 2600 руб., апсайд 46%; 🔸 Сбер — цель 370 руб., апсайд 33%; 🔸 Дом.PФ — цель 2700 руб., апсайд 28%; 🔸 МТС — цель 285 руб., апсайд 64%; 🔸 Яндекс — цель 5000 руб., апсайд 32%; 🔸 Промомед — цель 695 руб., апсайд 70%; 🔸 Базис — цель 200 руб., апсайд 85%; 🔸 Группа Позитив — цель 1250 руб., апсайд 20%. #X5 #SBER #DOMRF #MTSS #YDEX #PRMD #BAZA #POSI Читать далее 👉 https://smartlab.news/i/204917 мы в max",22.09.2026,12:26,СМАРТЛАБ НОВОСТИ,22.09.2026 12:26:41,,,
Возможно,"Ozon отменяет плату за размещение товаров в логистических центрах, принятых с 22 сентября по 31 декабря, почти на год - до 344 дней для обычных и пожароопасных товаров, 19 дней для крупногабаритных #OZON Читать далее 👉 https://smartlab.news/i/204919 мы в max",22.09.2026,12:37,СМАРТЛАБ НОВОСТИ,22.09.2026 12:37:56,,,
Не важно,"🛢🇷🇺#нефть #россия Экспорт нефти из черноморского порта Новороссийск в сентябре вырос до 650 000 баррелей в сутки, что на 50% больше, чем в августе, — RTRS",22.09.2026,12:39,MarketTwits,22.09.2026 12:39:14,,,
Важно,"🇩🇪🇷🇺#выборы #германия #россия ЗАЯВЛЕНИЯ АДГ О ЦЕЛЕСООБРАЗНОСТИ НАЛАЖИВАНИЯ КОНТАКТОВ С РОССИЕЙ, В ОТЛИЧИЕ ОТ ЗАЯВЛЕНИЙ КАНЦЛЕРА МЕРЦА, ИМПОНИРУЮТ МОСКВЕ — ПЕСКОВ",22.09.2026,12:42,MarketTwits,22.09.2026 12:42:21,,,
Важно,"⚠️🇺🇦#украина #геополитика В КИЕВЕ ПРЕКРАСНО ЗНАЮТ, КАКИЕ НУЖНО ПРИНЯТЬ РЕШЕНИЯ, ЧТОБЫ ВЫЙТИ НА ДОРОГУ, КОТОРАЯ ПРИВЕДЕТ К УСТОЙЧИВОМУ МИРУ ЗАЯВЛЕНИЯ ЗЕЛЕНСКОГО ОТНОСИТЕЛЬНО ТО ЛИ ПРОДОЛЖЕНИЯ КОНФЛИКТА, ТО ЛИ ЕГО ОСТАНОВКИ ДЕНЬ ОТО ДНЯ НЕ ВЯЖУТСЯ ДРУГ С ДРУГОМ — ПЕСКОВ",22.09.2026,12:42,MarketTwits,22.09.2026 12:42:56,Украина,,
Важно,"Песков: Ситуация для Украины ухудшается изо дня в день и в экономике, и на фронте, эта тенденция будет продолжаться Читать далее 👉 https://smartlab.news/i/204923 мы в max",22.09.2026,12:43,СМАРТЛАБ НОВОСТИ,22.09.2026 12:43:43,Украина,,
Не важно,"⚠️🇩🇪#выборы #германия Мерц заявил, что он берет ответственность за свои провалы, но с поста сам не уйдет и свою политику не изменит...",22.09.2026,12:45,MarketTwits,22.09.2026 12:45:35,,,
Возможно,"Союз золотопромышленников ставит цель довести внутреннее потребление до 50% производства и предлагает стимулировать спрос через развитие розничного и вторичного рынка, механизм обратного выкупа и удешевление оборудования для проверки драгметаллов Потребление золота в России в 2025 году составило лишь 22% от годовой добычи (78% ушло на экспорт) #PLZL #SELG #UGLD Читать далее 👉 https://smartlab.news/i/204927 мы в max",22.09.2026,12:49,СМАРТЛАБ НОВОСТИ,22.09.2026 12:49:46,,,
Возможно,Рейтинг одобрения президента Дональда Трампа упал до 32% - самого низкого уровня за всю его политическую карьеру — опрос Reuters/Ipsos Читать далее 👉 https://smartlab.news/i/204928 мы в max,22.09.2026,12:49,СМАРТЛАБ НОВОСТИ,22.09.2026 12:49:47,,,
Возможно,"❗️🛢🇮🇷#ормуз #иран #геополитика Иран опять повторил, что готов ""в течение 7 дней"" открыть Ормузский пролив, если США пойдут на условия, ослабят военное давление, снимут блокаду Высокопоставленный иранский чиновник заявил, что детали соглашения о прекращении боевых действий могут быть обсуждены в Нью-Йорке при посредничестве третьих сторон. Предложение Ирана было передано США через посредников 16 сентября.",22.09.2026,12:55,MarketTwits,22.09.2026 12:55:58,,,
Возможно,"🔥🛢🇸🇦#нефть #саравия С,АРАВИЯ ГОТОВИТСЯ ПЕРЕЗАПУСТИТЬ НЕФТЕПРОВОД ВОСТОК-ЗАПАД готовится возобновить экспорт сырой нефти из порта Янбу во вторник вечером — источники западных СМИ SAUDI ARABIA RESTARTS EAST-WEST OIL PIPELINE. PREPARES TO RESUME CRUDE OIL EXPORTS FROM YANBU PORT LATER ON TUESDAY - TRADE SOURCES",22.09.2026,12:57,MarketTwits,22.09.2026 12:57:23,,,
Возможно,#Нефтянка Саудовская Аравия готовится перезапустить нефтепровод Восток-Запад,22.09.2026,12:58,Сигналы РЦБ,22.09.2026 12:58:07,,,
Возможно,"Трамп во вторник подпишет соглашение, по которому Гренландия останется под контролем Дании — Bloomberg Читать далее 👉 https://smartlab.news/i/204929 мы в max",22.09.2026,13:01,СМАРТЛАБ НОВОСТИ,22.09.2026 13:01:29,,,
Возможно,Роснефть впервые провела многостадийные гидроразрывы пласта одновременно на двух самых глубоких и высокотехнологичных горизонтальных скважинах Приразломного месторождения #ROSN «РН-Юганскнефтегаз» (ключевой добывающий актив Роснефти) получил рекордные притоки нефти - в 4 раза выше продуктивности стандартных горизонтальных скважин Читать далее 👉 https://smartlab.news/i/204930 мы в max,22.09.2026,13:05,СМАРТЛАБ НОВОСТИ,22.09.2026 13:05:54,,,
Не важно,"Импорт золота в Китай в этом году достиг рекордного уровня благодаря падению мировых цен и укреплению юаня — Bloomberg Закупки до августа превысили 1000 тонн, что больше общего объёма закупок за весь 2025 год. Читать далее 👉 https://smartlab.news/i/204931 мы в max",22.09.2026,13:06,СМАРТЛАБ НОВОСТИ,22.09.2026 13:06:40,,,
Не важно,"❗️🛢#нефть #интервенции Зона интервенций в нефти выдерживается. Каждый раз, как Brent поднимается > $100, ее пытаются сбить всеми способами — мониторинг",22.09.2026,13:10,MarketTwits,22.09.2026 13:10:37,,,
Важно,"Мерц, Зеленский, Макрон, цепляясь за власть, все они принесли беды и проблемы народам не только своих государств. И им придется за это ответить! — Володин Читать далее 👉 https://smartlab.news/i/204932 мы в max",22.09.2026,13:13,СМАРТЛАБ НОВОСТИ,22.09.2026 13:13:33,Украина,,
Возможно,"Индонезийский никелевый рудник сократит добычу из-за засухи, вызванной Эль-Ниньо — Bloomberg #GMKN Читать далее 👉 https://smartlab.news/i/204934 мы в max",22.09.2026,13:17,СМАРТЛАБ НОВОСТИ,22.09.2026 13:17:28,,,
Возможно,МНЕНИЕ: Цифра брокер рекомендует покупать акции ДОМ.РФ с целевой ценой 2900 рублей (апсайд — 36%). Ключевой фактор привлекательности — дальнейший рост дивидендов #DOMRF Читать далее 👉 https://smartlab.news/i/204935 мы в max,22.09.2026,13:20,СМАРТЛАБ НОВОСТИ,22.09.2026 13:20:08,,,
Не важно,"🌕🇨🇳#золото #китай #cot Китай значительно нарастил покупки золота в этом году. Уже куплено больше, чем за весь 2025г. — данные таможни КНР/BBG",22.09.2026,13:21,MarketTwits,22.09.2026 13:21:27,,,
Возможно,"📉Котировки Brent опустились ниже $98 за баррель - Иран готов открыть Ормузский пролив в течение 7 дней, если США предпримут шаги для ослабления военного давления Читать далее 👉 https://smartlab.news/i/204936 мы в max",22.09.2026,13:23,СМАРТЛАБ НОВОСТИ,22.09.2026 13:23:07,,,
Важно,⚠️🇱🇹#литва #нато #геополитика Парламент Литвы одобрил отказ от запрета на размещение ядерного оружия,22.09.2026,13:26,MarketTwits,22.09.2026 13:26:54,Украина,,
Возможно,"Минпромторг рассматривает письмо ассоциации «Русская сталь», выступающей против возможного запрета экспорта бензола и предлагающей вместо этого увеличить загрузку мощностей по выпуску чистого бензола #NKNC Решение будет принято на площадке правительственной подкомиссии Читать далее 👉 https://smartlab.news/i/204937 мы в max",22.09.2026,13:33,СМАРТЛАБ НОВОСТИ,22.09.2026 13:33:07,,,
Не важно,"🛢🇸🇦#нефть #саравия Саудовская Аравия сообщила азиатским потребителям, что скоро они смогут получать нефть в Красном море — BBG Saudis Tell Asian Refiners They Can Soon Pick Up Oil on Red Sea",22.09.2026,13:33,MarketTwits,22.09.2026 13:33:19,,,
Не важно,"#Нефтянка Саудовская Аравия сообщила азиатским потребителям, что скоро они смогут получать нефть в Красном море — Bloomberg",22.09.2026,13:33,Сигналы РЦБ,22.09.2026 13:33:46,,,
Важно,🇷🇺#SBER #отчетность #дивиденд СБЕР В 2026 ГОДУ ПОКАЖЕТ РЕКОРДНУЮ ЧИСТУЮ ПРИБЫЛЬ ПРИ БЛАГОПРИЯТНОЙ КОНЪЮНКТУРЕ ПО ИТОГАМ 2026 ГОДА НАДЕЕТСЯ ВЫПЛАТИТЬ ДИВИДЕНДЫ В 50% ОТ ЧИСТОЙ ПРИБЫЛИ - ГРЕФ НА ВСТРЕЧЕ С ПУТИНЫМ,22.09.2026,13:37,MarketTwits,22.09.2026 13:37:03,Сбербанк,,
Возможно,Греф: Сбер рассчитывает на рекордную прибыль по итогам 2026 г. и выплату дивидендов в 50% от нее #SBER Читать далее 👉 https://smartlab.news/i/204938 мы в max,22.09.2026,13:39,СМАРТЛАБ НОВОСТИ,22.09.2026 13:39:03,,,
Не важно,"⬆️🛢🇪🇺#бензин #европа Цены на топливо в ЕС в августе выросли более чем на 23% г/г — данные Евростата, ТАСС",22.09.2026,13:43,MarketTwits,22.09.2026 13:43:14,,,
Важно,Саудовская Аравия возобновила работу нефтепровода «Восток–Запад» и готовится возобновить экспорт нефти из порта Янбу на Красном море после остановки из-за атак дронов 13 сентября — Reuters Читать далее 👉 https://smartlab.news/i/204939 мы в max,22.09.2026,13:46,СМАРТЛАБ НОВОСТИ,22.09.2026 13:46:42,Украина,,
Важно,"Мир выходит из-под контроля — CNN Две крупнейшие войны на планете — в Иране и Украине — больше не являются локальными. Эксперты предупреждают о сценариях конца света, при которых искусственный интеллект может уничтожить человечество. Резкий рост цен на энергоносители бьет по промышленно развитым экономикам, страдающим от неравенства. Наводнения, пожары и палящая жара превращают климатический кризис в библейский. Читать далее 👉 https://smartlab.news/i/204940 мы в max",22.09.2026,13:49,СМАРТЛАБ НОВОСТИ,22.09.2026 13:49:16,Украина,,
Не важно,✴️🇷🇺#CBDC #россия #крипто МИНФИН: Уже в октябре руководство Минфина получит зарплату в цифровых рублях,22.09.2026,13:50,MarketTwits,22.09.2026 13:50:36,,,
Важно,🇷🇺#SBER #роботы Сбер в ноябре планирует представить новых антропоморфных роботов — Греф на встрече с Путиным,22.09.2026,13:51,MarketTwits,22.09.2026 13:51:52,Сбербанк,,
Не важно,✴️🇷🇺#крипто #регулирование #россия Госдума осенью рассмотрит законопроект об ответственности за организацию обращения цифровой валюты без лицензии или включения в реестр -- Минфин,22.09.2026,13:53,MarketTwits,22.09.2026 13:53:56,,,
Не важно,"Трейдеры Vitol и Trafigura требуют скидку $18–20 за баррель к Brent на венесуэльскую нефть марки Merey из-за резкого роста стоимости морской доставки — Reuters Фрахт танкера Aframax из порта Хосе подорожал до ~$3,5 млн (с $1,35 млн в начале года), что подрывает маржу и ставит под угрозу планы США по наращиванию экспорта венесуэльской нефти Читать далее 👉 https://smartlab.news/i/204941 мы в max",22.09.2026,13:59,СМАРТЛАБ НОВОСТИ,22.09.2026 13:59:25,,,
Не важно,💥✴️🇺🇸#CRCL #крипто Binance инвестировала $100 млн в Circle Binance купила акции Circle на $100 млн по $80.84 #BNB,22.09.2026,14:05,MarketTwits,22.09.2026 14:05:21,,,
Возможно,ФАС предложила учесть в тарифах на электричество расходы на безопасность электросетевых компаний за 2022–2025 годы — Интерфакс #FEES Читать далее 👉 https://smartlab.news/i/204942 мы в max,22.09.2026,14:06,СМАРТЛАБ НОВОСТИ,22.09.2026 14:06:42,,,
Возможно,#Нефтянка Я открыт для встречи с Ираном в ООН — Рубио в интервью NBC News,22.09.2026,14:12,Сигналы РЦБ,22.09.2026 14:12:27,,,
Возможно,"🚫🛢🇮🇷#ормуз #иран #геополитика Иран опроверг сообщения Kyodo и остальных СМИ о том, что Иран готов открыть Ормуз за 7 дней, если США пойдут на уступки опровержение выпустило близкое к КСИР агентство FARS подробнее о том, почему так происходит",22.09.2026,14:13,MarketTwits,22.09.2026 14:13:03,,,
Возможно,"МНЕНИЕ: Снижение цены отсечения до 50$ добавит к среднегодовому курсу 2027 года около 4 рублей ослабления. Прогноз на конец 2027 года — 87,3 рубля за доллар — БКС Читать далее 👉 https://smartlab.news/i/204943 мы в max",22.09.2026,14:16,СМАРТЛАБ НОВОСТИ,22.09.2026 14:16:30,,,
Важно,"МНЕНИЕ: Глава JPMorgan Chase Джейми Димон заявил, что США не должны наказывать Индию и мировые нефтяные рынки, пытаясь оказать давление на Россию с целью прекращения войны в Украине — Bloomberg #JPM Читать далее 👉 https://smartlab.news/i/204945 мы в max",22.09.2026,14:23,СМАРТЛАБ НОВОСТИ,22.09.2026 14:23:06,Украина,,
Не важно,Совкомбанк планирует запустить собственный криптодепозитарий в 4кв 2026г — зампред правления банка Михаил Автухов #SVCB Читать далее 👉 https://smartlab.news/i/204946 мы в max,22.09.2026,14:28,СМАРТЛАБ НОВОСТИ,22.09.2026 14:28:25,,,
Не важно,"⬆️🇺🇸#PTON = +1% Peloton представил три новые беговые дорожки, в том числе складную модель за $2195",22.09.2026,14:30,MarketTwits,22.09.2026 14:30:32,,,
Важно,"Песков: Санкции должны быть сняты и с Усманова, и с Фридмана, и со всех российских бизнесменов, как и со всех российских граждан Читать далее 👉 https://smartlab.news/i/204947 мы в max",22.09.2026,14:32,СМАРТЛАБ НОВОСТИ,22.09.2026 14:32:32,,,
Возможно,"#Нефтянка Иран опроверг сообщения Kyodo и остальных СМИ о том, что Иран готов открыть Ормуз за 7 дней, если США пойдут на уступки — FARS",22.09.2026,14:35,Сигналы РЦБ,22.09.2026 14:35:15,,,
Не важно,"🇩🇪#акции #авто #германия #обзор Акции немецких автопроизводителей перестали падать, несмотря на продолжающиеся плохие новости из индустрии BBG пишет, что негатива столько много, что он уже весь ""в рынке"", и даже недавние понижения прогнозов по прибыли от Volkswagen воспринимаются так, что все настолько плохо, что дальше может быть только лучше Volkswagen Warning Fails to Derail Optimism About Auto Stocks. So much bad news is priced into European auto stocks that some see Volkswagen AG’s profit warning as further evidence that things can only get better for the struggling sector.",22.09.2026,14:36,MarketTwits,22.09.2026 14:36:15,,,
Возможно,"#Политика Бессент пригрозил отключить от долларовой системы все страны, которые будут принимать иранские самолеты после 22 сентября",22.09.2026,14:43,Сигналы РЦБ,22.09.2026 14:43:18,,,
Возможно,#Политика ПРЕКРАЩЕНИЕ ОГНЯ В ЭНЕРГЕТИЧЕСКОЙ ИНФРАСТРУКТУРЕ БЫЛО БЫ ОТЛИЧНОЙ ИДЕЕЙ,22.09.2026,14:44,Сигналы РЦБ,22.09.2026 14:44:11,,,
Важно,Песков: Поставки зерна через Чёрное море существенно осложнены по вине Киева. Россия переориентирует экспорт на альтернативные маршруты и других покупателей #RAGR Читать далее 👉 https://smartlab.news/i/204949 мы в max,22.09.2026,14:47,СМАРТЛАБ НОВОСТИ,22.09.2026 14:47:59,РусАгро,,
Возможно,"Инфляционные ожидания населения в сентябре выросли с 13,7% до 14,2% — опрос инФОМ по заказу ЦБ Читать далее 👉 https://smartlab.news/i/204951 мы в max",22.09.2026,14:50,СМАРТЛАБ НОВОСТИ,22.09.2026 14:50:15,,,
Возможно,"МНЕНИЕ: При худшем сценарии доллар будет стоить 92-94 рубля, при лучшем — не выше 86 рублей к концу 2026 года — эксперт Миловидов Читать далее 👉 https://smartlab.news/i/204953 мы в max",22.09.2026,15:00,СМАРТЛАБ НОВОСТИ,22.09.2026 15:00:31,,,
Возможно,"Государственные закупочные интервенции на рынке зерна РФ пройдут в 2026–2027 годах, их объём составит 3 млн тонн. Кредитовать закупки будет Россельхозбанк #RAGR Читать далее 👉 https://smartlab.news/i/204955 мы в max",22.09.2026,15:05,СМАРТЛАБ НОВОСТИ,22.09.2026 15:05:33,,,
Важно,🇷🇺🇸🇦#россия #саравия #событие ПУТИН ПОГОВОРИЛ ПО ТЕЛЕФОНУ С НАСЛЕДНЫМ ПРИНЦЕМ САУДОВСКОЙ АРАВИИ — КРЕМЛЬ Наследный принц уже не знает куда деваться от атак хуситов...,22.09.2026,15:09,MarketTwits,22.09.2026 15:09:22,,,
Важно,⬆️🛢🇺🇦#бензин #украина Цена на дизель в Киеве превысила отметку в 100 гривен,22.09.2026,15:10,MarketTwits,22.09.2026 15:10:01,Украина,,
Возможно,Государства Персидского залива намерены призвать президента Трампа не допускать эскалации конфликта с Ираном — Bloomberg Читать далее 👉 https://smartlab.news/i/204956 мы в max,22.09.2026,15:10,СМАРТЛАБ НОВОСТИ,22.09.2026 15:10:38,,,
Не важно,"⚠️🇨🇳🇺🇸#бизнес #китай #сша Си вряд ли приведет бизнес-делегацию на встречу с Трампом, и это большой облом — WSJ Trump Summit With Xi Unlikely to Include Chinese CEOs. Expectations for major business deals fade, although preparations are continuing",22.09.2026,15:12,MarketTwits,22.09.2026 15:12:37,,,
Не важно,❗️🇺🇸#сша #экономика #отчетность США -ADP Employment (нед) = +20 тыс (ожид — / ранее +16.2 тыс),22.09.2026,15:15,MarketTwits,22.09.2026 15:15:31,,,
Возможно,"Рубио: США готовы к переговорам с иранцами на Генеральной Ассамблее ООН, но на данный момент встреча не запланирована Читать далее 👉 https://smartlab.news/i/204958 мы в max",22.09.2026,15:20,СМАРТЛАБ НОВОСТИ,22.09.2026 15:20:03,,,
Не важно,🇨🇳#ии #событие Китайские DeepSeek и Moonshot приглашены на брифинг по ИИ для СБ ООН — RTRS Большинство американцев боятся негативного воздействия ИИ на общество — опрос RTRS,22.09.2026,15:20,MarketTwits,22.09.2026 15:20:35,,,
Не важно,"Производство Mercedes-Benz в Германии неконкурентоспособно, в частности из-за высоких затрат на рабочую силу, два завода могут закрыться — Reuters Читать далее 👉 https://smartlab.news/i/204960 мы в max",22.09.2026,15:23,СМАРТЛАБ НОВОСТИ,22.09.2026 15:23:40,,,
Возможно,В 2025 году в мире было обнаружено всего 19 коммерчески значимых нефтегазовых месторождений - минимум с 1980 года — Nikkei Asia Читать далее 👉 https://smartlab.news/i/204961 мы в max,22.09.2026,15:24,СМАРТЛАБ НОВОСТИ,22.09.2026 15:24:44,,,
Не важно,⚠️🇩🇪#авто #германия #MBG Mercedes-Benz впервые допустил возможность закрытия двух своих заводов на территории Германии в случае отказа сотрудников пойти на сокращение издержек и увеличение рабочей недели. — журнал WirtschaftsWoche,22.09.2026,15:25,MarketTwits,22.09.2026 15:25:34,,,
Возможно,🇷🇺#KMAZ Камаз в 2027 году планирует начать серийный выпуск туристических автобусов — гендиректор Сергей Когогин,22.09.2026,15:27,MarketTwits,22.09.2026 15:27:06,,,
Возможно,"Погрузка цемента на сети РЖД в августе 2026 г. выросла на 6,1% г/г до 2,2 млн т Читать далее 👉 https://smartlab.news/i/204962 мы в max",22.09.2026,15:28,СМАРТЛАБ НОВОСТИ,22.09.2026 15:28:42,,,
Не важно,"⚠️🧠#ии #событие #warning Глава Anthropic Дарио Амодей выступит в СБ ООН по ИИ Глава OpenAI Сэм Альтман выступит в с докладом Трамп говорит, что все под контролем т.к. у Америки президент с очень высоким IQ",22.09.2026,15:29,MarketTwits,22.09.2026 15:29:34,,,
Не важно,✴️🇺🇸#крипто #торги #сша CME Group расширит линейку криптодеривативов - запустит фьючерсы на на Bitcoin Cash и Uniswap #BCH #UNI,22.09.2026,15:33,MarketTwits,22.09.2026 15:33:10,,,
Возможно,Стамбульская фондовая биржа заменит более четверти компонентов своего эталонного индекса BIST-100 после кризиса ликвидности в инвестиционных фондах — Reuters Читать далее 👉 https://smartlab.news/i/204963 мы в max,22.09.2026,15:34,СМАРТЛАБ НОВОСТИ,22.09.2026 15:34:01,,,
Возможно,ФАС предлагает распространить запрет на совмещение видов деятельности в электроэнергетике с майнингом также на операторов майнинговой инфраструктуры Читать далее 👉 https://smartlab.news/i/204964 мы в max,22.09.2026,15:37,СМАРТЛАБ НОВОСТИ,22.09.2026 15:37:17,,,
Не важно,"⬆️✴️#крипто Совокупная рыночная капитализация крипторынка превысила отметку $3 трлн всего лишь $3 трлн — эксперты BTC сейчас составляет всего лишь 0,5% от мировых финансовых активов — River",22.09.2026,15:42,MarketTwits,22.09.2026 15:42:35,,,
Важно,"📈Российский рынок с замиранием сердца ждёт выступление Трампа на Генассамблее ООН: снятие санкций, восстановление поставок по Северному потоку и 3000 п. по индексу Мосбиржи Читать далее 👉 https://smartlab.news/i/204966 мы в max",22.09.2026,15:46,СМАРТЛАБ НОВОСТИ,22.09.2026 15:46:14,Иран,,
Возможно,"⬇️🇷🇺 #пшеница #россия #зерно Рост цен на пшеницу на юге России сменился их падением. Продолжается давление на рынок запасов зерна. Рост цен на пшеницу в южных регионах России, который был отмечен на неделе с 4 по 11 сентября, на прошлой неделе не закрепился, цены вновь упали, сообщается в мониторинге компании ""ПроЗерно"", с которым ознакомился ""Интерфакс"" Как сообщалось, на рынке продолжают накапливаться большие запасы зерна. По данным Росстата, на конец августа в сельхозорганизациях имелось 41,2 млн тонн зерна, что на 9,3% больше, чем годом ранее. В том числе запасы пшеницы были на 10,1% больше (29,9 млн тонн), кукурузы - на 23,8% больше (724,2 тысячи тонн).",22.09.2026,15:47,MarketTwits,22.09.2026 15:47:04,,,
Важно,⚠️🇮🇱#израиль #мобилизация #геополитика Правительство Израиля скоро одобрит мобилизацию до 200 000 резервистов — израильское издание Hayom News,22.09.2026,15:49,MarketTwits,22.09.2026 15:49:37,Украина,,
Возможно,"🚫🛢🇮🇷#ормуз #иран #геополитика Заместитель спикера парламента Ирана Низад заявил, что Иран не отступит в вопросе Ормузского пролива. - ISMN",22.09.2026,15:51,MarketTwits,22.09.2026 15:51:45,,,
Возможно,Камаз планирует начать серийный выпуск туристических автобусов в 2027 году; сейчас новая модель «Камаз‑52229» проходит испытания — Гендиректор Сергей Когогин #KMAZ Читать далее 👉 https://smartlab.news/i/204967 мы в max,22.09.2026,15:52,СМАРТЛАБ НОВОСТИ,22.09.2026 15:52:59,,,
Не важно,"Турция рассматривает возможность объединения активов более чем 100 фондов для погашения задолженности перед инвесторами — Bloomberg Ранее Совет по рынкам капитала распорядился о ликвидации 131 фонда после того, как кризис в индустрии фондов привел к неспособности погасить паи, арестам и резкой распродаже акций. Читать далее 👉 https://smartlab.news/i/204968 мы в max",22.09.2026,15:53,СМАРТЛАБ НОВОСТИ,22.09.2026 15:53:56,,,
Возможно,⬆️🇷🇺#депозиты #россия Средняя максимальная ставка по вкладам топ-10 банков России выросла до 13.01% с 12.95% ранее -- ЦБ,22.09.2026,15:54,MarketTwits,22.09.2026 15:54:50,,,
Возможно,"Максимальная ставка по вкладам в рублях в Топ-10 банков РФ (данные ЦБ): I декада сентября – 12,95% II декада сентября – 13,01% Читать далее 👉 https://smartlab.news/i/204970 мы в max",22.09.2026,16:01,СМАРТЛАБ НОВОСТИ,22.09.2026 16:01:35,,,
Не важно,🇺🇸#AAPL Apple запускает продажи новых Mac Mini и Mac Studio,22.09.2026,16:02,MarketTwits,22.09.2026 16:02:53,,,
Не важно,⬇️🇺🇸#удобрения #акции #сша Лукашенко обвалил акции американских производителей удобрений,22.09.2026,16:05,MarketTwits,22.09.2026 16:05:52,,,
Возможно,⚠️🇮🇷#иран #геополитика Трамп готов встретиться с официальными лицами Ирана при надлежащих условиях — CNN т.е. встречи не будет — эксперты,22.09.2026,16:07,MarketTwits,22.09.2026 16:07:28,,,
Возможно,#Политика Трамп готов встретиться с официальными лицами Ирана при надлежащих условиях — CNN,22.09.2026,16:08,Сигналы РЦБ,22.09.2026 16:08:01,,,
Важно,🇺🇦#украина #today Рубио заявил о готовности сделать все для завершения украинского конфликта,22.09.2026,16:08,MarketTwits,22.09.2026 16:08:56,Украина,,
Не важно,⬆️🛢#нефть #прогноз BofA повысил прогноз по Brent на 4кв до $95 с $83 Ранее,22.09.2026,16:13,MarketTwits,22.09.2026 16:13:32,,,
Возможно,"Трамп сообщил советникам, что хотел бы встретиться с иранскими официальными лицами на Генассамблее ООН, если «условия будут подходящими» — CNN Читать далее 👉 https://smartlab.news/i/204971 мы в max",22.09.2026,16:14,СМАРТЛАБ НОВОСТИ,22.09.2026 16:14:49,,,
Не важно,"🇸🇦#nev #авто #саравия Саудовская Аравия показала свой первый электрокар седан и кроссовер Exobot Компания производитель Ceer была основана в 2022 году Государственным инвестиционным фондом Саудовской Аравии и тайваньской Foxconn, крупнейшим в мире производителем контрактной электроники.",22.09.2026,16:16,MarketTwits,22.09.2026 16:16:20,,,
Возможно,МНЕНИЕ: Сохраняем позитивный взгляд на акции ДОМ.PФ в связи с привлекательной ДД ~15% за 2026 год и потенциалом дальнейшего роста бизнеса с высоким ROE — Газпромбанк Инвестиции #DOMRF Читать далее 👉 https://smartlab.news/i/204972 мы в max,22.09.2026,16:17,СМАРТЛАБ НОВОСТИ,22.09.2026 16:17:48,,,
Возможно,"Макрон просит ЕС смягчить энергетические и климатические правила, чтобы снизить стремительный рост цен на топливо — Politico Читать далее 👉 https://smartlab.news/i/204973 мы в max",22.09.2026,16:22,СМАРТЛАБ НОВОСТИ,22.09.2026 16:22:29,,,
Возможно,🇷🇺#VKCO VK успешно разместила биржевые облигации объемом 5 млрд рублей. В ходе сбора книги заявок компании удалось снизить ориентир спреда к ключевой ставке с 200 до 170 базисных пунктов. — компания,22.09.2026,16:25,MarketTwits,22.09.2026 16:25:40,,,
Возможно,Минсельхоз прорабатывает меры стимулирования внутреннего потребления пшеницы из-за проблем с экспортом — Ъ #RAGR — Льготные кредиты мукомолам и животноводам под 9% на закупку зерна — Обнуление экспортных пошлин до конца года — Субсидии на ж/д перевозки и закупочные интервенции на 3 млн тонн Читать далее 👉 https://smartlab.news/i/204976 мы в max,22.09.2026,16:27,СМАРТЛАБ НОВОСТИ,22.09.2026 16:27:47,,,
Не важно,🇯🇵#роботы #япония #геополитика Япония планирует использовать человекоподобных роботов в оборонных целях — Kyodo,22.09.2026,16:28,MarketTwits,22.09.2026 16:28:49,,,
Важно,"Украина открыта для зернового перемирия с Россией — вице-премьер-министр Украины Всеволод Ченцов «Сейчас подходящий момент, чтобы сесть и поговорить, найти решение», — сказал Ченцов. Читать далее 👉 https://smartlab.news/i/204977 мы в max",22.09.2026,16:29,СМАРТЛАБ НОВОСТИ,22.09.2026 16:29:40,Украина,,
Не важно,⚠️🇹🇼#тайвань #геополитика Си на встрече с Трампом потребует прекратить продажи оружия Тайваню — RTRS,22.09.2026,16:29,MarketTwits,22.09.2026 16:29:48,,,
Не важно,💥🇺🇸#акции #сша NASDAQ = РЕКОРД,22.09.2026,16:32,MarketTwits,22.09.2026 16:32:37,,,
Возможно,Полномасштабная военная эскалация не в интересах России и не в ее возможностях — президент Финляндии Стубб Читать далее 👉 https://smartlab.news/i/204978 мы в max,22.09.2026,16:34,СМАРТЛАБ НОВОСТИ,22.09.2026 16:34:36,,,
Не важно,"🚫🛢🇺🇸#нефть #сша Некоторые республиканские лидеры призывают ограничить экспорт дизеля из США — BBG акции американских НПЗ перешли к падению после долгого роста This year’s big rally in US refiner stocks is running into growing headwinds with some Republican leaders calling to restrict exports of diesel, which has soared as global conflicts limit supplies.",22.09.2026,16:36,MarketTwits,22.09.2026 16:36:12,,,
Возможно,"🛢🇷🇺#GAZP #спг Газпром осуществляет поставки крупнотоннажного СПГ потребителям АТР с проекта «Сахалин-2». Ведется работа по созданию в России новых мощностей. По актуальным прогнозам, к 2035 году спрос на сжиженный природный газ (СПГ) на мировом рынке превысит 900 млрд куб. м – это в полтора раза больше, чем в 2025 году. Ожидается, что основной рост обеспечат страны Азиатско-Тихоокеанского региона (АТР), в частности Китай и Индия. — Газпром",22.09.2026,16:40,MarketTwits,22.09.2026 16:40:01,,,
Возможно,"📈Акции Газпрома превысили отметку в 100 руб впервые со 2 июля на ожиданиях инвесторов, что компания скоро возобновит поставки газа в Германию #GAZP Читать далее 👉 https://smartlab.news/i/204979 мы в max",22.09.2026,16:42,СМАРТЛАБ НОВОСТИ,22.09.2026 16:42:56,,,
Возможно,#GAZP Акции Газпрома — 100 руб,22.09.2026,16:43,Сигналы РЦБ,22.09.2026 16:43:04,,,
Возможно,⬆️🇷🇺#GAZP > $100 100 руб,22.09.2026,16:43,MarketTwits,22.09.2026 16:43:59,,,
Не важно,"Газпром развивает производство СПГ для внутреннего рынка и экспорта: к 2035 году мировой спрос на СПГ превысит 900 млрд куб. м (+50% к 2025 году), основной рост обеспечат Китай и Индия #GAZP Читать далее 👉 https://smartlab.news/i/204980 мы в max",22.09.2026,16:46,СМАРТЛАБ НОВОСТИ,22.09.2026 16:46:37,,,
Важно,"📈Индекс Мосбиржи превысил 2300 п на словах Трампа о том, что России следует найти способ прекратить конфликт с Украиной Читать далее 👉 https://smartlab.news/i/204981 мы в max",22.09.2026,16:46,СМАРТЛАБ НОВОСТИ,22.09.2026 16:46:50,Украина,,
Возможно,"#VKCO #YDEX FORBES: VK И «ЯНДЕКС» ОБСУЖДАЮТ СОЗДАНИЕ СОВМЕСТНОГО ПРЕДПРИЯТИЯ (СП) НА ОСНОВЕ КОМПАНИЙ YANDEX B2B TECH И VK TECH, СООБЩИЛИ РБК ИСТОЧНИКИ. По словам собеседника, еще неизвестно, какие активы могут быть переданы в состав СП. Возможная сделка обсуждается более двух месяцев, сообщил он. В «Яндексе» сказали, что не комментируют слухи.",22.09.2026,16:46,Сигналы РЦБ,22.09.2026 16:46:58,,,
Не важно,#IMOEX выше 2300,22.09.2026,16:51,Сигналы РЦБ,22.09.2026 16:51:44,,,
Возможно,"Разломы в нашем мире становятся все шире — генсек ООН Антониу Гутерриш Для решения проблем мир должен работать сообща в условиях «взаимозависимости». Говоря о потенциальных опасностях нерегулируемых систем искусственного интеллекта, Антониу Гутерриш заявил, что «роботам-убийцам не должно быть места в нашем будущем». Читать далее 👉 https://smartlab.news/i/204982 мы в max",22.09.2026,16:52,СМАРТЛАБ НОВОСТИ,22.09.2026 16:52:09,,,
Не важно,"✴️🇷🇺#крипто #россия #А7А5 А7 намерена объединить на индийском направлении решения для переводов физлиц и расчетов бизнеса, а после апробации масштабировать эту модель на другие рынки — прежде всего в Африке и Латинской Америке, заявил замгендиректора по продажам А7 Станислав Лазарев",22.09.2026,16:54,MarketTwits,22.09.2026 16:54:03,,,
Не важно,⬆️🇷🇺#IMOEX > 2300,22.09.2026,16:55,MarketTwits,22.09.2026 16:55:21,,,
Возможно,"🇵🇱#польша #today Глава МИД Польши Сикорский заявил, что готовится к войне с Россией и уже сделал запасы риса, заготовил варенье и купил ручной насос",22.09.2026,16:59,MarketTwits,22.09.2026 16:59:42,,,
Возможно,"Импорт российской нефти в Индию в августе упал на 16,5% м/м, в сентябре ожидается дальнейшее снижение — Reuters #ROSN Читать далее 👉 https://smartlab.news/i/204983 мы в max",22.09.2026,17:00,СМАРТЛАБ НОВОСТИ,22.09.2026 17:00:21,,,
Возможно,Чистая прибыль банков РФ в августе почти не изменилась и составила 440 млрд руб — ЦБ #SBER #VTBR #SVCB #MBNK Читать далее 👉 https://smartlab.news/i/204984 мы в max,22.09.2026,17:00,СМАРТЛАБ НОВОСТИ,22.09.2026 17:00:46,,,
Важно,"Пять крупнейших западных нефтяных компаний с начала конфликта на Украине получили почти $500 млрд прибыли — Генсек ООН Антониу Гутерриш Эта сумма, по его словам, сопоставима с объёмом международного финансирования адаптации развивающихся стран к изменению климата ($34 млрд), но превышает его почти в 15 раз Читать далее 👉 https://smartlab.news/i/204985 мы в max",22.09.2026,17:00,СМАРТЛАБ НОВОСТИ,22.09.2026 17:00:56,Украина,,
Важно,"🇷🇺#банки #россия #отчетность ЧИСТАЯ ПРИБЫЛЬ БАНКОВ РФ В АВГУСТЕ ПОЧТИ НЕ ИЗМЕНИЛАСЬ И СОСТАВИЛА 440 МЛРД РУБ. = - 0,7% М/М — ЦБ",22.09.2026,17:01,MarketTwits,22.09.2026 17:01:04,Российская компания,,
Не важно,"🇺🇸#сша #трамп #оон Трамп скажет в своей речи на Генеральной Ассамблее ООН, что США больше не допустят, чтобы угрозы в адрес Америки закрепились где-либо в Западном полушарии. И если потребуется, США используют непревзойденную военную мощь, чтобы защитить жизненно важные национальные интересы Америки — AXIOS",22.09.2026,17:02,MarketTwits,22.09.2026 17:02:53,,,
Не важно,💥✴️#NEAR #крипто NEAR запускает торги токенизированными акциями благодаря партнерству с Ondo,22.09.2026,17:07,MarketTwits,22.09.2026 17:07:55,,,
Не важно,🇺🇸#MSFT #увольнения Microsoft начинает новую волну увольнений,22.09.2026,17:09,MarketTwits,22.09.2026 17:09:30,,,
Возможно,"📈Акции Фосагро растут на 4,8%, до ₽5 285 #PHOR Читать далее 👉 https://smartlab.news/i/204986 мы в max",22.09.2026,17:10,СМАРТЛАБ НОВОСТИ,22.09.2026 17:10:27,,,
Не важно,⚠️🇧🇷🇺🇸#бразилия #сша #оон Президент Бразилии жестко проходится по Трампу на выступлении в ГА ООН смотреть,22.09.2026,17:13,MarketTwits,22.09.2026 17:13:55,,,
Важно,"Во встрече Трампа и Зеленского в Нью-Йорке примут участие Кушнер, Уиткофф, Рубио и Бессент Читать далее 👉 https://smartlab.news/i/204987 мы в max",22.09.2026,17:15,СМАРТЛАБ НОВОСТИ,22.09.2026 17:15:48,Украина,,
Не важно,✴️🇺🇸#BTC #крипто #сша Coinbase начала выдавать обеспеченные BTC кредиты с фиксированной процентной ставкой через Morpho Midnight,22.09.2026,17:17,MarketTwits,22.09.2026 17:17:08,,,
Возможно,Русал ищет покупателей для активов на Ямайке и в Гайане — Bloomberg #RUAL Читать далее 👉 https://smartlab.news/i/204988 мы в max,22.09.2026,17:19,СМАРТЛАБ НОВОСТИ,22.09.2026 17:19:20,,,
Возможно,❗️🇮🇷#иран #геополитика #событие Через несколько часов ожидается обращение Верховного лидера Ирана по случаю открытия школ и университетов. могут быть комментарии по США,22.09.2026,17:20,MarketTwits,22.09.2026 17:20:48,,,
Возможно,🇷🇺#RUAL Русал ищет покупателей для своих активов на Ямайке и в Гайане — BBG Rusal Said to Sound Out Buyers for Its Jamaica and Guyana Assets,22.09.2026,17:23,MarketTwits,22.09.2026 17:23:00,,,
Возможно,#RUAL Русал ищет покупателей для своих активов на Ямайке и в Гайане — Bloomberg,22.09.2026,17:24,Сигналы РЦБ,22.09.2026 17:24:26,,,
Не важно,"🛢🇵🇱#газ #польша #европа Польша хочет стать газовым хабом для Центральной Европы Министр госактивов Войчех Бальчун в интервью радиостанции RMF FM подчеркнул, что страна видит себя в роли газового хаба для Центральной и части Южной Европы.",22.09.2026,17:25,MarketTwits,22.09.2026 17:25:37,,,
Не важно,❗️🇺🇸#трамп #оон #сша ТРАМП выступает в ГА ООН смотреть,22.09.2026,17:29,MarketTwits,22.09.2026 17:29:29,,,
Не важно,🇺🇸#трамп #оон #сша Трамп в ГА ООН: Америка супер! Наше будущее яркое!,22.09.2026,17:30,MarketTwits,22.09.2026 17:30:42,,,
Возможно,"Поток нефти через Ормузский пролив будет только расти, а ситуация для Ирана продолжит ухудшаться. При этом США не закрывают дверь для дипломатии и возможного соглашения с Тегераном — Рубио Читать далее 👉 https://smartlab.news/i/204991 мы в max",22.09.2026,17:31,СМАРТЛАБ НОВОСТИ,22.09.2026 17:31:39,,,
Возможно,"#Политика Америка до Трампа — разруха, дырявая граница. Америка при Трампе — безопасная страна, закрытые границы, сильная страна — Трамп",22.09.2026,17:32,Сигналы РЦБ,22.09.2026 17:32:15,,,
Не важно,🇺🇸#трамп #оон #сша Трамп в ГА ООН: - американская энергия (энергоносители) наполняет мир - акции США бьют рекорды - привлекли триллионов долларов инвестиций - мы изменили расстановку сил на мировой арене - наша экономика — предмет зависти всего мира - остановили поток мигрантов - Байден ЧМО смотреть на русском,22.09.2026,17:32,MarketTwits,22.09.2026 17:32:30,,,
Возможно,"#Политика Иран — главный спонсор террора. Но это уже не так. Я инициировал переговорный процесс с Ираном. Но они отвергли предложение — Трамп ВС США ликвидировали ядерную программу Ирана, но они снова отказались от соглашения.",22.09.2026,17:35,Сигналы РЦБ,22.09.2026 17:35:57,,,
Возможно,"Трамп: - Я призываю Иран заключить сделку. - Я считаю, что мы заключим сделку с Ираном сразу после выборов в США. - США и Иран так или иначе заключат сделку. Читать далее 👉 https://smartlab.news/i/204992 мы в max",22.09.2026,17:36,СМАРТЛАБ НОВОСТИ,22.09.2026 17:36:04,,,
Возможно,"🇺🇸#трамп #оон #сша Трамп в ГА ООН: Иран очень, очень плохой Иран уничтожен в Иране все уничтожено, кроме 300%-ой инфляции Ормуз открыт, поставки нефти достигли самого высокого уровня с начала войны будет сделка или нет, или я ликвидирую Иран, отправлю их в ад у них нет смысла мне отказывать смотреть на русском",22.09.2026,17:37,MarketTwits,22.09.2026 17:37:49,,,
Возможно,#Политика Инфляция уничтожает Иран. Мы также все разрушили там — Трамп,22.09.2026,17:38,Сигналы РЦБ,22.09.2026 17:38:36,,,
Возможно,"#Политика Мне нужно принять решение, будет ли заключена сделка с Ираном или я отправлю их в ад. Думаю, после выборов я смогу заключить сделку с Ираном — Трамп",22.09.2026,17:40,Сигналы РЦБ,22.09.2026 17:40:28,,,
Возможно,"#Политика Призываю все страны обеспечить полную изоляцию Ирана до тех пор, пока не будет открыто судоходство — Трамп",22.09.2026,17:42,Сигналы РЦБ,22.09.2026 17:42:32,,,
Возможно,VK успешно разместила биржевые облигации серии 001Р-04 объёмом ₽5 млрд с переменным купоном. В ходе сбора заявок спред к ключевой ставке удалось снизить с 200 до 170 б.п. — Компания Читать далее 👉 https://smartlab.news/i/204994 мы в max,22.09.2026,17:45,СМАРТЛАБ НОВОСТИ,22.09.2026 17:45:08,,,
Возможно,#Нефтянка Крупнейшие нефтяные компании будут работать в Венесуэле на благо венесуэльского народа — Трамп,22.09.2026,17:50,Сигналы РЦБ,22.09.2026 17:50:16,,,
Возможно,Как ощущается выступление Трампа на ГА ООН,22.09.2026,17:51,Сигналы РЦБ,22.09.2026 17:51:18,,,
Не важно,"🇺🇸#трамп #оон #сша Трамп в ГА ООН: - США больше не допустят, чтобы угрозы в адрес Америки закрепились где-либо в Западном полушарии - у Венесуэлы было лучшее оборудование из других стран, но мы все равно смогли сп**дить Мадуро - наши действия в Венесуэле показывают, что мы всем наваляем в Западном полушарии - Куба отстой, Куба падет, свобода придет на Кубу смотреть на русском",22.09.2026,17:53,MarketTwits,22.09.2026 17:53:41,,,
Возможно,"#Политика Куба — несостоявшееся государство. Не позволим, чтобы эта угроза оставалась на нашем пороге — Трамп Кубинская делегация покинула стендап",22.09.2026,17:54,Сигналы РЦБ,22.09.2026 17:54:07,,,
Не важно,🇺🇸#трамп #оон #сша Трамп в ГА ООН: - построим военные базы в Гренландии - сделка по Гренландии будет подписана сегодня - присутствие США в Арктике усиливается смотреть на русском,22.09.2026,17:56,MarketTwits,22.09.2026 17:56:04,,,
Возможно,"Официальные курсы валют на 23 сентября: ¥ — ₽12,5291, $ — ₽84,0657, € — ₽96,5915 Читать далее 👉 https://smartlab.news/i/204996 мы в max",22.09.2026,17:56,СМАРТЛАБ НОВОСТИ,22.09.2026 17:56:56,,,
Не важно,🇺🇸#трамп #оон #сша Трамп в ГА ООН: - МУС это орган-отшельник - призываю всех покинуть МУС смотреть на русском,22.09.2026,17:59,MarketTwits,22.09.2026 17:59:43,,,
Не важно,"#ИИ Искусственный интеллект — не ""искусственный"", а ""прекрасный"". Это сверхинтеллект. Это будет СИ, а не ИИ. Буду добиваться изменения термина — Трамп Глобального потепления нет. Планета охлаждается и никто не умер. А теперь эти же люди говорят, что ИИ нас поработит. Мы опережаем Китай и все другие страны в сфере СИ.",22.09.2026,18:03,Сигналы РЦБ,22.09.2026 18:03:33,,,
Не важно,"🇺🇸#трамп #оон #сша Трамп в ГА ООН: - ИИ это неправильное название - СИ (Супер Интеллект) - так нужно называть, посмотрим, смогу ли я добиться изменения названия - ИИ-страшилки об уничтожении людей - полная хрень - те же люди, что пугали нас изменением климата, сейчас пугают нас ИИ - деб**ы б**ть - все под контролем - продолжим развивать ии ответственно и безопасно смотреть на русском",22.09.2026,18:04,MarketTwits,22.09.2026 18:04:16,,,
Возможно,#Политика Трамп закончил выступление,22.09.2026,18:06,Сигналы РЦБ,22.09.2026 18:06:35,,,
Не важно,"🇺🇸#трамп #оон #сша Трамп в ГА ООН: - вместе построим великое, светлое будущее - да благословит Бог Америку ТРАМП ЗАКОНЧИЛ",22.09.2026,18:06,MarketTwits,22.09.2026 18:06:44,,,
Важно,Объёмы поставок российской нефти снижаются на фоне санкций США и восстановления поставок Саудовской Аравии — BBG #ROSN #LKOH Читать далее 👉 https://smartlab.news/i/204999 мы в max,22.09.2026,18:07,СМАРТЛАБ НОВОСТИ,22.09.2026 18:07:10,"Роснефть, Лукойл",,
Возможно,"⚠️🇮🇷#иран #геополитика Галибаф заявил, что Иран не будет ни ждать, ни уступать.",22.09.2026,18:11,MarketTwits,22.09.2026 18:11:44,,,
Возможно,"Что делать, если лучшая позиция в портфеле стала его главным риском? Допустим, актив занимал 20% портфеля. После сильного роста — уже 35%. На первый взгляд всё отлично: прибыль растёт, инвестиционная идея работает. Но вместе с доходностью незаметно изменилась и структура риска. Именно в такой момент возникает один из самых сложных вопросов для инвестора: стоит ли продавать то, что продолжает расти? Профессиональное управление капиталом - это способность контролировать риски, это процесс, при котором портфелем управляет стратегия, а не рынок. В экспертной статье Александр Янковский, директор департамента управления инвестициями АО «СОЛИД Менеджмент» разобрал: — когда ребалансировка действительно оправдана; — чем грозит позиция ""наблюдателя""; — как изменения состава индексов создают потоки покупок и продаж; — почему слишком частая ребалансировка тоже может снижать результат. Подробный разбор в PDF-файле и на нашем сайте Не является индивидуальной инвестиционной рекомендацией",22.09.2026,18:12,Сигналы РЦБ,22.09.2026 18:12:15,,,
Не важно,🇺🇸#ORCL #увольнения Oracle опять увольняет,22.09.2026,18:12,MarketTwits,22.09.2026 18:12:53,,,
Не важно,❗️🇺🇸#облигации #сша #qe ЗАМЕСТИТЕЛЬ МИНИСТРА ФИНАНСОВ США БРУК: МИНФИН ПРОДОЛЖИТ СОВЕРШЕНСТВОВАТЬ И РАСШИРЯТЬ ПРОГРАММУ ОБРАТНОГО ВЫКУПА ГОСОБЛИГАЦИЙ,22.09.2026,18:13,MarketTwits,22.09.2026 18:13:57,,,
Не важно,🇷🇺#fx #россия ЦБ установил официальные курсы валют на 23 сентября 86.80 87.15 100.00 100.50 проверить курсы,22.09.2026,18:14,MarketTwits,22.09.2026 18:14:41,,,
Возможно,"Патрушев: Сборы урожая выше уровня прошлого года как по зерновым, так и по масличным. В связи с этим важно не допустить затоваривания и обеспечить ритмичную поставку продукции как на внутренний рынок, так и на экспорт #RAGR Читать далее 👉 https://smartlab.news/i/205000 мы в max",22.09.2026,18:25,СМАРТЛАБ НОВОСТИ,22.09.2026 18:25:52,,,
Возможно,АФК Система сменит президента: вместо Тагира Ситдекова холдинг возглавит Феликс Евтушенков — Frank Media #AFKS Читать далее 👉 https://smartlab.news/i/205001 мы в max,22.09.2026,18:29,СМАРТЛАБ НОВОСТИ,22.09.2026 18:29:20,,,
Не важно,"🇺🇸#SPCX #ии Агент Grok Bot от SpaceXAI набрал более 400 000 пользователей всего через месяц после запуска — BBG SpaceXAI’s Grok Bot Agent Tops 400,000 Users After First Month Grok Bot будет конкурировать с ии-агентами от Anthropic и OpenAI",22.09.2026,18:33,MarketTwits,22.09.2026 18:33:26,,,
Не важно,⚠️🇺🇸#дкп #сша #спикеры Collins (ФРС): повышение ставки поможет достичь цели по инфляции,22.09.2026,18:37,MarketTwits,22.09.2026 18:37:33,,,
Не важно,"❗️🇺🇸🇬🇱#сша #гренландия #геополитика Трамп подписал договор по безопасности Гренландии США, Дания и Гренландия подписали договор по безопасности на Генассамблее ООН",22.09.2026,18:40,MarketTwits,22.09.2026 18:40:17,,,
Не важно,Трамп подписал соглашение об усилении военного присутствия США в Гренландии Соглашение сохраняет арктическую территорию в руках Дании. Читать далее 👉 https://smartlab.news/i/205003 мы в max,22.09.2026,18:41,СМАРТЛАБ НОВОСТИ,22.09.2026 18:41:15,,,
Возможно,Иран ввел штраф 20% стоимости груза за незаконный проход через Ормузский пролив — Fars News Читать далее 👉 https://smartlab.news/i/205004 мы в max,22.09.2026,18:55,СМАРТЛАБ НОВОСТИ,22.09.2026 18:55:15,,,
Не важно,🇸🇦#SAR #газ #саравия RTRS: Saudi Aramco планирует реорганизацию с целью создания газового подразделения,22.09.2026,18:55,MarketTwits,22.09.2026 18:55:44,,,
Возможно,🚫🛢🇮🇷#ормуз #иран Пресс-секретарь Комитета национальной безопасности Ирана заявил что за нарушение правил судоходства в Ормузском проливе предусмотрен штраф в размере 20% от стоимости груза и временная конфискация судна до уплаты штрафа — Fars News,22.09.2026,18:57,MarketTwits,22.09.2026 18:57:32,,,
Важно,"Эрдоган: Турция работает над тем, чтобы украинский конфликт не расширился Читать далее 👉 https://smartlab.news/i/205005 мы в max",22.09.2026,18:58,СМАРТЛАБ НОВОСТИ,22.09.2026 18:58:07,Украина,,
Не важно,"МНЕНИЕ: Fitch ожидает, что глобальный экономический рост останется устойчивым, несмотря на повышение цен на энергоносители и рост реальных процентных ставок Читать далее 👉 https://smartlab.news/i/205006 мы в max",22.09.2026,18:59,СМАРТЛАБ НОВОСТИ,22.09.2026 18:59:47,,,
Возможно,"🇷🇺#торговля #россия #отчетность НЕСЫРЬЕВОЙ НЕЭНЕРГЕТИЧЕСКИЙ ЭКСПОРТ РФ ЗА ПЕРВЫЕ СЕМЬ МЕСЯЦЕВ 2026 Г. ВЫРОС НА 8% -- МАНТУРОВ, ТАСС",22.09.2026,19:00,MarketTwits,22.09.2026 19:00:31,,,
Возможно,Несырьевой неэнергетический экспорт РФ за семь месяцев 2026 года вырос на 8% г/г — Мантуров Читать далее 👉 https://smartlab.news/i/205007 мы в max,22.09.2026,19:02,СМАРТЛАБ НОВОСТИ,22.09.2026 19:02:21,,,
Не важно,"❌✴️🇪🇺#USDT #Tether #европа #крипто #стейблкоины Генеральный директор Tether заявил, что компания отказалась подавать заявку на получение лицензии MiCA в ЕС из-за правил в отношении резервов стейблкоинов",22.09.2026,19:02,MarketTwits,22.09.2026 19:02:27,,,
Не важно,"Заседание ООН поддержало индекс️Итоги дня 📈Газпром +2.8% В лидерах роста и тянет за собой весь индекс. Участники рынка ожидают возобновления поставок газа в ЕС, особенно после последний заявлений Д.Трампа в ООН США работают над завершением украинского конфликта, и он будет завершен. Конфликт на Украине завершится быстрее, чем многие ожидают. И не устали ещё инвесторы верить🤷‍♂️ Думаю, что Газпром а любом случае преподнесёт большой сюрприз своим инвесторам, но не факт что хороший😁 📈IMOEX -1.8% Сегодня весь индекс растёт на ожиданиях переговоров/нормализации. Всё внимание инвесторов сосредоточен на ООН и заявления которые оттуда поступают Возможность встречи глав внешнеполитических ведомств России и США Сергея Лаврова и Марко Рубио 23 сентября в Нью-Йорке прорабатывается, заявила «Интерфаксу» официальный представитель МИД РФ Мария Захарова. Россия воспользуется заседанием Совета Безопасности ООН 23 сентября, чтобы разъяснить цели специальной военной операции и поднять проблему нацификации Украины🤔 📈Brent +0.1% Бренд снова сегодня опускалась меньше 100 долларов. Саудовская Аравия сообщила азиатским потребителям, что скоро они смогут получать нефть в Красном море, сообщает Bloomberg. Также Саудовская Аравия готовится перезапустить нефтепровод Восток-Запад. Были ещё сообщения, что Иран предложил открыть Ормузский пролив в течение семи дней, если США предпримут шаги по снижению военного давления. Но сам Иран опровергает эти сообщения🤔 📈ДОМ.PФ +1.1% Чистая прибыль Дом.pф за восемь месяцев 2026 года выросла на 40%, до 76,6 млрд рублей💪 📈М.Видео +0.4% Коммерческий директор М.Видео Сергей Уваров сообщил о дефиците оборотных средств и признал задержки выплат поставщикам. Один из партнеров заявил, что не получает деньги уже три месяца, а задолженность перед ним достигла 17 млн рублей и продолжает расти. В компании сообщили, что работают над погашением просроченной задолженности практически в ручном режиме и рассчитывают нормализовать ситуацию в течение 1–2 месяцев🤔 Полная карта рынка: https://smart-lab.ru/q/map Билеты на нашу осеннюю конфу на 20% дешевле по промокоду LONG: https://confa.smart-lab.ru/msk26 СМАРТЛАБ | MAX | ВК",22.09.2026,19:02,СМАРТЛАБ НОВОСТИ,22.09.2026 19:02:34,,,
Возможно,"❗️🇷🇺#AFKS АФК «Система» меняет президента. Вместо Тагира Ситдекова холдинг возглавит Феликс Евтушенков, рассказали Frank Media два источника, близких к компании.",22.09.2026,19:05,MarketTwits,22.09.2026 19:05:14,,,
Возможно,"#AFKS АФК «Система» меняет президента. Вместо Тагира Ситдекова холдинг возглавит Феликс Евтушенков, рассказали Frank Media два источника, близких к компании.",22.09.2026,19:06,Сигналы РЦБ,22.09.2026 19:06:31,,,
Важно,"🇺🇦#украина #геополитика Глава ОП Украины Буданов (в реестре террористов и экстремистов в РФ) находится в США, где проведет серию переговоров о завершении войны, пишут украинские СМИ Речь идет как о вопросах безопасности и поддержке Украины, так и о дальнейшей координации с американской стороной в рамках переговорного процесса. Детали встреч и состав участников пока не разглашаются.",22.09.2026,19:14,MarketTwits,22.09.2026 19:14:23,Украина,,
Возможно,"Сделки инсайдеров Ставропольэнергосбыт (ЕГП): (существенного факта), о котором составлено сообщение: 22.09.2026 - (последнее при наличии) физического лица, которое приобрело право распоряжаться определенным количеством голосов, приходящихся на голосующие акции (доли), составляющие уставный капитал эмитента: Российская Федерация в лице Федерального агентства по управлению государственным имуществом продал акции ЕГП Доля до сущ. факта:184 141 076 шт Доля после сущ. факта:52 562 131 шт #STSB Читать далее 👉 https://smartlab.news/i/205008 мы в max",22.09.2026,19:18,СМАРТЛАБ НОВОСТИ,22.09.2026 19:18:20,,,
Возможно,"Сделки инсайдеров Ставропольэнергосбыт (ЕГП): (существенного факта), о котором составлено сообщение: 22.09.2026 - (последнее при наличии) физического лица, которое приобрело право распоряжаться определенным количеством голосов, приходящихся на голосующие акции (доли), составляющие уставный капитал эмитента: Российская Федерация в лице Федерального агентства по управлению государственным имуществом купил акции ЕГП Доля до сущ. факта:649 595 787 шт Доля после сущ. факта:781 174 732 шт #STSB Читать далее 👉 https://smartlab.news/i/205010 мы в max",22.09.2026,19:19,СМАРТЛАБ НОВОСТИ,22.09.2026 19:19:01,,,
Возможно,22 сентября ЦБ предоставил банкам 7 трлн руб. в рамках операций репо — рекордный объем за все время таких аукционов — Ъ #SBER #VTBR #SVCB #T Читать далее 👉 https://smartlab.news/i/205012 мы в max,22.09.2026,19:31,СМАРТЛАБ НОВОСТИ,22.09.2026 19:31:47,,,
Не важно,"🇺🇸#ии #сша Anthropic выпустил модель Claude Opus 5.5, за которой последуют Sonnet и Haiku 5.5",22.09.2026,19:33,MarketTwits,22.09.2026 19:33:28,,,
Не важно,Соглашение по Гренландии разрешает США модернизировать базу Питуффик и создать две новые — документ Читать далее 👉 https://smartlab.news/i/205013 мы в max,22.09.2026,19:38,СМАРТЛАБ НОВОСТИ,22.09.2026 19:38:16,,,
Не важно,"⬆️🌕#золото #cot #обзор На прошлой неделе глобальные золотые ETF, обеспеченные физическим золотом, привлекли 27,1 тонны золота, что стало третьим по величине недельным притоком с января — данные WGC",22.09.2026,19:45,MarketTwits,22.09.2026 19:45:57,,,
Возможно,🇮🇷#иран #геополитика #трмап ТРАМП: - Иран говорит с нами даже сегодня - думаю заключим сделку - некоторые отношения развиваются с Ираном,22.09.2026,19:49,MarketTwits,22.09.2026 19:49:52,,,
Важно,"🇮🇷🇷🇺#иран #россия #санкции Иран и Россия, несмотря на санкции США против иранских авиакомпаний, продолжат развивать отношения, заявил посол Ирана в Москве Казем Джалали — ПРАЙМ",22.09.2026,20:39,MarketTwits,22.09.2026 20:39:50,Иран,,
Не важно,"🌎#налоги #мир #трамп Трамп во вторник заявил, что, пока он остается президентом США, в мире не будет глобальных налогов.",22.09.2026,20:41,MarketTwits,22.09.2026 20:41:10,,,
Важно,"⚠️🇮🇷#иран #санкции #авиа Иранские авиакомпании приостановили полеты в Азербайджан из-за нового пакета санкций США, сообщает Azerbaijan Airlines",22.09.2026,20:41,MarketTwits,22.09.2026 20:41:53,Иран,,
Не важно,⬆️✴️🇺🇸#BTC #акции Nasdaq 100 и BTC почти братья близнецы — мониторинг,22.09.2026,20:46,MarketTwits,22.09.2026 20:46:01,,,
Не важно,❗️🛢🇺🇸#бензин #сша Бессент: рассматриваем возможность запрета на экспорт дизеля - полный или частичный запрет,22.09.2026,20:51,MarketTwits,22.09.2026 20:51:59,,,
Важно,"🇺🇸🇺🇦#сша #украина #геополитика #оон Трамп на встрече с Зеленским на полях ООН: Путин готов встретиться, чтобы положить конец войне готов провести с Путиным еще одну встречу и Путин, и Зеленский хотят, чтобы война закончилась. Пришло время",22.09.2026,20:53,MarketTwits,22.09.2026 20:53:01,Украина,,
Возможно,❗️🇮🇷#иран #геополитика ТРАМП: делегация США встретилась с делегацией Ирана переговоры прошли очень хорошо продлились 3 часа УИТКОФФ: очень продуктивные переговоры,22.09.2026,20:53,MarketTwits,22.09.2026 20:53:56,,,
Возможно,"💵#трамп #трейдинг Только самые богатые с неограниченным депо трейдеры до сих пор принимают важные торговые решения на болтовне Трампа. Все остальные уже давно вымерли, утверждают эксперты....",22.09.2026,21:07,MarketTwits,22.09.2026 21:07:45,,,
Не важно,"🇺🇸#ии #трамп Трамп дал распоряжение переименовать ИИ в ""СИ"" (Супер-Интеллект) — AXIOS TRUMP ORDERS AI REBRAND AS ""SUPER INTELLIGENCE""",22.09.2026,21:12,MarketTwits,22.09.2026 21:12:18,,,
Возможно,🇬🇧🇪🇺🇷🇺#британия #европа #россия #геополитика #трамп Британии и Европе не грозит война с Россией — Трамп,22.09.2026,21:16,MarketTwits,22.09.2026 21:16:50,,,
Возможно,ФАС предлагает включить расходы сетевых компаний на защиту объектов и персонала в тариф на передачу электроэнергии — Ъ Мера не коснется тарифов для населения #FEES Читать далее 👉 https://smartlab.news/i/205015 мы в max,22.09.2026,21:17,СМАРТЛАБ НОВОСТИ,22.09.2026 21:17:19,,,
Важно,"🕺🇺🇦#украина #геополитика #прогноз ""Надеюсь мы закончим эту войну до зимы и Трамп нам в этом поможет"" — Зеленский",22.09.2026,21:19,MarketTwits,22.09.2026 21:19:49,Украина,,
Не важно,"🇺🇸#ии #сша OpenAI представила модель GPT-6 Sol & Luna, расширяя линейку GPT-6 ——————————— 2 часа назад Anthropic объявил о выпуске модели Claude Opus 5.5, за которой последуют Sonnet и Haiku 5.5 конкуренция дикая",22.09.2026,21:21,MarketTwits,22.09.2026 21:21:41,,,
Возможно,"⚠️🇮🇷#иран #геополитика Иран готов к эскалации в случае агрессии со стороны противника — Fars News Трамп сегодня опять заявил, что среди опций - полное уничтожение Ирана",22.09.2026,21:51,MarketTwits,22.09.2026 21:51:32,,,
Возможно,"Опыт, который считают, а не гадают Финансовый рынок знает немало историй о тех, кто двадцать лет провёл, глядя на графики, но лишь немногие превратили это в системное понимание циклов, а не просто в набор ощущений. Один из таких редких случаев — наш спикер Егор Сусин. Он начинал аналитиком в «Альпари» в 2004 году, а с 2012 года работает в Газпромбанке: сначала был главным экспертом Центра экономического прогнозирования по мировой экономике, с 2016 года руководил Центром разработки стратегий, а с 2021 года занимает пост управляющего директора Газпромбанк Private Banking. Параллельно он ведёт свой канал @truecon, где разбирает макроэкономику, инфляцию и решения ЦБ. 31 октября на конфе Смартлаба Егор выступит с темой «В какую сторону пойдут купоны? Долгосрочная тенденция по ставкам». Промокод CONFMSK сделает билет на 20% дешевле! conf.smart-lab.ru",22.09.2026,21:56,СМАРТЛАБ НОВОСТИ,22.09.2026 21:56:33,,,
Важно,"#Политика Самое важное, что Трамп может сделать – он может организовать трехстороннюю встречу, где все важные вопросы могут быть обсуждены тремя лидерами — Зеленский Я готов встретиться с Путиным в любое время",22.09.2026,22:04,Сигналы РЦБ,22.09.2026 22:04:34,Украина,,
Важно,"#Политика ЗЕЛЕНСКИЙ ЗАЯВИЛ, ЧТО ТРАМП НЕ ПРОСИЛ УКРАИНУ ПРЕКРАТИТЬ АТАКИ НА ЭНЕРГЕТИЧЕСКУЮ ИНФРАСТРУКТУРУ",22.09.2026,22:07,Сигналы РЦБ,22.09.2026 22:07:04,Украина,,
Важно,"⚠️🛢🇺🇦#украина #геополитика #бензин #нефть Украина не будет прекращать удары по российским НПЗ, заводам и энергетическим объектам в одностороннем порядке — Зеленский",22.09.2026,22:09,MarketTwits,22.09.2026 22:09:29,Украина,,
Возможно,❗️🇮🇷#иран #геополитика Трамп: Уиткофф и Кушнер встречались с представителями Ирана. Много хороших идей.,22.09.2026,22:14,MarketTwits,22.09.2026 22:14:09,,,
Возможно,"Условия Ирана для возобновления работы Ормузского пролива включают немедленное снятие морской блокады, немедленную выплату всех замороженных иранских активов и прекращение войны на всех фронтах — IRIB Уиткофф и Кушнер встречались с представителями Ирана. Читать далее 👉 https://smartlab.news/i/205019 мы в max",22.09.2026,22:25,СМАРТЛАБ НОВОСТИ,22.09.2026 22:25:54,,,
Возможно,Администрация Трампа оценивает запрет на экспорт дизеля — CNBC Читать далее 👉 https://smartlab.news/i/205020 мы в max,22.09.2026,22:30,СМАРТЛАБ НОВОСТИ,22.09.2026 22:30:38,,,
Не важно,🇺🇸🇨🇳#ии #сша #китай Цукерберг посетит государственный ужин Трампа и Си Цзиньпина — BBG,22.09.2026,22:30,MarketTwits,22.09.2026 22:30:46,,,
Возможно,"🇺🇸🇮🇷#иран #трамп #геополитика ТРАМП: У Ирана много возможностей для заключения сделки. Думаю, Иран сделает что-то хорошее. Я думаю, Уиткофф и Кушнер доведут это дело до конца. Надеюсь, Иран быстро поступит правильно. Может прийти время, когда будет уже слишком поздно. Возможно, придется взорвать гору Пикакс, если увидим там ядерную активность. Мы думаем, что война может закончиться после промежуточных выборов, а может, и раньше.",22.09.2026,22:33,MarketTwits,22.09.2026 22:33:54,,,
Возможно,⚠️🇮🇷#иран #геополитика Заявления Трампа про Иран на Генеральной Ассамблее ООН являются «инструментом внутренней пропаганды» — заявление ВС Ирана,22.09.2026,22:55,MarketTwits,22.09.2026 22:55:01,,,
Не важно,США и инвесторы из стран Персидского залива поддержали заявку Тодда Боэли на международные активы Лукойла — FT #LKOH Читать далее 👉 https://smartlab.news/i/205022 мы в max,22.09.2026,23:02,СМАРТЛАБ НОВОСТИ,22.09.2026 23:02:11,,,
Не важно,"⚠️🧠#ии #warning Премьер-министр Канады Карни: ИИ развивается быстрее, чем мы успеваем его контролировать",22.09.2026,23:04,MarketTwits,22.09.2026 23:04:47,,,
Не важно,🇺🇸#QCOM Qualcomm выпустил две новые флагманские мобильные платформы,22.09.2026,23:06,MarketTwits,22.09.2026 23:06:04,,,
Не важно,⬆️🇺🇸#INTC = +28% за неделю,22.09.2026,23:06,MarketTwits,22.09.2026 23:06:47,,,
Не важно,"⬆️✴️#XRP #крипто #обзор Активность китов в XRP выросла до максимума за месяц, когда токен вырос на 50% за неделю — данные Santiment",22.09.2026,23:23,MarketTwits,22.09.2026 23:23:55,,,
Не важно,"⬆️🇺🇸#акции #сша Nasdaq 100 опять закрылся на рекордном уровне, как любит Трамп",22.09.2026,23:27,MarketTwits,22.09.2026 23:27:59,,,
Не важно,❗️ВПЕРЕДИ 🛢нефть США - запасы API - 23:30 - 23:40мск (ожид -0.500M / ранее +7.140M),22.09.2026,23:30,MarketTwits,22.09.2026 23:30:02,,,
Не важно,"🇺🇸🇷🇺#LKOH Правительство США и брокеры из стран Персидского залива поддерживают заявку Тодда Боули на приобретение активов «Лукойла» — FT US government and Gulf billionaires back Todd Boehly bid for Lukoil assets ——————————————- вчера сообщалось, что сделка по продаже зарубежного бизнеса «ЛУКОЙЛа» американской инвестгруппе Carlyle за $20 млрд застопорилась",22.09.2026,23:37,MarketTwits,22.09.2026 23:37:48,,,
Не важно,❗️🛢#нефть #отчетность нефть - запасы API: CRUDE = +1.786M (ожид -0.500M / ранее +7.140M),22.09.2026,23:42,MarketTwits,22.09.2026 23:42:35,,,
Не важно,"⬆️✴️#альтсезон #крипто #обзор #прогноз Только четверть всего предложения альткоинов сейчас находится ""в прибыли"". Большинство держателей все еще сидит в убытках. — Glassnode Пики на рынках крипты обычно наблюдаются, когда бОльшая часть предложения криптовалют находится ""в прибыли"". До этого еще далеко. — Glassnode",22.09.2026,23:45,MarketTwits,22.09.2026 23:45:03,,,
Не важно,mt в max 🗓КАЛЕНДАРЬ НА СЕГОДНЯ — 2026.09.23 🇨🇳🇺🇸Си Цзиньпин с госвизитом в США - день 1 🧠Совбез ООН обсудит безопасность ИИ 🌎81-я сессия Генеральной Ассамблеи ООН в Нью-Йорке - день 2 🇯🇵Япония - нет торгов 🇦🇺Австралия - Manufacturing/Services/Composite PMI (сент-предв) - 02:00мск 🇮🇳Индия - Manufacturing/Services/Composite PMI (сент-предв) - 08:00мск 🇩🇪Германия - Manufacturing/Services/Composite PMI (сент-предв) - 10:30мск 🇪🇺Еврозона - Manufacturing/Services/Composite PMI (сент-предв) - 11:00мск 🇬🇧Британия - Manufacturing/Services/Composite PMI (сент-предв) - 11:30мск 🇷🇺минутки с прошлого заседания ЦБР - 16:00мск 🇿🇦ЮАР - ставка ЦБ - 16:00мск 🇺🇸США - Manufacturing/Services/Composite PMI (сент-предв) - 16:45мск 🛢нефть США - запасы EIA - 17:30мск 🇷🇺РФ - промпроизводство (авг) - 19:00мск 🇷🇺РФ - потребинфляция CPI (нед) - 19:00мск 🇷🇺ВОСА по дивидендам: #AQUA #TATN 🇷🇺#YDEX ЯНДЕКС - сд по допэмиссии для целей реализации Программы мотивации 🇷🇺Минфин РФ проведет аукционы по размещению ОФЗ 26249 и 26253 попсовые отчетности: 🇺🇸#GIS General Mills - 14:00мск 🇬🇧#MANU Manchester United - 14:00мск,23.09.2026,6:49,MarketTwits,23.09.2026 6:49:33,,,
Не важно,🌎#markets,23.09.2026,6:57,MarketTwits,23.09.2026 6:57:16,,,
Не важно,🌎#fx USDCNY = 6.70 USDTRUB = 88.10,23.09.2026,6:58,MarketTwits,23.09.2026 6:58:07,,,
Возможно,🚫🛢🇪🇸🇷🇺#спг #россия #испания #европа Испания намерена с 1 января отказаться от российского СПГ — глава МИД,23.09.2026,6:59,MarketTwits,23.09.2026 6:59:10,,,
Важно,"🇷🇺#MVID #отчетность ""М.Видео"" планирует вернуться к устойчивой прибыльности в 2027-2028 гг – Бакальчук",23.09.2026,6:59,MarketTwits,23.09.2026 6:59:35,М.Видео,,
Возможно,🇷🇺#дкп #россия #прогноз ЦБ может снизить ставку до конца 2026 г максимум на 0.5% — Эксперт РА,23.09.2026,7:01,MarketTwits,23.09.2026 7:01:47,,,
Важно,Лавров прилетел в Нью-Йорк. Его встреча с Рубио запланирована на 16:00 мск Читать далее 👉 https://smartlab.news/i/205025 мы в max,23.09.2026,7:03,СМАРТЛАБ НОВОСТИ,23.09.2026 7:03:04,,,
Не важно,⬆️🇷🇺#IMOEX = +0.4% на открытии,23.09.2026,7:03,MarketTwits,23.09.2026 7:03:15,,,
Не важно,"Мосбиржа запустит пары BTC/RUB и BTC/USDx, чтобы связать курс биткоина с рублевым и мировым рынком — РБК #MOEX Читать далее 👉 https://smartlab.news/i/205026 мы в max",23.09.2026,7:06,СМАРТЛАБ НОВОСТИ,23.09.2026 7:06:57,,,
Не важно,"✴️🇷🇺#крипто #торги #россия Мосбиржа готовится к запуску торгов инструментом BTC/RUB, сообщил РБК Инвестициям Сергей Швецов",23.09.2026,7:09,MarketTwits,23.09.2026 7:09:19,,,
Не важно,"✴️🇺🇸#трамп #крипто Теперь и республиканцы начинают призывать провести расследование в отношение семьи Трампа в крипте. Ранее такие запросы поступали только от демократов — Cointelegraph Republican senator calls for probe into US presidents’ sons, citing crypto ventures",23.09.2026,7:12,MarketTwits,23.09.2026 7:12:42,,,
Возможно,Власти обсуждают введение дополнительного сбора с авиапассажиров для финансирования лизинга и эксплуатации новых российских самолетов — Ъ #AFLT Читать далее 👉 https://smartlab.news/i/205027 мы в max,23.09.2026,7:13,СМАРТЛАБ НОВОСТИ,23.09.2026 7:13:57,,,
Не важно,"🇺🇸#AAPL Apple разрабатывает новый фитнес-трекер, который составит конкуренцию Whoop — BBG Apple Developing New Fitness Tracker Aimed at Rivaling Whoop",23.09.2026,7:16,MarketTwits,23.09.2026 7:16:57,,,
Важно,"⚠️🇺🇦#украина #геополитика Россия готовит новую массированную атаку против Украины, — Зеленский",23.09.2026,7:17,MarketTwits,23.09.2026 7:17:32,Украина,,
Возможно,"⚠️🇮🇷#иран #геополитика США направили на Ближний Восток самолёт E-6B Mercury — один из ключевых элементов американской системы стратегического ядерного командования, сообщают иранские СМИ Появление такого самолёта в направлении Ближнего Востока неизбежно привлекает внимание.",23.09.2026,7:18,MarketTwits,23.09.2026 7:18:54,,,
Возможно,🇷🇺#авиа #россия #UNAC Власти прорабатывают возможность введения дополнительного сбора с авиапассажиров для поддержки покупки новых российских самолетов — Ъ,23.09.2026,7:21,MarketTwits,23.09.2026 7:21:00,,,
Возможно,Владислав Бакальчук в интервью Ведомостям: 💻 М.Видео с другими игроками рынка создаст единый протокол для продаж на разных площадках 📈 М.Видео планирует вернуться к устойчивой прибыльности в 2027–2028 гг. ⚠️ Высокий долг остается одним из главных рисков бизнеса 🏬 Полностью отказываться от офлайн-розницы компания не планирует 🔄 Компания постепенно переходит к гибридной системе с агентскими и комиссионными продажами #MVID Читать далее 👉 https://smartlab.news/i/205028 мы в max,23.09.2026,7:21,СМАРТЛАБ НОВОСТИ,23.09.2026 7:21:36,,,
Возможно,"🛢🇮🇷#ормуз #иран США должны принять новый юридический статус Ормузского пролива для осуществления через него судоходства — посол Ирана в РФ Казем Джалали, Ведомости",23.09.2026,7:22,MarketTwits,23.09.2026 7:22:18,,,
Важно,"⚠️🇨🇦🇬🇧🇫🇷#канада #британия #франция #нато #геополитика Канада, Британия и Франция рассматривают возможность слияния своих оборонных программ в рамках подготовки к войне против России — канадский портал CBC",23.09.2026,7:24,MarketTwits,23.09.2026 7:24:40,Украина,,
Не важно,"🇯🇵🇰🇵#япония #кндр #геополитика ПМ Японии Такаити заявила, что готова к диалогу с КНДР ради плодотворных отношений.",23.09.2026,7:26,MarketTwits,23.09.2026 7:26:08,,,
Важно,⚠️🇫🇷🇱🇻#франция #латвия #нато #геополитика Франция и Латвия начнут переговоры об участии в программе ядерного сдерживания — ПМ Латвии Андрис Кулбергс,23.09.2026,7:27,MarketTwits,23.09.2026 7:27:52,Украина,,
Возможно,"🇮🇷🇷🇺#иран #россия #сю #логистика Иран надеется на скорое заключение с РФ договора по ж/д участку МТК Север - Юг — посол Ирана в РФ Казем Джалали, Ведомости",23.09.2026,7:29,MarketTwits,23.09.2026 7:29:50,,,
Не важно,❗️🇦🇺#австралия #экономика #отчетность Австралия (сент-предв) Manufacturing PMI = 49.3 (ранее 52) Services PMI = 51.4 (ранее 53.2) Composite PMI = 50.8 (ранее 52.7),23.09.2026,7:32,MarketTwits,23.09.2026 7:32:01,,,
Важно,"МНЕНИЕ: Ключевая ставка до конца 2026 года может снизиться максимум на 0,5 п.п., а при сохранении рисков остаться неизменной до весны — глава Эксперт РА Марина Чекурова Читать далее 👉 https://smartlab.news/i/205029 мы в max",23.09.2026,7:35,СМАРТЛАБ НОВОСТИ,23.09.2026 7:35:02,ЦБ,,
Возможно,"🇷🇺#депозиты #дкп #россия Банкиры ожидают роста доходности депозитов, так как в ближайшее время ЦБ вряд ли вернется к ускоренному снижению ключевой ставки — Ъ",23.09.2026,7:36,MarketTwits,23.09.2026 7:36:09,,,
Возможно,"Биржевые фонды за два года обогнали открытые по доходности в пять раз — 35,9% против 7,1% — обзор Эксперт РА Читать далее 👉 https://smartlab.news/i/205030 мы в max",23.09.2026,7:40,СМАРТЛАБ НОВОСТИ,23.09.2026 7:40:02,,,
Возможно,"🇷🇺#долг #россия Госдолг РФ в 1п 2026г вырос на 6,8%, до 37,5 трлн рублей. Расходы на его обслуживание составили 1,8 трлн рублей —доклад Счетной палаты",23.09.2026,7:43,MarketTwits,23.09.2026 7:43:32,,,
Не важно,💥✴️#ZEC > $1600,23.09.2026,7:45,MarketTwits,23.09.2026 7:45:05,,,
Не важно,⬆️✴️#BTC #крипто #обзор Сильные притоки в спотовые BTC ETF продолжаются — данные SoSoValue,23.09.2026,7:49,MarketTwits,23.09.2026 7:49:16,,,
Не важно,✴️#крипто #ии #прогноз #макро BlackRock: блокчейны превратятся из спекулятивных инструментов в децентрализованные сети расчетов для ИИ-агентов,23.09.2026,7:50,MarketTwits,23.09.2026 7:50:18,,,
Возможно,Канада и Великобритания могут объединить оборонные программы для финансирования перевооружения союзников на фоне противостояния с Россией и других международных рисков — CBC Читать далее 👉 https://smartlab.news/i/205032 мы в max,23.09.2026,7:53,СМАРТЛАБ НОВОСТИ,23.09.2026 7:53:18,,,
Не важно,"✴️#BTC #крипто #прогноз Из-за созревания в качестве актива и роста ликвидности, CEO CryptoQuant ожидает, что в этом цикле BTC сделает 3-5х вместо 10х+",23.09.2026,7:54,MarketTwits,23.09.2026 7:54:44,,,
Возможно,"🇷🇺#энергетика #бизнес #россия ФАС предложила включить расходы на защиту электросетей в тарифы для бизнеса. Это единственный источник их финансирования в условиях дефицита бюджета, считают эксперты — Ведомости",23.09.2026,7:56,MarketTwits,23.09.2026 7:56:43,,,
Не важно,"🇮🇳🇨🇦🇲🇽#торговля #индия #канада #мексика Моди планирует поездку в Канаду для заключения торгового соглашения, ускоряет торговые переговоры с Мексикой из-за разрушительной политики Трампа — BBG Modi Plans Canada Trip for Trade Deal, Speeds Up Mexico Talks Начало нового раунда переговоров с Канадой ожидается 5 октября",23.09.2026,8:00,MarketTwits,23.09.2026 8:00:23,,,
Возможно,"Недвижимость в Москве за два года обогнала ОПИФы втрое по доходности, но уступила БПИФам и банковским вкладам Читать далее 👉 https://smartlab.news/i/205034 мы в max",23.09.2026,8:01,СМАРТЛАБ НОВОСТИ,23.09.2026 8:01:06,,,
Не важно,❗️🇮🇳#экономика #индия #отчетность Индия (сент-предв) Manufacturing PMI = 55.7 (ранее 52.8) Services PMI = 55.8 (ранее 54.1) Composite PMI = 56.5 (ранее 54.3),23.09.2026,8:03,MarketTwits,23.09.2026 8:03:03,,,
Не важно,"✴️#BTC #крипто #прогноз Бычий рынок в BTC только начинается, но сейчас это мало кто по настоящему осознает и уделяет этому должное внимание — CEO CryptoQuant",23.09.2026,8:07,MarketTwits,23.09.2026 8:07:55,,,
Возможно,Расходы на защиту и восстановление электросетей могут включить в тарифы для промышленных потребителей — Ведомости #FEES Читать далее 👉 https://smartlab.news/i/205035 мы в max,23.09.2026,8:13,СМАРТЛАБ НОВОСТИ,23.09.2026 8:13:53,,,
Возможно,МНЕНИЕ: Главным долгосрочным драйвером рынка тежелых грузовиков в ближайшие 10 лет станет необходимость обновления грузового парка — Ведомости #KMAZ Читать далее 👉 https://smartlab.news/i/205036 мы в max,23.09.2026,8:20,СМАРТЛАБ НОВОСТИ,23.09.2026 8:20:49,,,
Возможно,🚫🛢#ормуз Лишь 3 судна прошли через Ормузский пролив 22 сентября — RTRS,23.09.2026,8:25,MarketTwits,23.09.2026 8:25:22,,,
Не важно,Администрация США изучает возможность полного или частичного запрета на экспорт дизельного топлива — Скотт Бессент Читать далее 👉 https://smartlab.news/i/205037 мы в max,23.09.2026,8:28,СМАРТЛАБ НОВОСТИ,23.09.2026 8:28:23,,,
Не важно,"✴️#SOL #крипто #обновление Solana начинает тестировать обновление Alpenglow - разработчики протестируют сокращение времени подтверждения транзакций с 13 до 0,15 секунды",23.09.2026,8:30,MarketTwits,23.09.2026 8:30:03,,,
Возможно,Банки могут получить новое основание для блокировки счетов из-за проверки частичных совпадений данных клиентов — Известия Читать далее 👉 https://smartlab.news/i/205038 мы в max,23.09.2026,8:31,СМАРТЛАБ НОВОСТИ,23.09.2026 8:31:58,,,
Не важно,"🇬🇧🇪🇺#британия #европа #макро ПМ Британии Энди Бернем допустил, что вопрос о возвращении Британии в Евросоюз может появиться в программе лейбористов на следующих выборах — The Telegraph ——————————- Ранее Король Чарльз заявил, что правительство Британии примет закон об укреплении связей с ЕС. Стармер назвал новым курсом Британии восстановление связей с ЕС, а Мэр Лондона призвал Британию вернуться обратно в Евросоюз",23.09.2026,8:34,MarketTwits,23.09.2026 8:34:00,,,
Не важно,✴️🇺🇸#LINK #INFY Chainlink заключил партнерство с Infosys,23.09.2026,8:35,MarketTwits,23.09.2026 8:35:56,,,
Возможно,"🇷🇺#MVID #интервью М.ВИДЕО строит отличную от Ozon, Wildberries и «Яндекс маркет» модель – открытую платформу по примеру китайских решений. На ней будет много независимых витрин, объединенных едиными технологическими стандартами. Компания планирует вернуться к устойчивой прибыльности в 2027-2028 гг. Высокая долговая нагрузка остается одним из главных вызовов. — Бакальчук, интервью Ведомости",23.09.2026,8:42,MarketTwits,23.09.2026 8:42:01,,,
Возможно,"Испания намерена ввести запрет на поставки российского СПГ с 1 января 2027 года, несмотря на действующие контракты — МИД Испании #NVTK Читать далее 👉 https://smartlab.news/i/205039 мы в max",23.09.2026,8:45,СМАРТЛАБ НОВОСТИ,23.09.2026 8:45:31,,,
Возможно,"🇨🇳#уголь #китай #прогноз Дефицит коксующегося угля в Китае сохранится минимум до 2027г. Это будет поддерживать высокий спрос на импорт — BBG China’s Coking Coal Supply Squeeze Seen Lingering Into 2027 основные поставщики - Австралия, Монголия, Россия Россия увеличила в августе экспорт угля на основной зарубежный рынок — КНР — Ъ",23.09.2026,8:48,MarketTwits,23.09.2026 8:48:01,,,
Не важно,"🇺🇸#ии #сша Главой ""ИИ войск"" США может стать министр финансов Бессент — RTRS",23.09.2026,8:49,MarketTwits,23.09.2026 8:49:06,,,
Возможно,"Россия нарастила экспорт угля в Китай в августе на 13,4% г/г, до 9,2 млн тонн, но уступила Монголии из-за дорогой логистики и пошлин #MTLR #RASP Читать далее 👉 https://smartlab.news/i/205040 мы в max",23.09.2026,8:50,СМАРТЛАБ НОВОСТИ,23.09.2026 8:50:06,,,
Возможно,"🛢#нефть #логистика Из-за рисков транспортировки через ближневосточные проливы стоимость аренды нефтяного супертанкера на маршрутах между Ближним Востоком и остальной Азией впервые превысила $1,2 млн в сутки — FT",23.09.2026,8:50,MarketTwits,23.09.2026 8:50:54,,,
Не важно,"🛢🇰🇿#казахстан #нефть #газ Казахстан выставит на аукцион 56 нефтегазовых участков, сообщило Минэнерго ""На предстоящий декабрьский аукцион выставляются 56 участков недр из 112 - они расположены в различных регионах Казахстана""",23.09.2026,8:56,MarketTwits,23.09.2026 8:56:09,,,
Возможно,"⚠️🇷🇺#недвижимость #россия Продажи новостроек в Москве в августе упали до минимума ковидного периода — ПРАЙМ При этом относительно июля 2026 года объемы продаж новостроек в физическом отношении сократились в августе на 21,4%, а относительно аналогичного периода 2025 года – на 45,2%. но цены все равно растут",23.09.2026,8:58,MarketTwits,23.09.2026 8:58:27,,,
Не важно,"🔔 Доброе утро! Сегодня 23.09 ожидаем следующие события: 🇷🇺 Инарктика (Русская Аквакультура): ВОСА по дивидендам, рекомендация 10 руб./акция 🇷🇺 Татнефть: ВОСА по дивидендам за 1 полугодие 2026 года в размере 32,88 руб/акция 🇷🇺 резюме обсуждения ключевой ставки 🇷🇺 XXIII Международный банковский форум 🇷🇺 Встреча Лаврова и Рубио в Нью-Йорке 📆 Полный календарь тут: https://smart-lab.ru/calendar/stocks/ ✊Удачных инвестиций!",23.09.2026,9:00,СМАРТЛАБ НОВОСТИ,23.09.2026 9:00:04,,,
Возможно,"Продажи новостроек в миллионниках за 8М 2026 года снизились на 9,7% г/г, хотя спрос вырос в большинстве городов — Москва тянет рынок вниз — РБК Недвижимость Читать далее 👉 https://smartlab.news/i/205044 мы в max",23.09.2026,9:02,СМАРТЛАБ НОВОСТИ,23.09.2026 9:02:05,,,
Не важно,🇺🇸#QCOM #ии Qualcomm анонсировал новейшие ИИ-чипсеты для Android-смартфонов под названием Snapdragon 8 Elite Gen 6. Компания позиционирует телефоны на своих топовых чипах как «ИИ-хабы»,23.09.2026,9:02,MarketTwits,23.09.2026 9:02:38,,,
Важно,"⚠️🇷🇺#бюджет #россия Дефицит федерального бюджета РФ за 1п 2026г составил 5,85 триллиона рублей при утвержденном дефиците 3,786 триллиона рублей на конец 2026 г — отчет Счетной палаты",23.09.2026,9:07,MarketTwits,23.09.2026 9:07:36,ЦБ,,
Возможно,"Продажи новостроек в Москве в августе упали на 45,2% г/г и достигли минимума с мая 2020 года — данные bnMAP.рro Читать далее 👉 https://smartlab.news/i/205045 мы в max",23.09.2026,9:09,СМАРТЛАБ НОВОСТИ,23.09.2026 9:09:38,,,
Не важно,"🇧🇷🇷🇺#fx #бразилия #россия #дедолларизация Бразилия считает приоритетом расширение использования нацвалют - российского рубля и бразильского реала - в двусторонней торговле — посол республики в Москве Сержио Родригес дос Сантос, ИЗВЕСТИЯ",23.09.2026,9:09,MarketTwits,23.09.2026 9:09:44,,,
Возможно,"Число закрытых автодилеров за 8М 2026 года превысило открытия на 41%, рынок идет к дальнейшей консолидации — Известия Читать далее 👉 https://smartlab.news/i/205046 мы в max",23.09.2026,9:12,СМАРТЛАБ НОВОСТИ,23.09.2026 9:12:24,,,
Не важно,🔥🇺🇸#DIS Disney+ утвердила перезапуск мультсериала «Черный плащ» спустя 35 лет старперы максимальный репост!,23.09.2026,9:13,MarketTwits,23.09.2026 9:13:42,,,
Возможно,"Дефицит бюджета за I полугодие достиг ₽5,8 трлн, что в 1,5 раза больше утвержденного дефицита на весь год в размере ₽3,8 трлн — доклад Счетной палаты Читать далее 👉 https://smartlab.news/i/205047 мы в max",23.09.2026,9:19,СМАРТЛАБ НОВОСТИ,23.09.2026 9:19:11,,,
Не важно,"🛢🇨🇳#нефть #китай В ближайшие месяцы импорт нефти Китаем, скорее всего, останется на низком уровне, если цены на нефть не снизятся — Goldman",23.09.2026,9:20,MarketTwits,23.09.2026 9:20:32,,,
Не важно,💥🇺🇸#INTC #ии Акции Intel выросли на 25% за пять дней благодаря спросу на процессоры для ИИ — гендиректор,23.09.2026,9:24,MarketTwits,23.09.2026 9:24:07,,,
Не важно,"🛢🇪🇺#газ #европа Запасы газа в подземных хранилищах Европы превысили отметку 70% — данные Gas Infrastructure Europe (GIE) Это все еще на 15% ниже, чем средний показатель на эту дату за последние 5 лет.",23.09.2026,9:25,MarketTwits,23.09.2026 9:25:59,,,
Не важно,"🇯🇵#ии #япония #цод Совокупная мощность дата-центров для ИИ в Японии вырастет в 4,5 раза к началу 2030-х - до 4,9 ГВт — NIKKEI",23.09.2026,9:27,MarketTwits,23.09.2026 9:27:22,,,
Не важно,"⬆️🛢🇪🇺#топливо #европа Водители в Европе теперь платят за дизель на 40% больше, чем в начале года — FT",23.09.2026,9:28,MarketTwits,23.09.2026 9:28:40,,,
Важно,"⚠️🇪🇺#европа #нато #впк #геополитика #макро Евросоюз планирует мобилизовать около €800 млрд на перевооружение до 2030 г Кредиторами перевооружения фактически становятся банки, пенсионные, страховые и инвестиционные фонды, а также частные инвесторы, покупающие государственные и общеевропейские облигации. Получателями растущего денежного потока становятся оборонные компании и их поставщики. — Известия",23.09.2026,9:33,MarketTwits,23.09.2026 9:33:58,Украина,,
Возможно,"Продажи вторичного жилья в Москве в августе снизились на 13,2% г/г, а заметного восстановления рынка до конца года не ждут — Ведомости Читать далее 👉 https://smartlab.news/i/205048 мы в max",23.09.2026,9:36,СМАРТЛАБ НОВОСТИ,23.09.2026 9:36:18,,,
Возможно,"#Макро Госдолг России за первое полугодие 2026 года вырос на 6,8%, до 37,5 трлн рублей. Расходы на его обслуживание составили 1,8 трлн рублей, следует из оперативного доклада Счетной палаты об исполнении федерального бюджета. Доходы федерального бюджета за январь—июнь достигли 18,5 трлн рублей, увеличившись на 11,9% год к году. Нефтегазовые поступления снизились на 18,2%, до 3,5 трлн рублей, тогда как ненефтегазовые выросли на 22,6%, до 15 трлн рублей. Кассовое исполнение расходов составило 24,4 трлн рублей. По итогам первого полугодия федеральный бюджет исполнен с дефицитом 5,8 трлн рублей. В Счетной палате также отметили рост исполнения расходов на закупки для государственных нужд — с 54,4% в январе—июне 2025 года до 71,8% за аналогичный период 2026 года, а на капитальные вложения — с 33,9% до 46,2%.",23.09.2026,9:41,Сигналы РЦБ,23.09.2026 9:41:32,,,
Не важно,"🇦🇲🇺🇸#армения #сша #логистика #мт С запуском проекта TRIPP (""Маршрут Трампа"", Trump Route for International Peace and Prosperity) начнется новая эпоха для Армении и ее экономики — Пашинян *TRIPP предполагает строительство автомобильной, железнодорожной и нефтегазовой инфраструктуры и должен связать основную территорию Азербайджана с Нахичеванской автономной республикой через территорию Армении по дороге протяженностью 42 км, и далее - с Турцией.",23.09.2026,9:42,MarketTwits,23.09.2026 9:42:34,,,
Не важно,"#MOEX Мосбиржа готовится запустить торги парами биткоин/рубль и биткоин/квазидоллар, сообщил «РБК Инвестициям» глава наблюдательного совета торговой площадки Сергей Швецов Под квазидолларом топ-менеджер понимает инструмент USDRUB_TOM, который также называют «аналогом» доллара или «синтетическим долларом» (USDx/RUB).",23.09.2026,9:43,Сигналы РЦБ,23.09.2026 9:43:21,,,
Возможно,"#Политика Иран готов возобновить судоходство через Ормузский пролив в течение семи дней, если США ослабят военное давление и снимут блокаду с иранских портов. Об этом Reuters сообщил высокопоставленный иранский чиновник.",23.09.2026,9:45,Сигналы РЦБ,23.09.2026 9:45:14,,,
Возможно,Все российские регионы сформировали нормативные запасы топлива к предстоящему отопительному сезону — министр строительства и ЖКХ РФ Читать далее 👉 https://smartlab.news/i/205049 мы в max,23.09.2026,9:47,СМАРТЛАБ НОВОСТИ,23.09.2026 9:47:07,,,
Возможно,"Запасы газа в Европе превысили 70%, но остаются минимальными для сентября за всю историю наблюдений #GAZP Читать далее 👉 https://smartlab.news/i/205050 мы в max",23.09.2026,9:47,СМАРТЛАБ НОВОСТИ,23.09.2026 9:47:50,,,
Не важно,"🛢🇺🇸#спг #сша #азия #европа США второй месяц подряд экспортируют в Азию СПГ больше, чем в Европу — данные Минэнерго США, ТАСС",23.09.2026,9:49,MarketTwits,23.09.2026 9:49:58,,,
Не важно,🇷🇺🇨🇳#fx #россия #CNY Юань опередил евро в валютных предпочтениях инвесторов и контрагентов в России — исследование Банки ру,23.09.2026,9:51,MarketTwits,23.09.2026 9:51:50,,,
Не важно,МНЕНИЕ: Рост доходностей госдолга США усиливает давление на бюджеты Европы и повышает риск нового долгового кризиса — РБК Читать далее 👉 https://smartlab.news/i/205051 мы в max,23.09.2026,9:55,СМАРТЛАБ НОВОСТИ,23.09.2026 9:55:46,,,
Важно,🚫✴️🇺🇦#крипто #украина Binance прекратит ввод и вывод средств в гривне через Fiat Trade UAH и исключит из листинга спотовую торговую пару USDT/UAH,23.09.2026,10:01,MarketTwits,23.09.2026 10:01:46,Украина,,
Возможно,"#Авиа🇷🇺 Покупку отечественных самолетов могут поддержать за счет пассажиров Власти прорабатывают возможность введения дополнительного сбора с авиапассажиров для компенсации стоимости лизинга и эксплуатации новых российских самолетов, выяснил “Ъ”. Размер платежа оценивается в пределах 500 руб. за внутренний рейс и 1 тыс.— за международный. При текущем пассажиропотоке это позволит собрать 200–250 млрд руб. в 2027–2030 годах, после чего потребность в платеже может отпасть по мере удешевления самолетов.",23.09.2026,10:03,Сигналы РЦБ,23.09.2026 10:03:08,,,
Возможно,"Альфа Дон Транс допустил техдефолт по выплате 12-го купона по облигациям серии 001P-01, а также по погашению части номинальной стоимости облигаций Читать далее 👉 https://smartlab.news/i/205052 мы в max",23.09.2026,10:03,СМАРТЛАБ НОВОСТИ,23.09.2026 10:03:29,,,
Возможно,"❗️🛢#нефть #cot #обзор Опционщики рекордными темпами наращивают ставки на падение цен на нефть — BBG Oil Traders Bet on Price Drop at Record Pace as Disruptions Ease Во вторник объем в опционах пут на Brent превысил примерно 764 000 контрактов — рекордный показатель, согласно предварительным данным ICE Futures Europe.",23.09.2026,10:05,MarketTwits,23.09.2026 10:05:34,,,
Возможно,"❗️🇷🇺#уголь #россия #поддержка ВЛАСТИ РФ ПЛАНИРУЮ ОКАЗЫВАТЬ ПОДДЕРЖКУ ОРГАНИЗАЦИЯМ УГОЛЬНОЙ ПРОМЫШЛЕННОСТИ ДО 2030 Г., ОСУЩЕСТВЛЯТЬ ДИВЕРСИФИКАЦИЮ УГОЛЬНОГО ПРОИЗВОДСТВА — КАБМИН, ТАСС Правительство утвердило актуализированную программу развития угольной промышленности России до 2050 года релиз",23.09.2026,10:06,MarketTwits,23.09.2026 10:06:46,,,
Возможно,"Правительство утвердило актуализированную программу развития угольной промышленности России до 2050 года, планирует оказывать господдержку компаниям угольной отрасли #MTLR #RASP - Объём добычи угля в нашей стране к 2050 году может вырасти до 662 млн т - Наша страна находится в числе мировых лидеров по разведанным запасам угля (более 273 млрд т) - В ближайшей перспективе в России появятся новые потребители угольной продукции - Программа предполагает как поддержание действующих мощностей угледобычи, так и создание условий для формирования новой сырьевой базы. Читать далее 👉 https://smartlab.news/i/205053 мы в max",23.09.2026,10:10,СМАРТЛАБ НОВОСТИ,23.09.2026 10:10:17,,,
Возможно,МНЕНИЕ: Аналитики Цифра брокер считают ЛУКОЙЛ наиболее предпочтительной бумагой нефтегазового сектора #LKOH Читать далее 👉 https://smartlab.news/i/205054 мы в max,23.09.2026,10:14,СМАРТЛАБ НОВОСТИ,23.09.2026 10:14:36,,,
Важно,"🚫🛢🇺🇦🇷🇺#топливо #украина #россия #геополитика ""Мы с Трампом обсуждали по телефону тему дизельного топлива. Я сказал: «Послушайте, наша жизнь важнее, чем цены на энергоносители» — Зеленский в интервью WSJ",23.09.2026,10:19,MarketTwits,23.09.2026 10:19:36,Украина,,
Не важно,"⚠️🧠#ии #warning #опрос Около 50% американцев допускают, что ИИ уничтожит человечество — опрос Politico",23.09.2026,10:21,MarketTwits,23.09.2026 10:21:51,,,
Возможно,📈Акции Озона растут на 3% в противовес всему рынку и близки к закрытию августовского гэпа #OZON Читать далее 👉 https://smartlab.news/i/205055 мы в max,23.09.2026,10:22,СМАРТЛАБ НОВОСТИ,23.09.2026 10:22:13,,,
Не важно,❗️🇮🇩#индонезия #цб #дкп Индонезия - ставка ЦБ = 5.75% (ожид 5.75% / ранее 5.75%),23.09.2026,10:23,MarketTwits,23.09.2026 10:23:38,,,
Возможно,"#Уголь Россия уступила Монголии второе место по экспорту угля в КНР в августе — Коммерсантъ Россия увеличила в августе экспорт угля на основной зарубежный рынок — КНР, но уступила второе место по поставкам Монголии. Отгрузки из этой страны поддерживают более дешевая логистика и нулевые пошлины. У российских же угольщиков, отмечают аналитики, уже нет потенциала для снижения цен ради увеличения доли.",23.09.2026,10:24,Сигналы РЦБ,23.09.2026 10:24:12,,,
Важно,❗️🇦🇿#азербайджан #дкп #цб Азербайджан - ставка ЦБ = 6.5% (ранее 6.5%),23.09.2026,10:30,MarketTwits,23.09.2026 10:30:05,ЦБ,,
Не важно,❗️🇩🇪#германия #экономика #отчетность Германия (сент-предв) Composite PMI = 53.8 (ранее 51.8) Manufacturing PMI = 53.8 (ранее 54.3) Services PMI = 52.9 (ранее 49.7),23.09.2026,10:30,MarketTwits,23.09.2026 10:30:31,,,
Важно,"Зеленский в разговоре с Трампом: Возможно, для кого-то цены на дизель важны, но для нас важнее наши жизни Читать далее 👉 https://smartlab.news/i/205056 мы в max",23.09.2026,10:30,СМАРТЛАБ НОВОСТИ,23.09.2026 10:30:35,Украина,,
Не важно,"⬆️✴️#крипто #обзор Открытый в криптофьючерсах на бирже Hyperliquid достиг рекордных $18 млрд все больше трейдеров приходят на рынок, чтобы стать сказочно-богатыми, торгуя с плечом от 50 до 100х #HYPE",23.09.2026,10:33,MarketTwits,23.09.2026 10:33:38,,,
Возможно,Доля годовых вкладов на Финуслугах за год выросла с 3% до 11% — платформа Доля вкладов до 6 мес — снизилась с 96% до 89% Вклады сроком на 3 мес — рост с 61% до 69% Читать далее 👉 https://smartlab.news/i/205057 мы в max,23.09.2026,10:37,СМАРТЛАБ НОВОСТИ,23.09.2026 10:37:44,,,
Важно,"#Макро Всего пять российских регионов дают половину всех налоговых поступлений в консолидированный бюджет РФ — Коммерсантъ Это Москва, Ханты-Мансийский и Ямало-Ненецкий автономные округа, Московская область и Санкт-Петербург — АКРА. Лидер с большим отрывом — Москва. В 2025 году на столицу пришлось 10,7 трлн руб. поступлений с ростом к предыдущему году сразу на 28% и долей в 23,6% в консолидированном бюджете РФ. Такие темпы роста Москве обеспечили рекордные прибыли финансового сектора, рост торговли и IT-сферы.",23.09.2026,10:40,Сигналы РЦБ,23.09.2026 10:40:19,ЦБ,,
Возможно,"Стоимость фрахта нефтяного супертанкера впервые превысила $1,2 млн в день на маршруте между Ближним Востоком и Азией — FT #FLOT Читать далее 👉 https://smartlab.news/i/205059 мы в max",23.09.2026,10:48,СМАРТЛАБ НОВОСТИ,23.09.2026 10:48:57,,,
Не важно,"❗️🇺🇸#акции #облигации #сша #обзор Корреляция между SP500 и доходностями 10 леток США обновила антирекорд в этом столетии Трамп у руля, акции растут, несмотря на опасно сильный рост доходностей",23.09.2026,10:50,MarketTwits,23.09.2026 10:50:04,,,
Не важно,"#LKOH Консорциум Тодда Боэли с участием американского госагентства и инвесторов из ОАЭ и Катара намерен опередить Carlyle в сделке по активам ЛУКОЙЛа, пишет FT. Одновременно власти США должны одобрить продажу активов. Предложение консорциума находится на продвинутой стадии, однако окончательной договоренности с ЛУКОЙЛом пока нет. Другие претенденты на весь портфель или отдельные активы отказались от участия в процессе, сообщил один из источников. Стоимость продаваемого зарубежного бизнеса FT оценивает примерно в $20 млрд. Если что, это почти половина текущей капитализации Лукойла. Получается, главный бенефициар мира?",23.09.2026,10:53,Сигналы РЦБ,23.09.2026 10:53:18,,,
Возможно,Международный химический гигант Ineos приостанавливает работу всех трех своих химических заводов в Халле в Великобритании из-за высоких цена на газ — компания Читать далее 👉 https://smartlab.news/i/205060 мы в max,23.09.2026,10:58,СМАРТЛАБ НОВОСТИ,23.09.2026 10:58:03,,,
Не важно,❗️🇪🇺#европа #экономика #отчетность Еврозона (сент-предв) Composite PMI = 53.1 (ранее 52) Manufacturing PMI = 52.7 (ранее 52.7) Services PMI = 53 (ранее 51.6),23.09.2026,11:00,MarketTwits,23.09.2026 11:00:34,,,
Не важно,МНЕНИЕ: Предпосылок для смены направления индекса RGBI в ближайшем будущем не предвидится — Солид Инвестиций Читать далее 👉 https://smartlab.news/i/205061 мы в max,23.09.2026,11:01,СМАРТЛАБ НОВОСТИ,23.09.2026 11:01:50,,,
Не важно,"🌎#экономика #мир #прогноз По прогнозам ОЭСР, в 2026 году мировой ВВП вырастет на 2,9% (по сравнению с 2,8% прогнозируемых в июне), в 2027 году — на 3% (по сравнению с 3,1%). в 2026 году рост ВВП Китая составит 4,5% (без изменений), в 2027 году — 4,2% (против 4,3%) ОЭСР прогнозирует рост ВВП еврозоны в 2026 году на 1,0% (по сравнению с 0,8% в июне), в 2027 году — на 1,0% (по сравнению с 1,2%) ОЭСР прогнозирует рост ВВП США на 2,2% в 2026 году и на 2,1% в 2027 году по сравнению с предыдущими прогнозами в 2% и 1,8%. ОЭСР повысила прогноз роста ВВП Индии на 2026 год до 7,1% с 6,3%. в 2026 году рост ВВП Британии составит 1,1% (по сравнению с 0,9% в июне), в 2027 году — 1,0% (по сравнению с 1,1%).",23.09.2026,11:03,MarketTwits,23.09.2026 11:03:20,,,
Возможно,"Ozon разработал дополнительные меры поддержки для продавцов — компания #OZON Предприниматели, которые будут делать поставки товаров в логистические центры маркетплейса с 22 сентября и до конца года, смогут бесплатно размещать свои товары 365 дней, для крупногабаритных товаров срок составит 40 дней. Читать далее 👉 https://smartlab.news/i/205062 мы в max",23.09.2026,11:07,СМАРТЛАБ НОВОСТИ,23.09.2026 11:07:14,,,
Возможно,"🌎#дкп #мир #прогноз ОЭСР ожидает, что Банк Японии повысит ключевую ставку до 2% к концу 2027 года Банк Англии сохранит ставки на прежнем уровне в течение большей части 2027 года, при этом следующим шагом может стать снижение ставки ОЭСР ожидает, что ФРС и ЕЦБ повысят ставки ещё один раз в этом году, а затем сохранят их на прежнем уровне до 2027 года.",23.09.2026,11:08,MarketTwits,23.09.2026 11:08:26,,,
Возможно,"Суд Вены обязал Rasperia Trading Limited выплатить €3,15 млрд по иску Raiffeisen Bank International AG (RBI) и его российской дочки #RUAL Читать далее 👉 https://smartlab.news/i/205063 мы в max",23.09.2026,11:12,СМАРТЛАБ НОВОСТИ,23.09.2026 11:12:54,,,
Возможно,"🌎#экономика #мир #прогноз Обновленные прогнозы ОЭСР по мировой экономике, инфляции, ДКП релиз",23.09.2026,11:13,MarketTwits,23.09.2026 11:13:38,,,
Возможно,"Брусника исполнила обязательства по амортизации выпуска 002P-02 Компания перечислила в НРД 1,9 млрд руб. Читать далее 👉 https://smartlab.news/i/205064 мы в max",23.09.2026,11:15,СМАРТЛАБ НОВОСТИ,23.09.2026 11:15:46,,,
Не важно,"⚠️🧠#ии #пузыри #warning ОЭСР тоже предупреждает: Ожидания в отношении инвестиций в ИИ могут не оправдаться Запланированные капитальные расходы крупных технологических компаний и компаний, занимающихся облачными вычислениями, продолжают стремительно расти. Текущие инвестиционные планы предполагают получение значительной прибыли в будущем, особенно производителями полупроводников. обзор",23.09.2026,11:16,MarketTwits,23.09.2026 11:16:10,,,
Не важно,"⚠️🌎#дкп #мир #инфляция Мировым ЦБ могут понадобится дополнительные повышения ставок, если инфляция продолжит ускоряться из-за роста цен на энергоносители — ОЭСР",23.09.2026,11:18,MarketTwits,23.09.2026 11:18:54,,,
Не важно,⬆️🇷🇺#акции #россия IMOEX бодр и силен с утра — мониторинг вчера был выход вверх из трехдневной консолидации,23.09.2026,11:22,MarketTwits,23.09.2026 11:22:16,,,
Важно,Цены на жилье в 2026 году растут в пределах инфляции - на 6-7% — президент Российской гильдии риелторов Ирина Зырянова #SMLT Читать далее 👉 https://smartlab.news/i/205065 мы в max,23.09.2026,11:24,СМАРТЛАБ НОВОСТИ,23.09.2026 11:24:23,Самолет,,
Не важно,"#Макро Мировым ЦБ могут понадобиться дополнительные повышения ставок, если инфляция продолжит ускоряться из-за роста цен на энергоносители — ОЭСР",23.09.2026,11:25,Сигналы РЦБ,23.09.2026 11:25:59,,,
Не важно,Медь - это новое золото — Кирилл Дмитриев #GMKN Читать далее 👉 https://smartlab.news/i/205066 мы в max,23.09.2026,11:26,СМАРТЛАБ НОВОСТИ,23.09.2026 11:26:16,,,
Не важно,❗️🇬🇧#британия #экономика #отчетность Британия (сент-предв) Composite PMI = 51.7 (ранее 52.5) Manufacturing PMI = 52 (ранее 51.7) Services PMI = 51.7 (ранее 52.5),23.09.2026,11:30,MarketTwits,23.09.2026 11:30:16,,,
Возможно,"Денежная масса за год с 1 августа 2025 года выросла на 13%, а объем наличных в обращении - на 20% — гендиректор ""Эксперт РА"" Марина Чекурова #SBER ""Мы не фиксируем рисков для экономики и финансового сектора в связи с чуть более быстрым ростом наличных, чем денежной массы в целом. Речь не идет о переводе денег в наличную форму из депозитов. Скорее, можно говорить о снятии процентов по вкладам вместо прежней капитализации», — сообщила Чекурова. Читать далее 👉 https://smartlab.news/i/205067 мы в max",23.09.2026,11:31,СМАРТЛАБ НОВОСТИ,23.09.2026 11:31:43,,,
Не важно,✴️🇦🇹#банки #крипто Райффайзен запускает торги криптой через партнерство с Bitpanda,23.09.2026,11:33,MarketTwits,23.09.2026 11:33:35,,,
Возможно,"#OZON Ozon ввел новые меры поддержки для продавцов. Предприниматели, которые будут делать поставки товаров в логистические центры маркетплейса до конца 2026 года, смогут бесплатно размещать свои товары 365 дней, для крупногабаритных товаров срок составит 40 дней. Также с 5 октября и до конца декабря продавцы одежды, обуви и части аксессуаров с активным полисом страхования от рисков БПЛА будут получать от Ozon бонусную выплату, равную их затратам на оплату страхового полиса.",23.09.2026,11:40,Сигналы РЦБ,23.09.2026 11:40:40,,,
Возможно,"Госдолг РФ в 1п 2026 г. увеличился на 2,4 трлн руб (на 6,8%) до 37,5 трлн руб, расходы на его обслуживание составили 1,8 трлн руб — Счетная палата Читать далее 👉 https://smartlab.news/i/205069 мы в max",23.09.2026,11:42,СМАРТЛАБ НОВОСТИ,23.09.2026 11:42:01,,,
Возможно,"План по вводу жилья в РФ в 100 млн кв м в этом году будет выполнен, хотя в ряде регионов есть сложности — министр строительства и ЖКХ Ирек Файзуллин #SMLT #LSRG Читать далее 👉 https://smartlab.news/i/205070 мы в max",23.09.2026,11:48,СМАРТЛАБ НОВОСТИ,23.09.2026 11:48:12,,,
Возможно,ПКФ (ПК Фабрикс) допустил дефолт по выплате 7-го купона по облигациям серии 001Р-01 - Есть необходимость пересмотра условий выплат купонного дохода по облигациям владельцам облигаций - ПКФ в настоящее время проводит переговоры со своим залоговым кредитором ПАО Сбербанк о реструктуризации задолженности - Сбербанк сможет реализовать свое право дефолта. ПКФ» настроен на мирное досудебное урегулирование ситуации. Читать далее 👉 https://smartlab.news/i/205075 мы в max,23.09.2026,12:11,СМАРТЛАБ НОВОСТИ,23.09.2026 12:11:55,,,
Возможно,"МНЕНИЕ: Аналитики Ренессанс Капитала сохраняют оценку потенциального роста российской экономики на 1,5% в год. Причина — структурный дефицит кадров, который остается ограничением несмотря на снижение напряженности на рынке труда. Читать далее 👉 https://smartlab.news/i/205076 мы в max",23.09.2026,12:14,СМАРТЛАБ НОВОСТИ,23.09.2026 12:14:49,,,
Важно,⬇️🇷🇺#акции #россия Такого Ассоль от Пескова не ожидала... — мониторинг,23.09.2026,12:21,MarketTwits,23.09.2026 12:21:22,,,
Не важно,🇷🇺#fx #россия 86.80 87.15 99.50 100.30 проверить курсы,23.09.2026,12:25,MarketTwits,23.09.2026 12:25:03,,,
Важно,"Всего 5 российских регионов дают половину всех налоговых поступлений в консолидированный бюджет РФ, что обусловлено наличием в них головных офисов и активов банков и нефтегазовых компаний — Эксперт РА Читать далее 👉 https://smartlab.news/i/205079 мы в max",23.09.2026,12:30,СМАРТЛАБ НОВОСТИ,23.09.2026 12:30:10,ЦБ,,
Важно,МНЕНИЕ: Новый американский закон о санкциях не повлияет на закупки Индией российской нефти — Индийский эксперт-американист Арвинд Кумар #LKOH #SIBN Читать далее 👉 https://smartlab.news/i/205083 мы в max,23.09.2026,12:35,СМАРТЛАБ НОВОСТИ,23.09.2026 12:35:54,"Лукойл, Газпром нефть",,
Возможно,Темпы роста интернет-продаж лекарств в России заметно замедлились — Ъ #OZPH #PRMD Читать далее 👉 https://smartlab.news/i/205084 мы в max,23.09.2026,12:39,СМАРТЛАБ НОВОСТИ,23.09.2026 12:39:02,,,
Возможно,"⚠️🇮🇷#иран #геополитика Глава МИД Ирана Арагчи подвергается жесткой критике в Иране за вчерашние переговоры с представителями США. В госСМИ Ирана сегодня вышло много статей с критикой. —- мониторинг ———————————- Вчера западные СМИ со ссылкой на представителя Ирана (скорее всего Арагчи) сообщали, что Иран готов быстро открыть Ормуз, если США пойдут на ""некоторые уступки"". Затем, через приближенную к КСИР FARS вышло опровержение. Такое происходит часто. Сторонники ""мягкой линии"" в Иране говорят западным СМИ одно, потом сторонники ""жесткой линии"" КСИР все опровергают. Трамп сходит с ума, заявляя, что в Иране полный бардак с руководством и не понятно, кто управляет страной. Фактическая власть в Иране сейчас остается за КСИР, говорят эксперты. КСИР выступает за тотальную войну против США и Израиля до тех пор, пока те не возместят убытки и не уберутся из региона.",23.09.2026,12:39,MarketTwits,23.09.2026 12:39:45,,,
Возможно,"💥🇷🇺#POSI АКРА ПОВЫСИЛО КРЕДИТНЫЙ РЕЙТИНГ ПАО «ГРУППА ПОЗИТИВ» ДО УРОВНЯ AA(RU), ИЗМЕНИВ ПРОГНОЗ НА «СТАБИЛЬНЫЙ»",23.09.2026,12:43,MarketTwits,23.09.2026 12:43:10,,,
Возможно,💥🛢🇷🇺#ROSN «Восток Ойл» наращивает экспорт нефти — BBG,23.09.2026,12:45,MarketTwits,23.09.2026 12:45:06,,,
Не важно,"США в июле экспортировали 14,7 млрд куб. м СПГ (-0,4% м/м, +18,7% г/г). Азия второй месяц подряд немного опережает Европу по объёмам закупок американского газа #NVTK Читать далее 👉 https://smartlab.news/i/205085 мы в max",23.09.2026,12:47,СМАРТЛАБ НОВОСТИ,23.09.2026 12:47:35,,,
Не важно,🛢🇨🇳#спг #китай Китай резко наращивает импорт СПГ — BBG за неделю по 20 сентября Китай нарастил импорт СПГ сразу на 142% н/н - до максимума за 2 года,23.09.2026,12:47,MarketTwits,23.09.2026 12:47:42,,,
Возможно,"Инфляция разнится по регионам: в июле в Крыму она достигла 15,8%, в Севастополе - 14,7%, в Туве - 13,3%, в Москве - 4,4% — исследование Финансового университета Такой разброс ставит под вопрос эффективность единой ДКП, считают исследователи из Финансового университета. Читать далее 👉 https://smartlab.news/i/205086 мы в max",23.09.2026,12:48,СМАРТЛАБ НОВОСТИ,23.09.2026 12:48:24,,,
Не важно,✴️🇷🇺#CBDC #ии #россия #крипто Мишустин назвал цифровой рубль и ИИ главными драйверами изменений на финансовом рынке РФ,23.09.2026,12:52,MarketTwits,23.09.2026 12:52:46,,,
Возможно,Акции только 5 из 20 компаний из числа вышедших на биржу с 2024 года торгуются сейчас выше цены размещения — исследование Синары Читать далее 👉 https://smartlab.news/i/205087 мы в max,23.09.2026,12:52,СМАРТЛАБ НОВОСТИ,23.09.2026 12:52:52,,,
Возможно,АКРА повысило кредитный рейтинг Группы Позитив до уровня AA(RU) и изменило прогноз на «Стабильный» #POSI Причина - улучшение оценок долговой нагрузки и покрытия процентных платежей при сохранении сильного бизнес-профиля и корпоративного управления Читать далее 👉 https://smartlab.news/i/205088 мы в max,23.09.2026,12:55,СМАРТЛАБ НОВОСТИ,23.09.2026 12:55:14,,,
Возможно,"Фьючерсы, опционы и… новый ноутбук! Теперь за сделки на срочном рынке Московской биржи есть шанс выиграть ноутбук. Как побороться за приз? 1. Заполните форму регистрации, если еще этого не сделали; 2. До 12 октября совершайте сделки с фьючерсами и опционами и наберите не менее 10 000 ₽ оборота; 3. При выполнении условий конкурса вам присваивается билет с уникальным номером — он придет на почту до 22 октября; 4. Победитель будет выбран с помощью рандомайзера по уникальному билету участника. Если вы уже участвуете в розыгрыше смартфона за сделки с паями, дополнительной регистрации в Биржевом марафоне не требуется — просто начинайте торговать на срочном рынке. Успейте присоединится к Биржевому марафону до 12 октября Читайте нас в",23.09.2026,12:56,СМАРТЛАБ НОВОСТИ,23.09.2026 12:56:33,,,
Не важно,⬆️🛢#нефть #геополитика #прогноз BofA: длительные перебои с поставками из-за войны в Иране могут привести к росту цен на Brent выше $150,23.09.2026,13:01,MarketTwits,23.09.2026 13:01:38,,,
Не важно,"❗️🇮🇳#fx #индия #интервенции ЦБ Индии, скорее всего, опять проводит интервенции через fx-свопы для поддержки рупии — трейдеры, RTRS INDIAN CENTRAL BANK LIKELY DEFENDING RUPEE, CONDUCTING SWAPS TO DRAIN EXCESS CASH, TRADERS SAY",23.09.2026,13:05,MarketTwits,23.09.2026 13:05:22,,,
Возможно,Выдачи ипотеки в Москве в августе 2026 г. снизились на 19% м/м и на 35% г/г до 6143 договоров — столичный Росреестр #SBER #SMLT Читать далее 👉 https://smartlab.news/i/205090 мы в max,23.09.2026,13:09,СМАРТЛАБ НОВОСТИ,23.09.2026 13:09:28,,,
Возможно,"На Петербургской Бирже прошли первые торги дихлорэтаном: реализовано 50 тонн 1,2-дихлорэтана технического высшего сорта по цене ₽114 000 за тонну «Появление на биржевых торгах дихлорэтана – важное событие, поскольку роль этого продукта для целого ряда отраслей трудно переоценить. Биржа ведет активную работу по расширению линейки химической продукции и рассчитывает, что торги станут востребованным инструментом на рынке товаров органической химии»- старший управляющий директор Петербургской Биржи Игорь Чернышев Читать далее 👉 https://smartlab.news/i/205091 мы в max",23.09.2026,13:10,СМАРТЛАБ НОВОСТИ,23.09.2026 13:10:04,,,
Не важно,"🇷🇺#UUAZ УАЗ рассматривает возможность создания новой версии «Буханки» и обсуждает варианты ее модернизации — РБК обновить ""Буханку"" это большой грех — автоэксперты",23.09.2026,13:12,MarketTwits,23.09.2026 13:12:34,,,
Возможно,"МНЕНИЕ: Мы ожидаем, что по итогам 2026 г. ДОМ.PФ заработает порядка 114,8 млрд руб., что транслируется в рост дивидендов до 319 руб. на обыкновенную акцию (ДД — 15%) — Ренессанс Капитал #DOMRF Читать далее 👉 https://smartlab.news/i/205092 мы в max",23.09.2026,13:14,СМАРТЛАБ НОВОСТИ,23.09.2026 13:14:06,,,
Не важно,"⬆️✴️#BCH = +35% #UNI = +15% вчера CME сообщила о расширении линейки криптодеривативов, заявив, что запустит фьючерсы на Bitcoin Cash и Uniswap",23.09.2026,13:21,MarketTwits,23.09.2026 13:21:05,,,
Возможно,"Глава МИД Польши Сикорский: У меня есть запасы риса, ручной насос, варенье из фруктов на случай начала военных действий Читать далее 👉 https://smartlab.news/i/205094 мы в max",23.09.2026,13:24,СМАРТЛАБ НОВОСТИ,23.09.2026 13:24:55,,,
Не важно,"✴️#торги #крипто #rwa #биржи Base и Binance с разницей в день объявили о запуске торгов токенизированными акциями в режиме 24/7 ""традиционные биржи"" пока только обсуждают круглосуточные торги акциями",23.09.2026,13:24,MarketTwits,23.09.2026 13:24:58,,,
Возможно,"Минприроды: Российские компании планируют в 2026 году прирост балансовых запасов меди около 1,7 млн тонн. На текущий момент прирост составляет 354 тыс. тонн #GMKN Основные открытия традиционно приходятся на конец года Читать далее 👉 https://smartlab.news/i/205095 мы в max",23.09.2026,13:25,СМАРТЛАБ НОВОСТИ,23.09.2026 13:25:07,,,
Не важно,"Банк России расширил перечень активов, куда могут инвестировать розничные ПИФы, включив в него более широкий спектр неторгуемых на бирже инструментов, акции и облигации российских эмитентов — Квалифицированным инвесторам также разрешены вложения в расчетные инструменты, привязанные к котировкам криптовалют — Одновременно пересмотрены лимиты концентрации: норматив 10% теперь распространяется на всю группу связанных компаний Читать далее 👉 https://smartlab.news/i/205098 мы в max",23.09.2026,13:31,СМАРТЛАБ НОВОСТИ,23.09.2026 13:31:31,,,
Возможно,Люди ждут частичного прекращения огня к зиме — президент Финляндии Стубб Читать далее 👉 https://smartlab.news/i/205099 мы в max,23.09.2026,13:34,СМАРТЛАБ НОВОСТИ,23.09.2026 13:34:08,,,
Возможно,"Не верьте шумихе вокруг закупок нефти Китаем — Хавьер Блас, обозреватель Bloomberg Opinion Читать далее 👉 https://smartlab.news/i/205102 мы в max",23.09.2026,13:46,СМАРТЛАБ НОВОСТИ,23.09.2026 13:46:01,,,
Возможно,"❗️🛢🇷🇺#газ #спг #россия #прогноз Согласно проекту правительственного документа, Министерство экономики России ожидает, что в этом году страна произведет и экспортирует меньше природного газа, чем прогнозировалось ранее. Россия снизила прогноз добычи природного газа на 2026 год до 683,1 млрд кубометров с 688,4 млрд кубометров ранее. Правительство также понизило прогноз экспорта СПГ на 2026 год до 35 млн тонн с 40,3 млн тонн. Кроме того, Россия пересмотрела в сторону понижения прогнозы по экспорту трубопроводного газа на 2027–2029 годы, что свидетельствует об ослаблении ожиданий в отношении будущих поставок за рубеж. — RTRS Russia cuts natural gas output, export forecasts",23.09.2026,13:48,MarketTwits,23.09.2026 13:48:04,,,
Возможно,"#Макро #Слив Bloomberg: Согласно проекту правительственного документа, Министерство экономики России ожидает, что в этом году страна произведет и экспортирует меньше природного газа, чем прогнозировалось ранее. Россия снизила прогноз добычи природного газа на 2026 год до 683,1 млрд кубометров с 688,4 млрд кубометров ранее. Правительство также понизило прогноз экспорта СПГ на 2026 год до 35 млн тонн с 40,3 млн тонн. Кроме того, Россия пересмотрела в сторону понижения прогнозы по экспорту трубопроводного газа на 2027–2029 годы, что свидетельствует об ослаблении ожиданий в отношении будущих поставок за рубеж",23.09.2026,13:49,Сигналы РЦБ,23.09.2026 13:49:38,,,
Не важно,"⚠️🇬🇧#дкп #британия BofA ожидает, что Банк Англии повысит ставку в ноябре 2026г и в феврале 2027г (ранее ожидал без изменений)",23.09.2026,13:53,MarketTwits,23.09.2026 13:53:42,,,
Не важно,"#пифы ЦБ опубликовал новые правила инвестирования для ПИФ Указание вступает в силу через 10 дней. Что изменилось • Фондам станет доступен более широкий перечень инструментов, которые не торгуются на бирже. Сейчас фонды могут приобретать инвестиционные паи открытых ПИФ, облигации российских компаний, задействованных в проектах технологического суверенитета и структурной адаптации экономики России, а также замещающие облигации. Теперь они смогут включить в свой портфель любые акции и облигации российских эмитентов и не предназначенные для квалифицированных инвесторов инвестиционные паи. Но доля неторгуемых на бирже активов ограничивается. • Разрешается инвестировать средства квалифицированных инвесторов в расчетные инструменты, стоимость которых привязана к котировкам криптовалют. • Пересмотрен расчет лимитов концентрации в розничных ПИФ. В частности, если раньше в портфеле фонда доля активов одной компании могла занимать 10%, то теперь этот норматив распространяется на всю группу связанных с ней организаций. Эта норма начнет действовать через год. При этом для управляющих компаний, у которых уже есть сформированные фонды, предусмотрен переходный двухлетний период",23.09.2026,13:55,Сигналы РЦБ,23.09.2026 13:55:51,,,
Возможно,Иран считает угрозы Трампа признаком «стратегического отчаяния» и выдвигает условия для открытия Ормузского пролива — CNBC Читать далее 👉 https://smartlab.news/i/205103 мы в max,23.09.2026,13:58,СМАРТЛАБ НОВОСТИ,23.09.2026 13:58:52,,,
Не важно,⬆️🇪🇺#акции #европа #прогноз HSBC повысил прогноз по индексу Stoxx 600 на конец 2026 года до 680 с 670,23.09.2026,13:59,MarketTwits,23.09.2026 13:59:01,,,
Не важно,⬆️🇬🇧#акции #британия #прогноз HSBC повысил прогноз по индексу FTSE 100 на конец 2026 года до 11 390 пунктов с 10 980,23.09.2026,13:59,MarketTwits,23.09.2026 13:59:36,,,
Важно,"Фицо: ЕС всё время занимается только Украиной, не реагируя на рост цен на топливо в Европе, где дизель местами приближается к €3 за литр ""Все время одно и то же: Украина, сотни миллиардов евро на Украину"" Читать далее 👉 https://smartlab.news/i/205104 мы в max",23.09.2026,14:02,СМАРТЛАБ НОВОСТИ,23.09.2026 14:02:09,Украина,,
Не важно,⬇️🇫🇷#акции #франция #прогноз HSBC задаунгрейдил акции Франции до underweight с neutral,23.09.2026,14:04,MarketTwits,23.09.2026 14:04:41,,,
Не важно,МНЕНИЕ: Аналитики прервали самый продолжительный за последние пять лет цикл повышений прогнозов прибыли американских компаний — Bloomberg Читать далее 👉 https://smartlab.news/i/205105 мы в max,23.09.2026,14:05,СМАРТЛАБ НОВОСТИ,23.09.2026 14:05:01,,,
Не важно,"#Макро #Прогноз Bank of America ожидает, что Банк Англии повысит ставку в ноябре 2026 г и в феврале 2027 г (ранее ожидал сохранение ставки)",23.09.2026,14:06,Сигналы РЦБ,23.09.2026 14:06:50,,,
Возможно,АКРА присвоило выпуску облигаций Европлана серии 001Р‑10 кредитный рейтинг AA(RU) Читать далее 👉 https://smartlab.news/i/205106 мы в max,23.09.2026,14:09,СМАРТЛАБ НОВОСТИ,23.09.2026 14:09:06,,,
Не важно,🇷🇺#fx #россия #прогноз Эксперт РА ожидает курс в районе 85-90 рублей за доллар в конце года,23.09.2026,14:15,MarketTwits,23.09.2026 14:15:13,,,
Возможно,Потребление алкоголя в 2026 году снизилось на 10% — глава Минздрава Мурашко #BELU #KLVZ #ABRD Читать далее 👉 https://smartlab.news/i/205111 мы в max,23.09.2026,14:17,СМАРТЛАБ НОВОСТИ,23.09.2026 14:17:48,,,
Возможно,⬇️🇷🇺#алко #россия Мурашко: в России фиксируется снижение потребления алкоголя на 10% в 2026 году,23.09.2026,14:20,MarketTwits,23.09.2026 14:20:42,,,
Возможно,"МНЕНИЕ: Глобальная инфляция сохранится, и ФРС снова повысит ставку, заявляет Организация экономического сотрудничества и развития (OECD) Читать далее 👉 https://smartlab.news/i/205114 мы в max",23.09.2026,14:25,СМАРТЛАБ НОВОСТИ,23.09.2026 14:25:28,,,
Возможно,Минэкономразвития РФ понизило прогнозы по добыче и экспорту природного газа на 2026 год из‑за разрыва связей с Западом и планов Европы полностью отказаться от российского газа — Reuters #GAZP #NVTK — Также пересмотрен в сторону понижения прогноз добычи нефти - до 17-летнего минимума (детали не приводятся) — Новые прогнозы лягут в основу обновления федерального бюджета до 2029 года Читать далее 👉 https://smartlab.news/i/205115 мы в max,23.09.2026,14:33,СМАРТЛАБ НОВОСТИ,23.09.2026 14:33:52,,,
Возможно,Банк России оштрафовал Юнипро за нераскрытие информации #UPRO Читать далее 👉 https://smartlab.news/i/205116 мы в max,23.09.2026,14:34,СМАРТЛАБ НОВОСТИ,23.09.2026 14:34:13,,,
Важно,#Политика Зеленский выступит на ГА ООН через несколько часов — The Guardian,23.09.2026,14:42,Сигналы РЦБ,23.09.2026 14:42:05,Украина,,
Возможно,Российский вертолет на 42 секунды нарушил воздушное пространство Польши — польская армия Читать далее 👉 https://smartlab.news/i/205117 мы в max,23.09.2026,14:45,СМАРТЛАБ НОВОСТИ,23.09.2026 14:45:38,,,
Возможно,💥🇦🇪#VEON VEON увеличивает объем обратного выкупа акций и ускоряет процесс их аннулирования — релиз,23.09.2026,14:50,MarketTwits,23.09.2026 14:50:34,,,
Возможно,VEON объявила о новой программе обратного выкупа акций #VEON Читать далее 👉 https://smartlab.news/i/205118 мы в max,23.09.2026,14:57,СМАРТЛАБ НОВОСТИ,23.09.2026 14:57:03,,,
Не важно,"💥✴️#AVA #крипто Travala запускает постоянный стратегический резерв AVA, удваивает buyback токенов открытом рынке — релиз",23.09.2026,15:02,MarketTwits,23.09.2026 15:02:56,,,
Важно,МНЕНИЕ: Ключевыми условиями восстановления активности в планируемых IPO являются снижение ставки Банка России и стабилизация фондового рынка — Синара Читать далее 👉 https://smartlab.news/i/205120 мы в max,23.09.2026,15:03,СМАРТЛАБ НОВОСТИ,23.09.2026 15:03:02,,,
Не важно,"💥🇨🇳#ликвидность #китай ЦБ КНР традиционно накачает систему ликвидностью перед ""Золотой неделей"" выходных (28 сент - 8 окт) Банк Китая сегодня заявил, что в преддверии праздника «Золотая неделя» будет ежедневно вливать в экономику до 1 триллиона юаней ($149 млрд) с помощью инструментов краткосрочного регулирования ликвидности.",23.09.2026,15:04,MarketTwits,23.09.2026 15:04:45,,,
Возможно,"📈Акции Магнита взлетели на 3,5% #MGNT Читать далее 👉 https://smartlab.news/i/205121 мы в max",23.09.2026,15:06,СМАРТЛАБ НОВОСТИ,23.09.2026 15:06:57,,,
Не важно,"⬆️🇺🇸#акции #сша #прогноз Goldman говорит, что пузыря нет и SP500 продолжит расти",23.09.2026,15:14,MarketTwits,23.09.2026 15:14:09,,,
Не важно,⬆️🇺🇸#акции #сша #прогноз Deutsche прогнозирует SP500 на уровне 8000 к концу 2026г,23.09.2026,15:15,MarketTwits,23.09.2026 15:15:33,,,
Возможно,"#POSI АКРА повысило кредитный рейтинг Positive с AA−(RU) до AA(RU), прогноз — стабильный. Ключевыми причинами стали улучшение долговой нагрузки и способности компании обслуживать процентные платежи. Агентство также отмечает очень низкую долговую нагрузку, сильную ликвидность и высокий уровень рентабельности бизнеса.",23.09.2026,15:17,Сигналы РЦБ,23.09.2026 15:17:03,,,
Не важно,⬆️✴️#крипто #торги #обзор Объем торгов опционами на крипту стремительно растет — CryptoRank,23.09.2026,15:19,MarketTwits,23.09.2026 15:19:50,,,
Важно,СВО закончитсяAnonymous Pollв 2028-мпосле 2028 годав 2027-мв 2026-мSelect an option,23.09.2026,15:22,СМАРТЛАБ НОВОСТИ,23.09.2026 15:22:59,Украина,,
Возможно,"Почти 455 800 турецких инвесторов оказались заблокированы в 131 инвестиционном фонде, которые регулирующие органы приказали ликвидировать. Общая стоимость фондов оценивается примерно в $18 млрд — BBG Расследование связывает кризис с предполагаемой манипуляцией рынком и созданием схемы, напоминающей финансовую пирамиду Читать далее 👉 https://smartlab.news/i/205123 мы в max",23.09.2026,15:26,СМАРТЛАБ НОВОСТИ,23.09.2026 15:26:31,,,
Не важно,"⬆️✴️#крипто #обзор В этом цикле, коррекция в BTC была намного мельче по сравнению с прошлыми циклами — Glassnode ранее много экспертов, такие как Bitwise, Grayscale, Сэйлор говорили, что коррекция в этом цикле может быть не такой глубокой из-за ускорившегося внедрения среди институционалов и дополнительного спроса со стороны спотовых ETF и корпоратов, которые покупают BTC на баланс",23.09.2026,15:26,MarketTwits,23.09.2026 15:26:32,,,
Не важно,"⚠️🇺🇸#BAC = -4% BofA заявил, что 3 квартал для банка будет не таким успешным, как 2 квартал #отчетности #сша",23.09.2026,15:28,MarketTwits,23.09.2026 15:28:20,,,
Не важно,"⬇️🇨🇭#UBS = -2% Парламент Швейцарии утвердил нормы капитала, неудобные банку UBS — RTRS",23.09.2026,15:33,MarketTwits,23.09.2026 15:33:40,,,
Важно,МНЕНИЕ: Стратег СберИнвестиций считает основным сценарием на 2027 г. плавное снижение ставки ЦБ и ослабление рубля до уровней выше 85 рублей за доллар Читать далее 👉 https://smartlab.news/i/205124 мы в max,23.09.2026,15:34,СМАРТЛАБ НОВОСТИ,23.09.2026 15:34:19,ЦБ,,
Возможно,"ДОМ.PФ привлёк ₽15 млрд через новый выпуск инфраструктурных облигаций со ставкой купона КС + 1,55%. Средства пойдут на льготное финансирование инфраструктурных проектов в регионах Читать далее 👉 https://smartlab.news/i/205125 мы в max",23.09.2026,15:37,СМАРТЛАБ НОВОСТИ,23.09.2026 15:37:54,,,
Не важно,"Продажи легковых и легких коммерческих авто в 2026 году будут на уровне прошлого года - 1,4-1,45 млн шт — президент АвтоВАЗа Максим Соколов #SVAV #AVAZ Читать далее 👉 https://smartlab.news/i/205126 мы в max",23.09.2026,15:39,СМАРТЛАБ НОВОСТИ,23.09.2026 15:39:31,,,
Не важно,"🚫🛢🇺🇸#топливо #сша Решение Трампа ограничить экспорт дизеля на фоне рекордного роста цен на топливо застало нефтяные компании врасплох — отрасль рискует лишиться миллиардов долларов экспортной выручки. Нефтяники пытаются убедить Белый дом отказаться от этой меры, однако в отрасли считают введение хотя бы временного запрета практически неизбежным — WSJ Trump’s Oil Allies Fear Losing Battle in Bid to Stop Diesel-Export Ban. American oil companies are fiercely opposed to the president’s nascent plan, but vulnerable Republicans are putting pressure on him нефтегаз был одним из крупнейших спонсоров Трампа на выборной кампании 2024г",23.09.2026,15:43,MarketTwits,23.09.2026 15:43:02,,,
Важно,"#Макро ОЭСР ухудшила прогноз роста ВВП России на 2027 год до 0,6% (прошлый прогноз +0.8%) При этом прогноз роста российской экономики в 2026 году организация сохранила на уровне 0,5%. Ожидания по инфляции в РФ на 2026 год остались прежними — на отметке 6,5%. Прогноз на 2027 год вырос на 1,4 процентных пункта и составил 6%",23.09.2026,15:44,Сигналы РЦБ,23.09.2026 15:44:39,ЦБ,,
Важно,Юнипро Отчет МСФО Читать далее 👉 https://smartlab.news/i/205128 #UPRO,23.09.2026,15:48,СМАРТЛАБ НОВОСТИ,23.09.2026 15:48:27,Юнипро,,
Не важно,"⬇️🇷🇺#зерно #россия ""ПроЗерно"" ждет сокращения экспорта зерна из России в июле-сентябре в 1,6 раза, до 8,5 млн тонн",23.09.2026,15:50,MarketTwits,23.09.2026 15:50:17,,,
Не важно,"🛢🇰🇬🇨🇳#нефть #топливо #кыргызстан #китай Кыргызстан обсуждает с китайскими CNPC и Sinopec строительство НПЗ и нефтепровода. Бишкек стремится обеспечить стабильные поставки топлива — пресс-служба кабинета министров, RTRS",23.09.2026,15:57,MarketTwits,23.09.2026 15:57:55,,,
Возможно,"⬇️🇷🇺#экономика #россия #прогноз ОЭСР ухудшила прогноз роста ВВП России на 2027 год до 0,6% с 0.8%",23.09.2026,15:59,MarketTwits,23.09.2026 15:59:02,,,
Возможно,"🇭🇰#торги #гонконг Гонконгская фондовая биржа (HKEX) намерена запросить мнение участников отрасли о возможности увеличения продолжительности торговых сессий. Этот шаг позволит привести её работу в соответствие с ведущими финансовыми рынками мира — гендиректор (Среди рассматриваемых предложений — перенос начала торгов акциями на 30 минут раньше, то есть на 12:00 по московскому времени, а также отмена часового обеденного перерыва, который в настоящее время начинается в 15:00 по московскому времени)",23.09.2026,16:01,MarketTwits,23.09.2026 16:01:22,,,
Возможно,"МНЕНИЕ: Т-Инвестиции понизили целевую цену GloraX с 68 до 62 руб., сохранив рекомендацию покупать. Потенциал роста за год оценивается в 60% #GLRX Читать далее 👉 https://smartlab.news/i/205130 мы в max",23.09.2026,16:06,СМАРТЛАБ НОВОСТИ,23.09.2026 16:06:58,,,
Важно,"❗️✴️🇷🇺#крипто #россия #регулирование ЦБ РФ НАДЕЕТСЯ, ЧТО НЕЛЕГАЛЬНЫЕ КРИПТООБМЕННИКИ ИСЧЕЗНУТ, СЕРАЯ ЗОНА ДОЛЖНА ПЕРЕСТАТЬ СУЩЕСТВОВАТЬ ДО 1 ИЮЛЯ 2027 ГОДА — РЕГУЛЯТОР",23.09.2026,16:07,MarketTwits,23.09.2026 16:07:00,ЦБ,,
Возможно,"У нас сейчас идет мозговой штурм по поводу того, какой может быть новая ""Буханка"" — гендиректор УАЗа Ильнур Сахабиев в интервью ""РГ"" #SVAV Читать далее 👉 https://smartlab.news/i/205131 мы в max",23.09.2026,16:07,СМАРТЛАБ НОВОСТИ,23.09.2026 16:07:11,,,
Не важно,"💥🇺🇸#SMCI Supermicro начал поставки стоечных систем, оснащенных видеокартами NVIDIA Vera Rubin NVL72",23.09.2026,16:09,MarketTwits,23.09.2026 16:09:36,,,
Не важно,"❌✴️#крипто #биржи Сегодня закрылась, основанная Артуром Хейсом, криптобиржа BitMEX после 12 лет работы",23.09.2026,16:11,MarketTwits,23.09.2026 16:11:47,,,
Не важно,✴️🇺🇸#торги #крипто #rwa #биржи NYSE - партнерство с Blockchaincom - будут развивать торги токенизированными акциями,23.09.2026,16:13,MarketTwits,23.09.2026 16:13:50,,,
Возможно,"Суд назначил на 9 ноября предварительные слушания по иску ПАО «Яковлев» к компании «Финам», её основателю Виктору Ремше и немецкой Raikhlin Aircraft Engine Developments GmbH о взыскании ₽5,2 млрд — РИА Новости #IRKT Иск поступил в суд в августе, основания пока не раскрываются Читать далее 👉 https://smartlab.news/i/205132 мы в max",23.09.2026,16:14,СМАРТЛАБ НОВОСТИ,23.09.2026 16:14:13,,,
Важно,❗️🇿🇦#дкп #юар #цб ЮАР - ставка ЦБ = 7.25% (ожид 7.25% / ранее 7%),23.09.2026,16:15,MarketTwits,23.09.2026 16:15:13,ЦБ,,
Возможно,"⚠️🇮🇷#иран #геополитика Секретарь Высшего совета национальной безопасности Ирана назвал Трампа глупым и заблуждающимся и заявил, что президент Ирана ответит на вчерашние комментарии Трампа в течение нескольких часов.",23.09.2026,16:18,MarketTwits,23.09.2026 16:18:27,,,
Возможно,"АКРА понизило кредитный рейтинг ПКФ до уровня D(ru), отозвало ранее действовавший прогноз и сняло статус ""под наблюдением"" Читать далее 👉 https://smartlab.news/i/205134 мы в max",23.09.2026,16:22,СМАРТЛАБ НОВОСТИ,23.09.2026 16:22:37,,,
Не важно,⚠️🇺🇸🇨🇦#сша #канада #трамп Канада разрушает себя — Трамп,23.09.2026,16:29,MarketTwits,23.09.2026 16:29:58,,,
Не важно,"✴️🇷🇺#CBDC #крипто #россия ГРАЖДАНЕ ОТКРЫЛИ УЖЕ ОКОЛО 200 ТЫС. СЧЕТОВ В ЦИФРОВОМ РУБЛЕ, ЭТО СУЩЕСТВЕННО БОЛЬШЕ ОЖИДАНИЙ ЦБ — НАБИУЛЛИНА",23.09.2026,16:30,MarketTwits,23.09.2026 16:30:46,,,
Не важно,🇰🇿#облигации #казахстан Казахстан планирует разместить 5-летние евробонды — RTRS,23.09.2026,16:32,MarketTwits,23.09.2026 16:32:03,,,
Важно,"✴️🇷🇺#CBDC #россия #крипто #бюджет #контроль Набиуллина в докладе Путину сказала, что с цифровым рублем значительно вырастет контроль за расходованием бюджетных средств. Путин попросил Набиуллину и Силуанова доложить о старте работы цифрового рубля",23.09.2026,16:33,MarketTwits,23.09.2026 16:33:59,ЦБ,,
Возможно,"На фоне новостей об изменении условий по Семейной ипотеке в 2026г активность заемщиков трижды выходила на пик: в январе (₽243,5 млрд), июне (₽222,4 млрд) и сентябре (₽225,2 млрд, прогноз) — Домклик #SBER Читать далее 👉 https://smartlab.news/i/205137 мы в max",23.09.2026,16:34,СМАРТЛАБ НОВОСТИ,23.09.2026 16:34:53,,,
Не важно,❗️ВПЕРЕДИ 🇺🇸США - Manufacturing/Services/Composite PMI (сент-предв) - 16:45мск,23.09.2026,16:39,MarketTwits,23.09.2026 16:39:13,,,
Возможно,"Минприроды: Добыча нефти на российском континентальном шельфе в 2026 году может достичь 23 млн тонн, газа - 53 млрд куб. м. Основная добыча углеводородов по-прежнему приходится на сушу, а доля шельфа в общероссийской нефтедобыче - около 4,5% Читать далее 👉 https://smartlab.news/i/205138 мы в max",23.09.2026,16:39,СМАРТЛАБ НОВОСТИ,23.09.2026 16:39:31,,,
Важно,"✴️🇷🇺#CBDC #россия #крипто Путин попросил Силуанова и Набиуллину объяснить гражданам в чем отличие цифрового рубля от простого рубля: 1) бесплатные транзакции 2) контроль за бюджетными расходами 3) бизнес может заключать сделки более уверенно - оплата проходит только после того, как все условия сделки, заложенные в смарт-контрактах будут выполнены",23.09.2026,16:43,MarketTwits,23.09.2026 16:43:03,,,
Не важно,❗️🇺🇸#экономика #сша #отчетность США (сент-предв): S&P Composite PMI = 58.4 (ранее 56) S&P Manufacturing PMI = 57 (ранее 53.9) S&P Services PMI = 58.7 (ранее 56.5),23.09.2026,16:45,MarketTwits,23.09.2026 16:45:16,,,
Не важно,⚠️🇺🇸#доходности #сша #облигации доходность 10-леток США вновь > 5% после сильных PMI,23.09.2026,16:48,MarketTwits,23.09.2026 16:48:40,,,
Важно,Министр иностранных дел Индии заявил Рубио о повторной озабоченности по поводу закона о санкциях против России — Reuters #ROSN Читать далее 👉 https://smartlab.news/i/205139 мы в max,23.09.2026,16:51,СМАРТЛАБ НОВОСТИ,23.09.2026 16:51:16,Роснефть,,
Возможно,"Болгария отменяет запрет на экспорт топлива, чтобы облегчить работу НПЗ Лукойла — Reuters #LKOH Читать далее 👉 https://smartlab.news/i/205140 мы в max",23.09.2026,16:54,СМАРТЛАБ НОВОСТИ,23.09.2026 16:54:30,,,
Возможно,ЦБ фиксирует случаи отказа отдельных банковских подразделений принимать наличные деньги у граждан и призывает пресечь эту практику — Зампред ЦБ Сергей Белов В Гражданском кодексе рубль назван обязательным к приёму платёжным средством Читать далее 👉 https://smartlab.news/i/205141 мы в max,23.09.2026,16:55,СМАРТЛАБ НОВОСТИ,23.09.2026 16:55:36,,,
Возможно,"День инвестора 2026 у Займера — 24 сентября в 18:00 на наших каналах! 24 сентября пройдет второй День инвестора Займера. В этот раз фокус будет уже не только на классическом онлайн-МФО-бизнесе, а на том, как компания развивается в формате более широкой финтех-группы. За последний год периметр Займера заметно изменился. Компания развивает новые направления на базе банка КИБ «Евроальянс», платежной системы БЭСТ, Таксиагрегатора и IntellectMoney. То есть история постепенно выходит за рамки онлайн-займов и становится шире: кредитование физических лиц и бизнеса, банковские, платежные и транзакционные сервисы. Для инвесторов это важный момент, т.к. Займер остается одним из крупнейших независимых игроков на рынке онлайн-микрофинансирования, но теперь рынок будет смотреть не только на выдачи и дивиденды, а еще и на то, как новые активы будут встроены в общую бизнес-модель группы. На Дне Инвестора обсудят главные вопросы: 👉 Как Займер видит развитие рынка онлайн-МФО в 2026 году? 👉 Как новые регуляторные изменения влияют на бизнес-модель компании? 👉 Какую роль в группе будет играть КИБ «Евроальянс»? 👉 Что дают Займеру БЭСТ, Таксиагрегатор и IntellectMoney? 👉 Как компания планирует развивать кредитование физических лиц и бизнеса? 👉 Какие планы у менеджмента по дивидендам и капиталу? 👉 Как инвесторам смотреть на Займер уже не только как на МФО, а как на финтех-группу? Прямые трансляции: YOUTUBE ▎ VK VIDEO Также смотрите в записи: ДЗЕН ▎ РУТУБ Ждем ваши вопросы в комментариях!",23.09.2026,16:56,СМАРТЛАБ НОВОСТИ,23.09.2026 16:56:33,,,
Не важно,"Министр энергетики США Крис Райт заявил, что запрет США на экспорт дизельного топлива не сработает и может привести к росту цен на бензин и авиатопливо Читать далее 👉 https://smartlab.news/i/205143 мы в max",23.09.2026,16:57,СМАРТЛАБ НОВОСТИ,23.09.2026 16:57:33,,,
Важно,"⚠️🇪🇺🇷🇺#геополитика #нато #россия #today 5 статья устава НАТО про коллективную защиту намеренно сформулирована неоднозначно, чтобы противники не знали, когда она будет применена, — Генсек НАТО Рютте, 23 сент 2026г Запад не понимает, где проходят ""красные линии"" для России — Лавров, 18 апр 2026г",23.09.2026,16:59,MarketTwits,23.09.2026 16:59:42,Украина,,
Возможно,"❗️🇷🇺#дкп #россия #минутки Банк России публикует Резюме обсуждения ключевой ставки по итогам заседания 11 сентября Главной темой обсуждения стало существенное усиление инфляционного давления в июне – июле. По мнению участников обсуждения, устойчивый рост цен увеличился с 4–5 до 5–6% в пересчете на год. Последующая динамика инфляции будет во многом зависеть от ситуации на топливном рынке. Базовый сценарий предполагает ее постепенную нормализацию. Проводимая денежно-кредитная политика будет способствовать более сдержанному росту внутреннего спроса. Все это вместе должно привести к снижению инфляционного давления. релиз",23.09.2026,17:01,MarketTwits,23.09.2026 17:01:24,,,
Важно,✴️🇷🇺#CBDC #крипто #россия Цифровой рубль стал полноценным платежным инструментом — Путин,23.09.2026,17:05,MarketTwits,23.09.2026 17:05:37,,,
Возможно,#Макро ДЛЯ ОБЕСПЕЧЕНИЯ СВОЕВРЕМЕННОГО ВОЗВРАЩЕНИЯ К ИНФЛЯЦИИ В 2% ВЕРОЯТНО ПОТРЕБУЕТСЯ ДАЛЬНЕЙШЕЕ ПОВЫШЕНИЕ ПРОЦЕНТНЫХ СТАВОК — ЧЛЕН ФРС,23.09.2026,17:06,Сигналы РЦБ,23.09.2026 17:06:17,,,
Не важно,⚠️🇺🇸#дкп #сша #спикеры Barr (ФРС): для своевременного возвращения к целевому показателю инфляции в 2% может потребоваться дальнейшее повышение процентных ставок.,23.09.2026,17:06,MarketTwits,23.09.2026 17:06:50,,,
Не важно,⚠️🇺🇸#ии #сша #warning Сенаторы просят Трампа договориться с Си и замедлить разработку ИИ — Politico,23.09.2026,17:08,MarketTwits,23.09.2026 17:08:56,,,
Возможно,"Минфин РФ планирует усилить уголовную ответственность за нелегальное кредитование, отменив обязательный предварительный шаг в виде административного наказания — Директор департамента Алексей Яковлев Это должно существенно повысить эффективность борьбы с нелегальными кредиторами Читать далее 👉 https://smartlab.news/i/205145 мы в max",23.09.2026,17:09,СМАРТЛАБ НОВОСТИ,23.09.2026 17:09:48,,,
Возможно,"⚠️🇨🇳🇮🇷#китай #иран #геополитика Китай все активнее снабжает йеменских хуситов, угрожающих мировой нефтяной промышленности, — WSJ Yemen’s Houthis, threatening global oil, are increasingly supplied by China - WSJ",23.09.2026,17:11,MarketTwits,23.09.2026 17:11:11,,,
Не важно,⚠️🇮🇷🇸🇦#иран #геополитика #саравия Взрывы в С.Аравии — TASNIM/FARS #нефть,23.09.2026,17:12,MarketTwits,23.09.2026 17:12:17,,,
Возможно,❗️🇮🇷#иран #оон Президент Ирана Пезешкян выступает в ГА ООН делегация США вышла из зала смотреть на русском,23.09.2026,17:14,MarketTwits,23.09.2026 17:14:45,,,
Возможно,"#Макро Резюме с заседания ЦБ по ключевой ставке В июне – июле текущее инфляционное давление существенно усилилось Если в июне основной вклад в увеличение инфляции вносил непосредственно рост цен на топливо, то в июле стали заметнее его косвенные и вторичные эффекты. Они проявились в ускорении роста цен по более широкому кругу товаров и услуг. Участники отметили, что косвенные и вторичные эффекты удорожания топлива отражают разные каналы распространения первоначального ценового импульса. Из-за распространения проинфляционных эффектов на более широкий круг товаров и услуг повысилось устойчивое инфляционное давление. По оценкам участников обсуждения, устойчивый рост цен увеличился с 4 – 5 до 5 – 6% с.к.г.",23.09.2026,17:16,Сигналы РЦБ,23.09.2026 17:16:22,,,
Возможно,"❗️🇮🇷#иран #оон Президент Ирана Пезешкян в ГА ООН США м**аки Израиль звери оборона Ирана построена так, что Иран может навалять любому никакого ядерного оружия но и никакого ограничения на ядерные технологии ядерный вопрос не решится на поле боя Иран не поддастся никакому давлению смотреть на русском",23.09.2026,17:21,MarketTwits,23.09.2026 17:21:29,,,
Не важно,❗️ВПЕРЕДИ 🛢нефть США - запасы EIA - 17:30мск (ожид -0.700М / ранее -0.640M) —————————————— запасы API были = +1.786M,23.09.2026,17:24,MarketTwits,23.09.2026 17:24:33,,,
Важно,"#Политика Израиль убивает, нас подвергают санкциям. Смешно — президент Ирана на ГА ООН",23.09.2026,17:25,Сигналы РЦБ,23.09.2026 17:25:32,Иран,,
Возможно,"⚠️🇮🇷#иран #геополитика Рубио: у Трампа есть несколько вариантов действий в отношении Ирана, в том числе военных",23.09.2026,17:27,MarketTwits,23.09.2026 17:27:12,,,
Не важно,❗️🛢🇺🇸#нефть #сша #отчетность НЕФТЬ - ЗАПАСЫ EIA: CRUDE = +2.969M (ожид -0.700М / ранее -0.640M),23.09.2026,17:30,MarketTwits,23.09.2026 17:30:14,,,
Возможно,#Политика Власти видят «потенциал» собрать больше налогов с самозанятых работников платформ — Frank Media Только в «Яндексе» около 80% курьеров оформлены самозанятыми — зампред комитета Совфеда по бюджету призывает перевести их на полный НДФЛ. Cегмент «Городские сервисы» принес «Яндексу» 56% выручки и 33% скорректированной EBITDA (операционная прибыль) за второй квартал 2026 года. Усиление налогового давления может ухудшить результаты группы — аналитик БКС.,23.09.2026,17:32,Сигналы РЦБ,23.09.2026 17:32:03,,,
Возможно,☝️ Платформы видят потенциал переложить на потребителя рост налогов для курьеров и таксистов,23.09.2026,17:33,Сигналы РЦБ,23.09.2026 17:33:09,,,
Не важно,"✴️🇷🇺#крипто #россия #регулирование Банк России изменил правила для паевых инвестиционных фондов, ПИФов, разрешив им вложения в криптовалютные инструменты релиз",23.09.2026,17:34,MarketTwits,23.09.2026 17:34:54,,,
Возможно,"Иран не разрабатывает ядерное оружие, но не приемлет никаких ограничений своей мирной ядерной программы — Президент Масуд Пезешкиан на Генассамблее ООН Читать далее 👉 https://smartlab.news/i/205147 мы в max",23.09.2026,17:35,СМАРТЛАБ НОВОСТИ,23.09.2026 17:35:18,,,
Не важно,🇷🇺#fx #россия ЦБ установил официальные курсы валют на 24 сентября,23.09.2026,17:36,MarketTwits,23.09.2026 17:36:05,,,
Возможно,"Официальные курсы валют на 24 сентября: ¥ — ₽12,5598, $ — ₽84,3969, € — ₽96,7442 Читать далее 👉 https://smartlab.news/i/205148 мы в max",23.09.2026,17:36,СМАРТЛАБ НОВОСТИ,23.09.2026 17:36:19,,,
Не важно,✴️🇺🇸#SOL #cot #крипто #FWDI Forward Industries планирует привлечь $25 млн для покупки токенов SOL на баланс,23.09.2026,17:37,MarketTwits,23.09.2026 17:37:32,,,
Возможно,#Важноемнение Президент Парагвая призвал к немедленному открытию Ормуза,23.09.2026,17:39,Сигналы РЦБ,23.09.2026 17:39:15,,,
Возможно,#Политика Заключение сделки с Ираном потребует длительной работы и участия посредников — Рубио,23.09.2026,17:39,Сигналы РЦБ,23.09.2026 17:39:15,,,
Не важно,⬆️🇷🇺#IMOEX IMOEX-дегены ринулись покупать — мониторинг,23.09.2026,17:40,MarketTwits,23.09.2026 17:40:13,,,
Не важно,⬇️🇷🇺#IMOEX IMOEX-дегены ринулись продавать — мониторинг,23.09.2026,17:45,MarketTwits,23.09.2026 17:45:05,,,
Не важно,❗️✴️🇷🇺#крипто #контроль #регулирование #россия РАЗМЕТКА КРИПТОВАЛЮТЫ НА ПРЕДМЕТ ПОЛУЧЕНИЯ ПРЕСТУПНЫМ ПУТЕМ ОБЯЗАТЕЛЬНО БУДЕТ ПРОВОДИТЬСЯ — ЦБ,23.09.2026,17:51,MarketTwits,23.09.2026 17:51:11,,,
Возможно,"🇮🇷🇺🇸#иран #геополитика Высокопоставленный иранский чиновник сообщил, что Тегеран изучает ответ США на свое предложение о прекращении боевых действий — RTRS",23.09.2026,17:53,MarketTwits,23.09.2026 17:53:02,,,
Возможно,⚠️🇮🇷#иран #геополитика #саравия Рубио: у Трампа есть много опций относительно хуситов,23.09.2026,17:53,MarketTwits,23.09.2026 17:53:56,,,
Возможно,"❗️🇮🇷#иран #геополитика ВЫСОКОПОСТАВЛЕННЫЙ ПРЕДСТАВИТЕЛЬ ИРАНА В БЕСЕДЕ С АГЕНТСТВОМ REUTERS: В ХОДЕ НЕПРЯМЫХ ПЕРЕГОВОРОВ С США ВО ВТОРНИК ОБСУЖДАЛИСЬ ВОПРОСЫ ВОЗОБНОВЛЕНИЯ РАБОТЫ ПРОЛИВА ГОРМУЗ И СНЯТИЯ БЛОКАДЫ США, ИРАН РАССМАТРИВАЕТ ПРЕДЛОЖЕНИЯ МЕЖДУ ПОЗИЦИЯМИ ИРАНА И США ПО-ПРЕЖНЕМУ СУЩЕСТВУЕТ МНОГО РАЗНОГЛАСИЙ, НО ДИПЛОМАТИЧЕСКИЕ ВЗАИМОДЕЙСТВИЯ ПРОДОЛЖАЮТСЯ ——————————— на заметку: КСИР сегодня уже всех послал куда подальше",23.09.2026,17:54,MarketTwits,23.09.2026 17:54:53,,,
Возможно,"❗️⚠️🇮🇷#иран #геополитика #ормуз Секретарь Высшего совета национальной безопасности Ирана: Иран, отказавшись от прежних дипломатических подходов, начал новую дипломатию. В рамках этого нового подхода, время разговоров и переговоров прошло, и любые переговоры или открытие Ормуза будут зависеть от полного выполнения требований Ирана со стороны Вашингтона, которые являются предварительным условием. — FARS (т.е. КСИР)",23.09.2026,17:59,MarketTwits,23.09.2026 17:59:06,,,
Возможно,#Политика Нужно дать России шанс в дипломатии (но давить тоже нужно) — президент Чехии на ГА ООН,23.09.2026,18:00,Сигналы РЦБ,23.09.2026 18:00:42,,,
Важно,"Минэкономразвития определило восемь крупных госкомпаний для возможного перевода части функций из Москвы в регионы — Глава Минэкономразвития Максим Решетников на совещании у Путина К ним относятся: РЖД, Аэрофлот, Почта России, Транснефть, Россети, Роснефть, Интер РАО и Зарубежнефть #AFLT #ROSN #FEES #IRAO #HYDR Читать далее 👉 https://smartlab.news/i/205153 мы в max",23.09.2026,18:01,СМАРТЛАБ НОВОСТИ,23.09.2026 18:01:13,"Аэрофлот, Роснефть, Россети (ФСК), Интер РАО, РусГидро",,
Не важно,"🔥🇺🇸#qe #облигации #сша МИНФИН США УВЕЛИЧИЛ BUYBACK ""ДЛИННЫХ"" БОНДОВ ДО $6 МЛРД НА ОПЕРАЦИЮ будет агрессивно покупать 20 и 30-летки",23.09.2026,18:01,MarketTwits,23.09.2026 18:01:35,,,
Важно,"💥🛢🇷🇺#бюджет #россия #нефть Рублевая цена нефти РФ, используемой для расчета налогов, сейчас в среднем торгуется на 40% выше уровня, заложенного в федеральный бюджет, что ослабляет давление на государственные финансы — RTRS",23.09.2026,18:09,MarketTwits,23.09.2026 18:09:46,ЦБ,,
Не важно,Гендиректор De Beers сообщил о стабилизации и начале роста цен на природные алмазы на фоне сокращения предложения и роста спроса #ALRS Читать далее 👉 https://smartlab.news/i/205154 мы в max,23.09.2026,18:09,СМАРТЛАБ НОВОСТИ,23.09.2026 18:09:50,,,
Возможно,Рублёвая налоговая цена российской нефти в сентябре на 40% выше бюджетного ориентира — Reuters #ROSN #LKOH Читать далее 👉 https://smartlab.news/i/205155 мы в max,23.09.2026,18:11,СМАРТЛАБ НОВОСТИ,23.09.2026 18:11:23,,,
Не важно,❗️💎#алмазы Цены на природные алмазы стабилизировались на мировом рынке в условиях сокращения предложения и увеличения спроса в некоторых странах — генеральный директор De Beers,23.09.2026,18:11,MarketTwits,23.09.2026 18:11:39,,,
Важно,❗️🇷🇺#VSEH 28 сентября - ВИРУ - сд рассмотрит вопрос об добрении приобретения ООО «ВсеИнструменты.ру» обыкновенных акций buyback это или нет - не известно,23.09.2026,18:14,MarketTwits,23.09.2026 18:14:03,ВИ.ру,,
Возможно,"#VSEH СД Все Инструменты ру проведет заседание, где включен в повестку байбек акций 28 сентября",23.09.2026,18:14,Сигналы РЦБ,23.09.2026 18:14:54,,,
Возможно,СД ВИ.ру 28 сентября рассмотрит покупку акций ВсеИнструменты.ру #VSEH Читать далее 👉 https://smartlab.news/i/205157 мы в max,23.09.2026,18:15,СМАРТЛАБ НОВОСТИ,23.09.2026 18:15:30,,,
Не важно,"🚫🇷🇺#золото #наличка #россия Ограничения на вывоз из РФ наличных и золота вскоре будут ужесточены, этого требует практика — ЦБ, ИФ",23.09.2026,18:17,MarketTwits,23.09.2026 18:17:28,,,
Не важно,⬆️🇷🇺#IMOEX IMOEX-дегены ринулись покупать — мониторинг,23.09.2026,18:20,MarketTwits,23.09.2026 18:20:34,,,
Не важно,"❗️✴️🇷🇺#крипто #контроль #регулирование #россия В России может появится база ""окрашенных"" криптокошельков — ЦБ",23.09.2026,18:21,MarketTwits,23.09.2026 18:21:31,,,
Возможно,"🇷🇺#мфо #россия #отчетность Микрофинансовые организации (МФО) в II квартале 2026 года выдали займов на 490 млрд рублей, при этом потребительские выдачи продолжили сокращаться. — ЦБ отчет",23.09.2026,18:23,MarketTwits,23.09.2026 18:23:06,,,
Возможно,Банк России обсуждает включение маркетплейсов в систему ГИС «Антифрод» — Директор департамента информационной безопасности Вадим Уваров #OZON Читать далее 👉 https://smartlab.news/i/205158 мы в max,23.09.2026,18:23,СМАРТЛАБ НОВОСТИ,23.09.2026 18:23:16,,,
Не важно,⬆️🇷🇺#IMOEX,23.09.2026,18:30,MarketTwits,23.09.2026 18:30:40,,,
Важно,⚠️🇪🇺🇷🇺#нато #геополитика #европа #россия МИНИСТР ИНОСТРАННЫХ ДЕЛ ФРАНЦИИ БАРРО: РОССИЯ АТАКУЕТ ВСЮ ЕВРОПУ,23.09.2026,18:33,MarketTwits,23.09.2026 18:33:19,Украина,,
Возможно,"Что на самом деле покупает инвестор, когда покупает ПИФ?Пай — это не акция конкретной компании и не аналог банковского вклада. За ним может стоять целый портфель из десятков акций, облигаций и других активов. Начинаем серию образовательных постов о ПИФах, которую Сигналы РЦБ подготовили совместно с УК «СОЛИД Менеджмент». В первой части разбираемся с самой базой: — что такое ПИФ и пай; — что именно получает инвестор; — кому принадлежат активы фонда; — чем пай отличается от акции и депозита; — что вообще может находиться внутри ПИФа. Основное собрали в карточках выше, а подробную версию с примерами опубликовали в Дзене. #пифы",23.09.2026,18:35,Сигналы РЦБ,23.09.2026 18:35:14,,,
Возможно,⚠️🇮🇷#иран #геополитика Переговоры Арагчи с Уиткоффом не были согласованы с соответствующими органами власти в Иране. Арагчи должен быть привлечен к ответственности. — TASNIM,23.09.2026,18:35,MarketTwits,23.09.2026 18:35:45,,,
Возможно,"❗️🇷🇺#наличка #россия #контроль ЦБ порекомендует банкам усилить проверку источника наличных у клиентов. С начала года объем наличных в обращении в России подскочил на ₽2,5 трлн — РБК",23.09.2026,18:43,MarketTwits,23.09.2026 18:43:25,,,
Не важно,Банк России будет маркировать криптовалюту для выявления преступных доходов Читать далее 👉 https://smartlab.news/i/205160 мы в max,23.09.2026,18:45,СМАРТЛАБ НОВОСТИ,23.09.2026 18:45:54,,,
Важно,"🇷🇺#налоги #экономика #россия #контроль Минфин и ЦБ РФ разработали план обеления экономики, который поможет сократить теневой сектор и повысить собираемость налогов — глава департамента финансовой политики министерства финансов РФ Алексей Яковлев",23.09.2026,18:47,MarketTwits,23.09.2026 18:47:29,ЦБ,,
Возможно,Минфин и ЦБ рассчитывают повысить собираемость налогов за счёт обеления экономики Читать далее 👉 https://smartlab.news/i/205161 мы в max,23.09.2026,18:47,СМАРТЛАБ НОВОСТИ,23.09.2026 18:47:48,,,
Не важно,"⚠️🇺🇸#доходности #сша #облигации Возобновился обвал в гособлигациях США, доходности опять сильно растут U.S. TREASURY YIELD ON 10-YEAR TREASURY NOTE HITS 5.081%, HIGHEST SINCE JULY 17, 2007 LAST UP 10.57 BASIS POINTS AT 5.073%",23.09.2026,18:50,MarketTwits,23.09.2026 18:50:52,,,
Возможно,К середине 2026 г. физлица-нерезиденты открыли рекордные 700 тыс. брокерских счетов в России — Ъ Читать далее 👉 https://smartlab.news/i/205162 мы в max,23.09.2026,18:52,СМАРТЛАБ НОВОСТИ,23.09.2026 18:52:47,,,
Возможно,"❗️🇷🇺#нерезы #акции #россия Физлица-нерезиденты к середине 2026 года открыли 700 тыс. счетов у российских брокеров, что является рекордным значением за все время наблюдения. — Ъ",23.09.2026,18:55,MarketTwits,23.09.2026 18:55:37,,,
Не важно,❗️ВПЕРЕДИ 🇷🇺РФ - потребинфляция CPI (нед) - 19:00мск,23.09.2026,18:56,MarketTwits,23.09.2026 18:56:16,,,
Возможно,ЦБ готовит банкам новую рекомендацию по проверке источников наличных Читать далее 👉 https://smartlab.news/i/205163 мы в max,23.09.2026,18:56,СМАРТЛАБ НОВОСТИ,23.09.2026 18:56:45,,,
Не важно,"Украина согласилась на полное и безусловное прекращение огня️Итоги дня 📈Лукойл +2.4% Financial Times сообщает, что американский миллиардер Тодд Боэли заручился поддержкой правительства США и влиятельных инвесторов из стран Персидского залива для покупки зарубежных активов ЛУКОЙЛа. Reuters сообщает, что Болгария отменяет запрет на экспорт топлива, чтобы облегчить работу НПЗ Лукойла👍 📈ВИ.ру +2.1% СД ВИ.ру 28 сентября рассмотрит покупку акций ВсеИнструменты.ру🧐 📈Магнит +2.9% Очередная магнитная аномалия. Участники рынка в очередной раз ждут погашения казначейских акций🤷‍♂️ 📈Новатэк +0.3% Поставки сжиженного природного газа в материковый Китай достигли максимума почти за два года. По данным BloombergNEF, за неделю с 14 сентября объём вырос более чем вдвое, примерно до 1,9 млн тонн. Крупнейшим поставщиком стала Россия, за ней следуют Австралия и Малайзия💪 📈IMOEX +0.5% Вопрос нового саммита Трампа и Путина не обсуждался, заявил Марко Рубио. США пригласили Путина на G20 в Майами, надеются, что он примет приглашение. Рубио и Лавров обсудили Украину и двусторонние отношения на полях ГА ООН, сообщил Госдепартамент США. Рубио заявил о заинтересованности Москвы и Киева в зерновой сделке. По его словам, обе стороны выступают за прекращение огня в энергетической сфере. Дмитрий Песков, заявил что пока никаких предпосылок для выхода на мирные переговоры нет🤔 Похоже что индекс начал расти после сообщения о согласии Украины на полное и безусловное прекращение огня Это очень странно, так как данное предложение не является каким-то новым. Уже неоднократно наше правительство давало на него ответ: Россия выступает за «прочный мир, мир навсегда, а не за перемирие, которое, по сути, ничего не даст». По мнению Москвы, временная приостановка боевых действий не решит коренных противоречий и лишь отложит конфликт🤷‍♂️ 📈Brent +4% Иранская сторона готова к диалогу по спорным вопросам с США, однако не намерена терпеть попытки силового давления, заявил в среду президент Ирана Масуд Пезешкиан. «Мы готовы к диалогу, но не приемлем применение против нас политики силового давления», — сказал он, выступая на Генассамблее ООН Дональд Трамп, выступавший на ГА ООН во вторник, сообщил, что его представители встретились с делегацией Ирана на полях мероприятия, и эта встреча прошла «очень хорошо». Он добавил, что еще один раунд переговоров запланирован «на самое ближайшее время», и выразил надежду на мирное соглашение, которое может стать возможным после промежуточных выборов в Штатах, намеченных на ноябрь 2026 года🤷‍♂️ 📉Алроса -0.8% Гендиректор De Beers сообщил о стабилизации и начале роста цен на природные алмазы на фоне сокращения предложения и роста спроса🤔 📉Юнипро -0.3% Банк России принял решение о привлечении энергетической компании «Юнипро» к административной ответственности. Ей грозит штраф по части 2 статьи 15.19 КоАП РФ, говорится в сообщении ЦБ. Речь идет о нераскрытии или нарушении порядка и сроков раскрытия информации на финансовых рынках. Банк России не раскрывает подробности нарушения👏 Полная карта рынка: https://smart-lab.ru/q/map Билеты на нашу осеннюю конфу на 20% дешевле по промокоду LONG: https://confa.smart-lab.ru/msk26 СМАРТЛАБ | MAX | ВК",23.09.2026,18:58,СМАРТЛАБ НОВОСТИ,23.09.2026 18:58:45,,,
Возможно,"#Банки #Политика Банки начнут проверять происхождение наличных при пополнении счетов — глава службы финансового мониторинга и валютного контроля ЦБ Богдан Шабля ЦБ готовит новые рекомендации по контролю источников денег у физлиц и компаний — проверки затронут внесение рублей на счёт и обмен валюты. Кроме того, регулятор планирует внести изменения в 115-ФЗ в части контроля происхождения наличных средств.",23.09.2026,18:58,Сигналы РЦБ,23.09.2026 18:58:49,,,
Важно,"❗️🇷🇺#инфляция #россия #отчетность ИНФЛЯЦИЯ В РФ С 15 ПО 21 СЕНТЯБРЯ 2026 ГОДА СОСТАВИЛА 0,06% ПРОТИВ 0,02% НЕДЕЛЕЙ РАНЕЕ - РОССТАТ ГОДОВАЯ ИНФЛЯЦИЯ В РФ НА 21 СЕНТЯБРЯ СНИЗИЛАСЬ ДО 6,26% С 6,27% НА 14 СЕНТЯБРЯ - РАСЧЕТЫ ИФ ГОДОВАЯ ИНФЛЯЦИЯ В РФ НА 21 СЕНТЯБРЯ ЗАФИКСИРОВАНА НА УРОВНЕ 6,22% - МИНЭКОНОМРАЗВИТИЯ",23.09.2026,19:00,MarketTwits,23.09.2026 19:00:16,ЦБ,,
Важно,"Росстат — Инфляция в РФ 📈 Инфляция в РФ с 15 по 21 сентября 2026 года составила 0,06% против 0,02% неделей ранее 📉 Годовая инфляция в РФ на 21 сентября снизилась до 6,26% с 6,27% на 14 сентября Минэкономразвития — Инфляция в РФ 📉 Инфляция в России на 21 сентября составила 6,22% в годовом выражении против 6,24% на 14 сентября Читать далее 👉 https://smartlab.news/i/205164 мы в max",23.09.2026,19:00,СМАРТЛАБ НОВОСТИ,23.09.2026 19:00:35,ЦБ,,
Возможно,#Макро НЕДЕЛЬНАЯ ИНФЛЯЦИЯ 0.06% (НЕДЕЛЕЙ РАНЕЕ ИНФЛЯЦИЯ 0.02%),23.09.2026,19:00,Сигналы РЦБ,23.09.2026 19:00:48,,,
Возможно,"❗️🇷🇺#экономика #россия #отчетность ПРОМПРОИЗВОДСТВО В РФ В АВГУСТЕ СНИЗИЛОСЬ НА 0,6% (ОЖИДАЛСЯ РОСТ НА 0,4% - ИФ) ПОСЛЕ РОСТА НА 0,4% В ИЮЛЕ - РОССТАТ",23.09.2026,19:01,MarketTwits,23.09.2026 19:01:29,,,
Возможно,"#Макро ПРОМПРОИЗВОДСТВО В РФ В АВГУСТЕ СНИЗИЛОСЬ НА 0,6% (ОЖИДАЛСЯ РОСТ НА 0,4%) ПОСЛЕ РОСТА НА 0,4% В ИЮЛЕ - РОССТАТ",23.09.2026,19:01,Сигналы РЦБ,23.09.2026 19:01:53,,,
Возможно,Ускоряемся,23.09.2026,19:04,Сигналы РЦБ,23.09.2026 19:04:02,,,
Важно,"#Политика На период возможных переговоров мы не будем делать паузу в СВО, поскольку уже научены прошлым опытом — Лавров",23.09.2026,19:25,Сигналы РЦБ,23.09.2026 19:25:20,Украина,,
Важно,⚠️🇺🇦🇫🇮#нато #украина #финляндия #геополитика Финляндия и Украина подписали соглашение о дронах -- Стубб,23.09.2026,19:32,MarketTwits,23.09.2026 19:32:37,Украина,,
Возможно,"Суд взыскал с Rio Tinto 66% оператора Оюу-Толгой и $1,28 млрд по иску Русала — Ъ #RUAL Читать далее 👉 https://smartlab.news/i/205167 мы в max",23.09.2026,19:36,СМАРТЛАБ НОВОСТИ,23.09.2026 19:36:37,,,
Важно,"📈 Акции ВИ.ру выросли на 5% на фоне ожиданий, что 28 сентября СД одобрит buyback #VSEH Читать далее 👉 https://smartlab.news/i/205168 мы в max",23.09.2026,19:47,СМАРТЛАБ НОВОСТИ,23.09.2026 19:47:40,ВИ.ру,,
Не важно,США готовят 90-дневный запрет на экспорт дизельного топлива — Politico Читать далее 👉 https://smartlab.news/i/205169 мы в max,23.09.2026,19:51,СМАРТЛАБ НОВОСТИ,23.09.2026 19:51:39,,,
Не важно,🚫🛢🇺🇸#топливо #сша АДМИНИСТРАЦИЯ ТРАМПА ГОТОВИТ ПЛАН ПО ЗАПРЕТУ ЭКСПОРТА ДИЗЕЛЬНОГО ТОПЛИВА НА 90 ДНЕЙ - POLITICO,23.09.2026,20:00,MarketTwits,23.09.2026 20:00:31,,,
Возможно,Активные продажи облигаций Балтийского лизинга связаны с текущей рыночной ситуацией и негативом по другим крупным эмитентам — компания Читать далее 👉 https://smartlab.news/i/205170 мы в max,23.09.2026,20:01,СМАРТЛАБ НОВОСТИ,23.09.2026 20:01:15,,,
Не важно,📈 Доходность пятилетних казначейских облигаций США впервые с 2007 года превысила 5% Читать далее 👉 https://smartlab.news/i/205171 мы в max,23.09.2026,20:17,СМАРТЛАБ НОВОСТИ,23.09.2026 20:17:50,,,
Не важно,"🇨🇳#nev #авто #0175HK Китайская Geely бросила вызов китайской BYD и представила новую зарядку для электромобилей Geely Smart Charge с пиковой мощностью 2250 кВт. Технология Smart Charge заряжает батарею примерно за 4 мин. Это вдвое быстрее, чем у BYD, который анонсировал для своих станций и батарей Blade 2.0 зарядку с 10 до 97% за 9 минут. Несмотря на экстремальную мощность, использование ИИ и инновационной системы 3D-терморегулирования позволило предотвратить перегрев и деградацию ячеек. Geely заявляет, что батарея выдержит до 3500 циклов зарядки-разрядки с минимальной потерей характеристик.",23.09.2026,20:37,MarketTwits,23.09.2026 20:37:07,,,
Не важно,Запрет Трампа на экспорт дизеля ударит по союзникам США — Bloomberg Читать далее 👉 https://smartlab.news/i/205172 мы в max,23.09.2026,20:39,СМАРТЛАБ НОВОСТИ,23.09.2026 20:39:42,,,
Не важно,"❗️🛢🇺🇸#топливо #сша БЕЛЫЙ ДОМ ОПРОВЕРГ СООБЩЕНИЕ POLITICO О ТОМ, ЧТО АДМИНИСТРАЦИЯ ТРАМПА ГОТОВИТ ПЛАН ПО ЗАПРЕТУ ЭКСПОРТА ДИЗЕЛЬНОГО ТОПЛИВА",23.09.2026,20:42,MarketTwits,23.09.2026 20:42:03,,,
Возможно,"Ozon, Яндекс и Сбер возглавили рейтинг любимых брендов россиян — РБК #YDEX #OZON #SBER Читать далее 👉 https://smartlab.news/i/205173 мы в max",23.09.2026,20:42,СМАРТЛАБ НОВОСТИ,23.09.2026 20:42:22,,,
Возможно,Белый дом назвал фейком сообщения о планах запрета экспорта дизеля Читать далее 👉 https://smartlab.news/i/205174 мы в max,23.09.2026,20:43,СМАРТЛАБ НОВОСТИ,23.09.2026 20:43:08,,,
Важно,"#Политика Зеленский выступает в ГА ООН. Назвал Путина пациентом номер 0. Заявил, что не понятно, почему Путин не хочет остановиться",23.09.2026,21:06,Сигналы РЦБ,23.09.2026 21:06:36,Украина,,
Важно,"#Политика Мы стараемся ""сжечь"" российские доходы. Когда у России есть деньги, она говорит ""нет"" дипломатии — Зеленский",23.09.2026,21:08,Сигналы РЦБ,23.09.2026 21:08:27,Украина,,
Не важно,#Бонды Доходность 10-летних казначейских облигаций США сегодня +3.3% На уровнях августа 2007 года,23.09.2026,21:16,Сигналы РЦБ,23.09.2026 21:16:08,,,
Не важно,🇬🇧#nev #британия #авто FT: первый электромобиль Bentley будет стоить вдвое дешевле Ferrari Luce Bentley анонсировал свой первый электромобиль кроссовер Torcal в июле 2026г,23.09.2026,21:16,MarketTwits,23.09.2026 21:16:32,,,
Важно,#Политика Нам нужны шаги по деэскалации до зимы — Зеленский Иначе угрожает атаковать энергетические объекты РФ зимой,23.09.2026,21:18,Сигналы РЦБ,23.09.2026 21:18:52,Украина,,
Важно,"#Политика Россия, безусловно проиграет эту войну. Но ее нужно остановить как можно скорее — Зеленский",23.09.2026,21:21,Сигналы РЦБ,23.09.2026 21:21:20,Украина,,
Важно,"#Политика Россия может пойти в Европу — Зеленский 🤡 Проиграет, но пойдет на Европу?",23.09.2026,21:22,Сигналы РЦБ,23.09.2026 21:22:03,Украина,,
Важно,"⚠️🇺🇦#украина #геополитика Зеленский на выступлении в ГА ООН пообещал сделать эту зиму ""болезненной"" для России, если удары по энергетике не прекратятся.",23.09.2026,21:23,MarketTwits,23.09.2026 21:23:41,Украина,,
Важно,"#Политика Зеленский закончил выступление Как и большинство политиков, выступавших на ГА ООН, ничего толком не сказал, кроме пустых лозунгов и популизма.",23.09.2026,21:26,Сигналы РЦБ,23.09.2026 21:26:31,Украина,,
Возможно,Мособлсуд утвердил арест трёх топ-менеджеров ЕвроТранса — Интерфакс #EUTR Читать далее 👉 https://smartlab.news/i/205175 мы в max,23.09.2026,21:28,СМАРТЛАБ НОВОСТИ,23.09.2026 21:28:25,,,
Важно,⚠️🇺🇦🇦🇺#украина #австралия #геополитика Украина и Австралия подписали двустороннее соглашение о безопасности — Зеленский,23.09.2026,21:35,MarketTwits,23.09.2026 21:35:04,Украина,,
Возможно,"🇷🇺#ии #россия Греф призвал компании не откладывать внедрение ИИ в бизнес и предупредил бизнес о потере конкурентности из-за отказа от ИИ «Можно подождать, пока системы станут надежнее, быстрее и дешевле. Но такой подход возможен только для компаний, которые находятся в неконкурентной среде. Пока вы раздумываете, насколько это релевантно для вас, конкуренты могут вас обогнать. Поэтому нужно начинать вкладывать деньги, пробовать и экспериментировать»",23.09.2026,21:38,MarketTwits,23.09.2026 21:38:25,,,
Возможно,Минтранс предложил финансировать достройку ледоколов за счёт портового сбора — Ъ #NMTP Читать далее 👉 https://smartlab.news/i/205176 мы в max,23.09.2026,21:50,СМАРТЛАБ НОВОСТИ,23.09.2026 21:50:30,,,
Возможно,"Конечно, приезжай, ждём!😂 👉 https://conf.smart-lab.ru",23.09.2026,21:56,СМАРТЛАБ НОВОСТИ,23.09.2026 21:56:33,,,
Не важно,✴️#BTC #cot #крипто Институционалы продолжали покупать BTC на протяжении всего последнего цикла снижения цены — исследование Bitwise,23.09.2026,21:57,MarketTwits,23.09.2026 21:57:05,,,
Не важно,В Сбере ИИ уже стал основой бизнес-модели — Герман Греф #SBER Читать далее 👉 https://smartlab.news/i/205177 мы в max,23.09.2026,21:58,СМАРТЛАБ НОВОСТИ,23.09.2026 21:58:41,,,
Важно,"❗️🇷🇺🇺🇸#событие #россия #сша ДМИТРИЕВ ЛЕТИТ В США Кирилл Дмитриев направляется в США для новых переговоров с членами администрации Трампа — RTRS Дмитриев планирует встретиться с Уиткоффом и Кушнером. На переговорах обсудят темы, затронутые во время визита Уиткоффа и Кушнера в Москву в начале сентября. Цель визита — поддержать российско-американский диалог и усилия по урегулированию конфликта на Украине.",23.09.2026,22:05,MarketTwits,23.09.2026 22:05:32,Украина,,
Не важно,Дмитриев направляется в США для переговоров с администрацией Трампа — источники Reuters Читать далее 👉 https://smartlab.news/i/205178 мы в max,23.09.2026,22:06,СМАРТЛАБ НОВОСТИ,23.09.2026 22:06:27,,,
Не важно,#Политика Дмитриев направляется в США для новых переговоров с членами администрации Трампа — RTRS,23.09.2026,22:06,Сигналы РЦБ,23.09.2026 22:06:58,,,
Не важно,❗️🧠#ии #warning #оон Глава Anthropic в совбезе ООН: ИИ может представлять угрозу для человечества в целом. Anthropic замедлит развитие ИИ по мере необходимости из соображений безопасности,23.09.2026,22:27,MarketTwits,23.09.2026 22:27:25,,,
Не важно,"❗️🛢🇺🇸#топливо #сша Глава Минэнерго США еще раз подтвердил, что запрет экспорта дизеля из США не обсуждается — NYT",23.09.2026,22:30,MarketTwits,23.09.2026 22:30:18,,,
Возможно,🇷🇺🇺🇸#россия #сша Дмитриев: администрация Трампа выступает за сохранение диалога с Россией,23.09.2026,22:49,MarketTwits,23.09.2026 22:49:37,,,
Не важно,"📈 IMOEX2 ускорил рост до 1,1% на новостях о поездке Дмитриева в США Читать далее 👉 https://smartlab.news/i/205180 мы в max",23.09.2026,22:59,СМАРТЛАБ НОВОСТИ,23.09.2026 22:59:25,,,
Не важно,"❗️🧠#ии #warning #оон Глава OpenAI Альтман, как и глава Anthropic, на выступлении в Совбезе ООН предупредил о риске потери контроля над ИИ заявив, что системы ИИ становятся более мощными и автономными и могут развиваться быстрее, чем разработчики и регуляторы способны реагировать.",23.09.2026,23:13,MarketTwits,23.09.2026 23:13:35,,,
Не важно,⚠️🇪🇺#дкп #европа Трейдеры полностью заложили 4 повышения ставки ЕЦБ к октябрю 2027г — BBG,23.09.2026,23:16,MarketTwits,23.09.2026 23:16:32,,,
Не важно,⚠️🇺🇸#доходности #сша #облигации #дкп Рынки США закрылись сильным обвалом гособлигаций США Трейдеры наращивают ставки на повышение ставки ФРС на фоне резкого роста доходностей — BBG,23.09.2026,23:22,MarketTwits,23.09.2026 23:22:28,,,
Не важно,"⚠️🇺🇸#акции #сша #обзор Несмотря на рост в SP500 и Nasdaq, DOW и Russell 2000 пока продолжают снижение",23.09.2026,23:26,MarketTwits,23.09.2026 23:26:09,,,
Не важно,⬆️🇷🇺#акции #россия #обзор,23.09.2026,23:30,MarketTwits,23.09.2026 23:30:23,,,
Возможно,"#Политика История поездок Дмитриева в СШАДинамика индекса с закрытия дня, когда вышла новость о визите Дмитриева в СШАДатаIMOEX через 7 днIMOEX через месяц2-3 апр 25г-8.7%-3.6%24-26 окт 25г-0.9%+4.7%21-22 дек 25г-1.5%-0.9%31 янв 26г-1.5%+1.7%11 мар 26г+0.55%-5.0%10 апр 26г-0.12%-2.8% Во всех случаях, кроме марта 2026 года, в течение недели после сообщений о визите Дмитриева в США рынок падал (в марте помог рост нефти и конфликт в Иране). Удастся ли в этот раз привезти позитив?",23.09.2026,23:30,Сигналы РЦБ,23.09.2026 23:30:59,,,
Не важно,"⬆️✴️#BTC #крипто #обзор Фиксация прибыли в BTC сейчас не сильная, значимого давления со стороны продавцов нет. Притоки в спотовые ETF набирают обороты. Объемы торгов растут. В альткоинах сильный рост и пока без особых плечей. Следующая значимая зона сопротивления на уровне $95 000 - 97 000 — обзор Glassnode",23.09.2026,23:38,MarketTwits,23.09.2026 23:38:08,,,
Важно,"На ракете, б** — Зеленский на вопрос российских журналистов, когда он поедет в Москву",23.09.2026,23:40,Сигналы РЦБ,23.09.2026 23:40:29,Украина,,
Не важно,mt в max 🗓КАЛЕНДАРЬ НА СЕГОДНЯ — 2026.09.24 🇨🇳🇺🇸Си Цзиньпин с госвизитом в США - переговоры с Трампом в Вашингтоне 🌎81-я сессия Генеральной Ассамблеи ООН в Нью-Йорке - день 3 🇯🇵Япония - Manufacturing/Services/Composite PMI (сент-предв) - 03:30мск 🇨🇭Швейцария - ставка ЦБ - 10:30мск 🇩🇪Германия - Ifo Business Climate Index (сент) - 11:00мск 🇨🇭пресс-конф ЦБ Швейцарии - 11:30мск 🇺🇸США - Initial Jobless Claims - 15:30мск 🇺🇸США - New Home Sales (авг) - 17:00мск 🛢натгаз США - запасы EIA - 17:30мск 🇺🇸США - KC Fed Manufacturing Index (сент) - 18:00мск 🇷🇺Кабмин рассмотрит проект федерального бюджета на 2027-2029гг 🇷🇺#ZAYM Займер - День инвестора - 18:00мск 🇷🇺#BSPB Банк Санкт-Петербург - ВОСА по погашению приобретенных обществом акций 🇷🇺СД по дивидендам: #AKRN 🇷🇺ВОСА по дивидендам: #BSPB ✴️Phantom прекратит поддержку сети Sui попсовые отчетности: 🇺🇸#BB BlackBerry - 13:55мск 🇺🇸#COST Costco - 23:15мск,24.09.2026,6:50,MarketTwits,24.09.2026 6:50:57,,,
Не важно,🌎#markets,24.09.2026,6:51,MarketTwits,24.09.2026 6:51:25,,,
Не важно,🌎#fx USDCNY = 6.71 USDTRUB = 88.20,24.09.2026,6:53,MarketTwits,24.09.2026 6:53:01,,,
Не важно,💥🇺🇸🇨🇳#торговля #сша #китай БЕССЕНТ: США И КНР ПРОДЛИЛИ ПУСАНСКОЕ СОГЛАШЕНИЕ ДО 10 ЯНВАРЯ Трамп нарушил 60-летний протокол и лично встретил Си у трапа самолета,24.09.2026,6:54,MarketTwits,24.09.2026 6:54:39,,,
Не важно,"🛢#нефть #логистика #бмп Хуситы опять сообщили, что движение в Баб-эль-Мандебском проливе открыто для всех, кроме С.Аравии за 10 дней прошло более 400 судов",24.09.2026,6:56,MarketTwits,24.09.2026 6:56:08,,,
Не важно,❗️🇯🇵#япония #экономика #отчетность Япония (сент -предв) Manufacturing PMI = 54.1 (ранее 52.5) Services PMI = 51.6 (ранее 54.9) Composite PMI = 52.5 (ранее 53.5),24.09.2026,7:00,MarketTwits,24.09.2026 7:00:03,,,
Возможно,"🇷🇺#блогеры #регулирование #россия ЦБ продолжит работу по противодействию недобросовестным финблогерам — ТАСС ""Регулятор будет продолжать работу по противодействию недобросовестным финфлюенсерам, которые манипулируют выбором инвесторов в своих интересах, и последовательно усиливать действующие требования регулирования по этому направлению""",24.09.2026,7:04,MarketTwits,24.09.2026 7:04:07,,,
Не важно,⚠️🇹🇷#турция #fatf FATF перевела Турцию на усиленный мониторин,24.09.2026,7:08,MarketTwits,24.09.2026 7:08:44,,,
Не важно,Бессент: США и КНР продлили Пусанское соглашение до 10 января Читать далее 👉 https://smartlab.news/i/205181 мы в max,24.09.2026,7:11,СМАРТЛАБ НОВОСТИ,24.09.2026 7:11:08,,,
Не важно,⬆️🇺🇸#fx #сша Индекс доллара США (DXY) быстро растет. Доллар укрепляется против основных валют на фоне ожиданий повышения ставки ФРС из-за стремительного роста доходностей на рынке облигаций,24.09.2026,7:11,MarketTwits,24.09.2026 7:11:55,,,
Не важно,"⬆️✴️#BTC #крипто #обзор Притоки в спотовые BTC ETF продолжаются, но замедляются — данные SoSoValue",24.09.2026,7:13,MarketTwits,24.09.2026 7:13:19,,,
Не важно,"🇺🇸🇨🇳#ии #сша #китай #бизнес Сегодня на государственном ужине Трампа и Си Цзиньпина будут присутствовать глава Nvidia Хуанг, Маск, Безос, Альтман, Майкл Делл, Тим Кук, глава Citi Джейн Фер #NVDA #AMZN #DELL #SPCX #GOOGL #AAPL",24.09.2026,7:14,MarketTwits,24.09.2026 7:14:02,,,
Не важно,⬇️🇷🇺#IMOEX = -0.3% на открытии,24.09.2026,7:16,MarketTwits,24.09.2026 7:16:21,,,
Возможно,ЦБ будет продолжать работу по противодействию недобросовестным финблогерам — ТАСС Читать далее 👉 https://smartlab.news/i/205182 мы в max,24.09.2026,7:16,СМАРТЛАБ НОВОСТИ,24.09.2026 7:16:47,,,
Возможно,"Стоимость перевозки российского угля в Китай достигла рекорда, но экспорт пока остается рентабельным — Ъ #MTLR #RASP Читать далее 👉 https://smartlab.news/i/205183 мы в max",24.09.2026,7:19,СМАРТЛАБ НОВОСТИ,24.09.2026 7:19:45,,,
Возможно,"⬆️🇷🇺#уголь #россия Перевозка угля в Китай из порта Восточный подорожала до рекорда. Аналитики ждут сохранения высоких ставок до октября, а угольщики отмечают, что текущие цены в портах Дальнего Востока и курс рубля позволяют экспорту оставаться рентабельным. — Ъ",24.09.2026,7:19,MarketTwits,24.09.2026 7:19:59,,,
Не важно,💥🇺🇸#BA #авиа Бангладеш закупит еще 11 Boeing ради укрепления торговых связей с США,24.09.2026,7:21,MarketTwits,24.09.2026 7:21:22,,,
Не важно,"⚠️🇨🇦🇺🇸#канада #сша В Оттаве приняли решение переименовать названную в честь Трампа улицу "" Трамп-авеню "" во что-нибудь другое",24.09.2026,7:23,MarketTwits,24.09.2026 7:23:14,,,
Не важно,🇺🇸🇪🇺#климат #сша #европа Politico: в США и ЕС начали обсуждать технологии ограничения солнечного света в качестве возможного инструмента для борьбы с глобальным потеплением...,24.09.2026,7:24,MarketTwits,24.09.2026 7:24:48,,,
Возможно,Розничным ПИФам разрешили вкладываться в неторгуемые активы и новые инструменты с лимитом до 10% — Ведомости Читать далее 👉 https://smartlab.news/i/205184 мы в max,24.09.2026,7:28,СМАРТЛАБ НОВОСТИ,24.09.2026 7:28:54,,,
Не важно,"✴️#BTC #крипто #обзор ""Умные деньги"" активно покупают BTC уже 10 недель подряд — Santiment",24.09.2026,7:29,MarketTwits,24.09.2026 7:29:11,,,
Важно,"🇺🇸🇺🇦#ии #сша #украина OpenAI заявила о планах предоставить Украине доступ к своей системе киберзащиты Daybreak. В компании сообщили, что будут сотрудничать с Министерством цифровой трансформации Украины, а также объявили, что инструмент будет использоваться для защиты гражданской инфраструктуры.",24.09.2026,7:30,MarketTwits,24.09.2026 7:30:45,Украина,,
Важно,ЕС с 2024 года передал Украине €8 млрд из доходов от замороженных российских активов Читать далее 👉 https://smartlab.news/i/205185 мы в max,24.09.2026,7:32,СМАРТЛАБ НОВОСТИ,24.09.2026 7:32:07,Украина,,
Важно,"⚠️🇺🇦#украина #геополитика Зеленский пообещал прилететь в Москву «На ракете, бл*дь» Кремль пока не сообщил располагает ли Москва техническими возможностями принять Зеленского «На ракете, бл*дь»",24.09.2026,7:33,MarketTwits,24.09.2026 7:33:51,Украина,,
Не важно,⚠️🧠#ии #хак Уже каждый шестой взлом ИТ-инфраструктуры в мире совершается с помощью ИИ — InfoWatch,24.09.2026,7:37,MarketTwits,24.09.2026 7:37:43,,,
Важно,"ОЭСР снизила прогноз роста ВВП России на 2027 год до 0,6% и повысила оценку инфляции до 6% — Ведомости Читать далее 👉 https://smartlab.news/i/205186 мы в max",24.09.2026,7:38,СМАРТЛАБ НОВОСТИ,24.09.2026 7:38:24,ЦБ,,
Не важно,"⚠️🧠#ии #хак ПМ Австралии Энтони Албаниз заявил, что ИИ-агент OpenAI взломал сайт государственной службы медстрахования.",24.09.2026,7:38,MarketTwits,24.09.2026 7:38:48,,,
Не важно,🇰🇬#выборы #кыргызстан Парламент Кыргызстана назначил президентские выборы на 27 января 2027г,24.09.2026,7:41,MarketTwits,24.09.2026 7:41:31,,,
Возможно,"⚠️🌎#облигации #мир #доходности #нефть FT: глобальные распродажи облигаций усиливаются на фоне цен на нефть выше $100 GLOBAL BOND SELL-OFF DEEPENS AS OIL HOLDS ABOVE $100 ———————————— 15 сентября Бессент заявил, что в росте доходностей виноват рост цен на нефть",24.09.2026,7:43,MarketTwits,24.09.2026 7:43:44,,,
Не важно,⚠️🌎#мус #санкции Microsoft прекратила сотрудничество с МУС из-за санкций США,24.09.2026,7:45,MarketTwits,24.09.2026 7:45:12,,,
Важно,⚠️🇬🇧🇺🇦#украина #британия #геополитика Борис Джонсон - продолжает требовать усиления ударов по России,24.09.2026,7:48,MarketTwits,24.09.2026 7:48:16,Украина,,
Не важно,"⚠️🇺🇸#акции #сша #обзор 60% акций из индекса S&P 500 сейчас торгуются ниже своей 100-дневной скользящей средней. Это худший показатель силы рынка с марта, отмечают эксперты",24.09.2026,7:51,MarketTwits,24.09.2026 7:51:11,,,
Возможно,Подмосковье обогнало Старую Москву по количеству заключенных ДДУ и по проданным кв.м. в новостройках — РБК Недвижимость Читать далее 👉 https://smartlab.news/i/205187 мы в max,24.09.2026,7:53,СМАРТЛАБ НОВОСТИ,24.09.2026 7:53:41,,,
Не важно,"⚠️🇫🇷#доходности #облигации #франция Доходность 10-леток Франции продолжает обновлять максимумы со времен мирового финансового кризиса —————————————— Спред по доходностям к немецким госбондам продолжил увеличиваться, что говорит о росте опасений насчет платежеспособности Франции, отмечают эксперты",24.09.2026,7:56,MarketTwits,24.09.2026 7:56:04,,,
Возможно,Топливный кризис в России продолжается: после новых атак на НПЗ бензин в регионы приходится перераспределять вручную — Forbes #ROSN #LKOH #SNGS #TATN #SIBN Читать далее 👉 https://smartlab.news/i/205189 мы в max,24.09.2026,8:05,СМАРТЛАБ НОВОСТИ,24.09.2026 8:05:15,,,
Важно,"⚠️🇺🇦#украина #экономика #геополитика Европейский банк реконструкции и развития (ЕБРР) заявил, что участившиеся авиаудары России значительно ухудшили экономические перспективы Украины, приблизив страну к состоянию, близкому к стагнации.",24.09.2026,8:06,MarketTwits,24.09.2026 8:06:13,Украина,,
Возможно,"🇷🇺#техи #россия В Госдуме создадут комитет по технологическому лидерству — Ведомости Руководитель центрального исполкома «Единой России» депутат Александр Сидякин в IX созыве Госдумы может возглавить новый комитет – по обеспечению технологического лидерства. Об этом «Ведомостям» сказали четыре собеседника, близких к администрации президента (АП).",24.09.2026,8:09,MarketTwits,24.09.2026 8:09:12,,,
Не важно,"⚠️🌎#долг #мир #макро Мировой долг в 1п 2026г достиг рекордных $365 трлн — Институт международных финансов (IFF) Основная часть прироста пришлась на развивающиеся страны. В годовом выражении их совокупный долг увеличился на $6,5 трлн и превысил $110 трлн. Наибольший уровень долга среди развивающихся стран приходится на Китай.",24.09.2026,8:12,MarketTwits,24.09.2026 8:12:37,,,
Не важно,"🇺🇸#трамп #сша #суд Судья отменил запрет Трампа на вещание CNN, MS Now и Politico в Белом доме — RTRS",24.09.2026,8:17,MarketTwits,24.09.2026 8:17:44,,,
Возможно,"Независимые АЗС снова зарабатывают на бензине, но при этом рост закупочных и логистических затрат съедает значительную часть маржи — Известия Читать далее 👉 https://smartlab.news/i/205190 мы в max",24.09.2026,8:21,СМАРТЛАБ НОВОСТИ,24.09.2026 8:21:03,,,
Возможно,"🚫🛢🇷🇺#топливо #россия В России уже третья с мая волна топливного кризиса. Интенсивность атак на нефтеперерабатывающие заводы снизилась по сравнению с августом, но за три недели все равно пострадали восемь НПЗ — FORBES",24.09.2026,8:22,MarketTwits,24.09.2026 8:22:53,,,
Не важно,"🇷🇺#russia #today Деньги за билеты на концерт Канье Уэста, купленные по акции, возвращены не будут — BAZA",24.09.2026,8:24,MarketTwits,24.09.2026 8:24:01,,,
Возможно,Сбербанк запустил выдачу банковских карт непосредственно через банкоматы. Первые 70 устройств с новой функцией заработали в Нижнем Новгороде — Ъ #SBER Читать далее 👉 https://smartlab.news/i/205193 мы в max,24.09.2026,8:29,СМАРТЛАБ НОВОСТИ,24.09.2026 8:29:20,,,
Не важно,"✴️🇺🇸#крипто #стейблкоины #облигации #сша Правительство США рассматривает возможность поощрения использования долларовых стейблкоинов за рубежом, чтобы укрепить статус доллара как мировой резервной валюты и повысить спрос на казначейские облигации США. — BBG облигации США сейчас в сильнейшем пике, а долг улетает в стратосферу со скоростью света — мониторинг",24.09.2026,8:29,MarketTwits,24.09.2026 8:29:52,,,
Возможно,"Чистый прирост торговых площадей продуктовых ритейлеров в I полугодии упал на 46,2% г/г и стал минимальным с 2011 года — Ъ #MGNT #X5 Читать далее 👉 https://smartlab.news/i/205194 мы в max",24.09.2026,8:37,СМАРТЛАБ НОВОСТИ,24.09.2026 8:37:17,,,
Важно,🇺🇦🇺🇸#украина #геополитика Делегация Киева провела переговоры с Уиткоффом и Кушнером на полях ГА ООН — Зеленский,24.09.2026,8:40,MarketTwits,24.09.2026 8:40:16,Украина,,
Возможно,"⬇️🇷🇺#экономика #россия #прогноз ЕБРР понизил прогноз роста ВВП РФ в 2026 году до 0,5% с 0.8% прогноз на 2027г снижен до 0.7% с 1%",24.09.2026,8:46,MarketTwits,24.09.2026 8:46:07,,,
Возможно,Премия Urals к Brent и слабый рубль поддерживают прибыль нефтяников и повышают ожидания по дивидендам — РБК #ROSN #LKOH #TATN Читать далее 👉 https://smartlab.news/i/205195 мы в max,24.09.2026,8:49,СМАРТЛАБ НОВОСТИ,24.09.2026 8:49:23,,,
Важно,⚠️🇮🇷🇪🇺#иран #нато #европа #геополитика Министр иностранных дел Ирана Арагчи выступил с жёстким предупреждением в адрес Европы и НАТО относительно их роли в поддержке военных операций против сектора Газа и Ирана,24.09.2026,8:50,MarketTwits,24.09.2026 8:50:04,Украина,,
Не важно,"🇺🇸🇦🇷#сша #аргентина #логистика #рзм США и Аргентина запустят совместный инфраструктурный проект ""коридор Анды - Атлантика"", соединяющий месторождения полезных ископаемых в Аргентине с портами Атлантического океана — МИД Аргентины",24.09.2026,8:52,MarketTwits,24.09.2026 8:52:49,,,
Важно,"⚠️🇺🇦#украина #геополитика Зеленский завил, что хочет встретиться с Путиным и Трампом в декабре Кремль ранее неоднократно заявлял, что Зеленского ждут в Москве",24.09.2026,8:54,MarketTwits,24.09.2026 8:54:20,Украина,,
Не важно,"🇨🇳🇺🇸#китай #сша Си Цзиньпин: - Китай и США должны стать партнерами, а не соперниками - Китай и США должны проложить путь к мирному сосуществованию",24.09.2026,8:58,MarketTwits,24.09.2026 8:58:56,,,
Важно,"Зеленский заявил, что G20 реальная возможность для проведения трехсторонней встречи с Путиным и Трампом Читать далее 👉 https://smartlab.news/i/205196 мы в max",24.09.2026,8:59,СМАРТЛАБ НОВОСТИ,24.09.2026 8:59:09,Украина,,
Не важно,"🔔 Доброе утро! Сегодня 24.09 ожидаем следующие события: 🇷🇺 Займер: День инвестора Займер 2026 🇷🇺 Банк Санкт-Петербург: ВОСА по дивидендам за 1п 2026г в размере 19,17 руб/обычка и 0,22 руб/преф 🇷🇺 Акрон: СД по дивидендам из прибыли по результатам прошлых лет 🇷🇺 Правительство рассмотрит федеральный бюджет на 2027-2029 годы 🇷🇺 XXIII Международный банковский форум 🇷🇺 Пленарка банковского форума: Набиуллина, Дерипаска, Костин 🇷🇺 XVIII Российский конгресс Private Equity и XIV Форум венчурных инвесторов 📆 Полный календарь тут: https://smart-lab.ru/calendar/stocks/ ✊Удачных инвестиций!",24.09.2026,9:00,СМАРТЛАБ НОВОСТИ,24.09.2026 9:00:06,,,
Не важно,"⚠️🇺🇸🇨🇳#торговыевойны #сша #китай Бессент заявил, что он не уверен в том, что продление на два месяца договоренностей с Китаем в сфере торговли приведет к заключению более масштабной торговой сделки.",24.09.2026,9:01,MarketTwits,24.09.2026 9:01:23,,,
Не важно,🇬🇧#ии #британия #контроль Глава МИД Британии заявил о необходимости госконтроля над разработчиками ИИ,24.09.2026,9:02,MarketTwits,24.09.2026 9:02:32,,,
Не важно,⬆️🇷🇺#KLVZ = +17%,24.09.2026,9:05,MarketTwits,24.09.2026 9:05:29,,,
Не важно,"🇷🇺#russia #today В американском агентстве Access Opera подтвердили концерт Канье Уэста в Петербурге — портал 78ru Шоу по-прежнему в силе на 10 и 11 октября, — подчеркнул собеседник Редакция 78ru заметила, что на сайте организатора SAY Agency вновь появилась афиша шоу.",24.09.2026,9:12,MarketTwits,24.09.2026 9:12:09,,,
Возможно,"Ставку до конца года снизят максимум на 0,5 п.п., а рубль может ослабнуть к 85–90 за доллар — глава Эксперт РА Марина Чекурова в интервью ТАСС Читать далее 👉 https://smartlab.news/i/205199 мы в max",24.09.2026,9:13,СМАРТЛАБ НОВОСТИ,24.09.2026 9:13:13,,,
Возможно,"🇷🇺#банки #россия Эксперт РА не исключает, что в ближайшие годы количество банков в России может сократиться еще на один-два десятка, а до конца этого года возможно еще четыре-пять точечных уходов банков с рынка",24.09.2026,9:15,MarketTwits,24.09.2026 9:15:15,,,
Возможно,"🚫🛢🇻🇪#нефть #венесуэла Продажи венесуэльской нефти с отгрузкой в октябре приостановлены после того, как рост фрахта осложнил переговоры между госкомпанией Petróleos de Venezuela S. A. и покупателями — BBG",24.09.2026,9:19,MarketTwits,24.09.2026 9:19:50,,,
Возможно,🇷🇺#порты #россия #флот Для достройки ледоколов предложен новый портовый сбор — Ъ,24.09.2026,9:30,MarketTwits,24.09.2026 9:30:47,,,
Не важно,"✴️🇬🇧#банки #крипто #rwa #британия Британские банки, в том числе Lloyds, NatWest, Barclays и HSBC, завершили первые в мире межбанковские транзакции с использованием токенизированных депозитов",24.09.2026,9:32,MarketTwits,24.09.2026 9:32:31,,,
Возможно,МНЕНИЕ: Угольная отрасль Кузбасса постепенно будет терять доминирующее положение. Угольные компании постепенно смещают производство на Дальний Восток вслед за экспортными потоками — Ведомости #MTLR #RASP #UKUZ Читать далее 👉 https://smartlab.news/i/205200 мы в max,24.09.2026,9:35,СМАРТЛАБ НОВОСТИ,24.09.2026 9:35:13,,,
Важно,⚠️🇷🇺#инфляция #россия Недельная инфляция в России достигла максимума с конца июля — данные Росстата Инфляционные ожидания россиян вновь начали расти в сентябре — опрос инФОМ по заказу Банка России,24.09.2026,9:36,MarketTwits,24.09.2026 9:36:08,ЦБ,,
Возможно,"#Нефтянка Продажи венесуэльской нефти с отгрузкой в октябре приостановлены после того, как рост фрахта осложнил переговоры между госкомпанией Petróleos de Venezuela S. A. и покупателями — Bloomberg",24.09.2026,9:36,Сигналы РЦБ,24.09.2026 9:36:42,,,
Важно,"⚠️🇷🇺#дкп #россия Проинфляционные факторы превалируют, нет аргументов в пользу снижения ставки — Альфа-банк",24.09.2026,9:38,MarketTwits,24.09.2026 9:38:35,ЦБ,,
Возможно,📈 Акции Ozon полностью отыграли августовский обвал после атак на склады. Сегодня акции поднимались почти до ₽3000 тогда как перед падением 21 августа стоили ₽2979 #OZON Читать далее 👉 https://smartlab.news/i/205202 мы в max,24.09.2026,9:40,СМАРТЛАБ НОВОСТИ,24.09.2026 9:40:48,,,
Важно,"⚠️🇦🇺🇷🇺#санкции #россия АВСТРАЛИЯ РАСШИРИЛА САНКЦИИ ПРОТИВ РФ, ВНЕСЯ В СПИСКИ 33 ФИЗЛИЦА И 35 ОРГАНИЗАЦИЙ — РИА",24.09.2026,9:43,MarketTwits,24.09.2026 9:43:46,,,
Возможно,"#Ритейл Чистый прирост торговых площадей у продуктовых ритейлеров упал на 46,2% за год — Коммерсантъ За январь—июнь 2026 года чистый прирост торговых площадей основных продуктовых ритейлеров в России составил 430,09 тыс. кв. м. Значение потеряло 46,2% за год, став минимальным с 2011 года. Падение инвестиционной активности в FMCG-рознице объясняется высокой стоимостью открытия магазинов, сокращением средней площади и региональными ограничениями на продажу алкоголя, приведшими к падению рентабельности бизнеса. Сокращение чистого прироста торговых площадей для рынка характерно уже несколько лет, но таким значительным стало впервые. В январе—июне 2023 года сокращение оценивалось в 3,5% в годовом выражении, в 2024 году — в 8,1%, в 2025-м — в 19,1%.",24.09.2026,9:46,Сигналы РЦБ,24.09.2026 9:46:18,,,
Важно,"Эрдоган на встрече с Зеленским заявил, что нападения на торговые суда в Черном море необходимо прекратить и призвал обеспечить безопасный экспорт зерна — Reuters Читать далее 👉 https://smartlab.news/i/205203 мы в max",24.09.2026,9:48,СМАРТЛАБ НОВОСТИ,24.09.2026 9:48:06,Украина,,
Не важно,⚠️🇺🇸#доходности #сша #облигации Доходность 5-леток США впервые с 2007г превысила отметку 5%,24.09.2026,9:51,MarketTwits,24.09.2026 9:51:53,,,
Возможно,⚠️🌎#доходности #облигации #мир Индекс доходностей мировых облигаций продолжает обновлять максимумы времен мирового финансового кризиса и приблизился к отметке 4%,24.09.2026,9:53,MarketTwits,24.09.2026 9:53:35,,,
Возможно,"⚠️🇷🇺#недвижимость #россия #отчетность Продажи новостроек в Москве за восемь месяцев сократились на 34% г/г — Росреестр, РИА но цены все равно растут 👍",24.09.2026,9:55,MarketTwits,24.09.2026 9:55:03,,,
Не важно,"📈Индекс Мосбиржи с утра прибавляет 0,8% до 2330 пунктов на информации СМИ, что концерт Канье Уэста в СПб всё-таки состоится Читать далее 👉 https://smartlab.news/i/205204 мы в max",24.09.2026,9:58,СМАРТЛАБ НОВОСТИ,24.09.2026 9:58:05,,,
Возможно,"#Уголь Перевозка угля в Китай из порта Восточный подорожала до рекорда — Коммерсантъ Активный экспорт и высокая стоимость судового топлива привели к тому, что стоимость фрахта российского угля из порта Восточный в Китай достигла максимальных значений за всю историю. Аналитики ждут сохранения высоких ставок до октября, а угольщики отмечают, что текущие цены в портах Дальнего Востока и курс рубля позволяют экспорту оставаться рентабельным.",24.09.2026,10:01,Сигналы РЦБ,24.09.2026 10:01:34,,,
Возможно,"Производство минеральных удобрений в августе 2026 г. снизилось на 3% г/г до 5,1 млн т — данные Росстата #PHOR #AKRN Читать далее 👉 https://smartlab.news/i/205205 мы в max",24.09.2026,10:03,СМАРТЛАБ НОВОСТИ,24.09.2026 10:03:08,,,
Не важно,🇷🇺#торги #россия #дкп 29 сентября Московская биржа начинает торги фьючерсом на Индекс ключевой ставки тикер #KK подробнее,24.09.2026,10:03,MarketTwits,24.09.2026 10:03:20,,,
Возможно,"Мосбиржа с 29 сентября начинает торги расчетным фьючерсом на Индекс ключевой ставки, код - KEYRATE, короткий код - KK Читать далее 👉 https://smartlab.news/i/205206 мы в max",24.09.2026,10:05,СМАРТЛАБ НОВОСТИ,24.09.2026 10:05:00,,,
Не важно,"#Политика США и Китай продлили торговое перемирие до 10 января — Ведомости По словам Бессента, стороны согласовали продление заключенного в Пусане соглашения, срок действия которого изначально истекал 10 ноября. Глава минфина США отметил, что Вашингтон рассматривает возможность как сохранить нынешние условия взаимодействия с Пекином, так и перейти к подготовке более масштабной сделки.",24.09.2026,10:08,Сигналы РЦБ,24.09.2026 10:08:21,,,
Возможно,"📈Акции КЛВЗ Кристалл раллируют более, чем на 16% на фоне вчерашней новости о сокращении потребления алкоголя в РФ в 2026 году на 10% #KLVZ Читать далее 👉 https://smartlab.news/i/205208 мы в max",24.09.2026,10:10,СМАРТЛАБ НОВОСТИ,24.09.2026 10:10:54,,,
Возможно,МНЕНИЕ: Новые бюджетные параметры не вызовут резкого увеличения заимствований и не заставят Банк России пересматривать среднесрочный курс по ставке — ВТБ Мои Инвестиции Читать далее 👉 https://smartlab.news/i/205209 мы в max,24.09.2026,10:11,СМАРТЛАБ НОВОСТИ,24.09.2026 10:11:33,,,
Возможно,⚠️🇵🇰🇦🇫#пакистан #афганистан #геополитика Пакистан нанес удар по афганскому городу Кандагар — TOLO News,24.09.2026,10:13,MarketTwits,24.09.2026 10:13:46,,,
Возможно,Трамп на своей страничке в ВК: По-тихоньку подкупаю акции на Мосбирже. Только тсс-сс! Никому ни слова! Читать далее 👉 https://smartlab.news/i/205210 мы в max,24.09.2026,10:16,СМАРТЛАБ НОВОСТИ,24.09.2026 10:16:41,,,
Возможно,"#MOEX Московская биржа с 29 сентября начинает торги фьючерсом на Индекс ключевой ставки Финансовые компании и их корпоративные клиенты получат удобный способ управления процентным риском в биржевом контуре. Также частные инвесторы смогут реализовывать торговые стратегии, основанные на ожиданиях изменений ключевой ставки Банка России.",24.09.2026,10:17,Сигналы РЦБ,24.09.2026 10:17:20,,,
Не важно,⬆️✴️#BTC #крипто #экспирация 25 сентября - крупная квартальная экспирация в опционах на BTC объемом на $15 млрд Большинство bullish: основная концентрация страйков у уровней $85 000 - $90 000 - $100 000 Bitcoin Bulls Eye Next Leg as $15 Billion Options Expiry Nears,24.09.2026,10:21,MarketTwits,24.09.2026 10:21:57,,,
Возможно,🇷🇺#банки #россия #keepcalm СИТУАЦИЯ В БАНКОВСКОМ СЕКТОРЕ РОССИИ УСТОЙЧИВАЯ - КОСТИН,24.09.2026,10:24,MarketTwits,24.09.2026 10:24:54,,,
Возможно,"🇷🇺#нерезы #экономика #россия Наметился серьезный прирост инвестиций со стороны китайских инвесторов, арабские инвесторы также интересуются вложениями - Костин, ТАСС Костин: инвестиционный климат несколько ухудшился из-за некоторых факторов: внешние удары по инфраструктуре РФ и вопросы с правом собственности являются факторами ухудшения инвестиционного климата",24.09.2026,10:25,MarketTwits,24.09.2026 10:25:53,,,
Возможно,"⚠️🇷🇺#банки #россия #прогноз ТАСС: Костин считает, что 2027 и 2028 годы по прибыли для банков будут ""менее радужными"", чем 2026 г",24.09.2026,10:28,MarketTwits,24.09.2026 10:28:48,,,
Возможно,🇷🇺#банки #россия #событие В России проходит XXIII Международный банковский форум https://asros.ru/events/forum-2026/ ➡️ СМОТРЕТЬ,24.09.2026,10:31,MarketTwits,24.09.2026 10:31:30,,,
Не важно,❗️🇨🇭#дкп #швейцария #цб ШВЕЙЦАРИЯ - СТАВКА ЦБ = 0% (ОЖИД 0% / РАНЕЕ 0%) ЦБ готов проводить интервенции на FX рынке в любую сторону ЦБ: инфляция останется на повышенном уровне какое-то время,24.09.2026,10:31,MarketTwits,24.09.2026 10:31:52,,,
Возможно,"Набиуллина: Умеренная ДКП не позволяет разогнаться инфляции, ""экономика генерит прибыль"" - Высокая инфляция в течение многих лет вызывает беспокойство ЦБ, у нас умеренная ДКП, она не препятствует кредитованию - Состояние корпоративных заемщиков не выдающееся, но прибыль компаний по отношению к ВВП — мы на уровне 17-18го годов - Видим ухудшение качества кредитных портфелей, но оно не существенное Читать далее 👉 https://smartlab.news/i/205212 мы в max",24.09.2026,10:33,СМАРТЛАБ НОВОСТИ,24.09.2026 10:33:05,,,
Возможно,"Набиуллина: Финансовая устойчивость банков находится под контролем, никаких рисков ухудшение качества кредитных портфелей не создает #SBER Проблемные кредиты достаточно покрыты резервами Читать далее 👉 https://smartlab.news/i/205213 мы в max",24.09.2026,10:35,СМАРТЛАБ НОВОСТИ,24.09.2026 10:35:25,,,
Возможно,"Костин: Главный враг нашей экономики - инфляция. Для того, чтобы инфляция не росла, нам нужно минимизировать количество денег в экономике Читать далее 👉 https://smartlab.news/i/205214 мы в max",24.09.2026,10:37,СМАРТЛАБ НОВОСТИ,24.09.2026 10:37:50,,,
Возможно,🇷🇺#экономика #россия Экономика РФ продолжает расти и генерировать прибыль — Набиуллина Экономика РФ успешно преодолевает все сложности -- Костин,24.09.2026,10:38,MarketTwits,24.09.2026 10:38:19,,,
Возможно,Костин: Прибыли банков в 2027-2028 годах будут менее радужными по сравнению с 2026 годом #SBER #VTBR Читать далее 👉 https://smartlab.news/i/205215 мы в max,24.09.2026,10:39,СМАРТЛАБ НОВОСТИ,24.09.2026 10:39:48,,,
Не важно,"🇪🇺#nev #авто #европа Спрос на электрокары в Европе продолжил расти в августе на фоне высоких цен и падения спроса на топливо — RTRS Europe EV sales rose in August as petrol, diesel demand fades",24.09.2026,10:40,MarketTwits,24.09.2026 10:40:09,,,
Возможно,"🇷🇺#VTBR #WB ПЛАНЫ ПО СДЕЛКЕ С WB НЕ ПОМЕНЯЛИСЬ, ОНИ ПРОСТО СДВИНУЛИСЬ — КОСТИН",24.09.2026,10:41,MarketTwits,24.09.2026 10:41:13,,,
Возможно,"Костин: Наши стратегические планы с Wildberries не поменялись #VTBR - У платформ прекратился уход селлеров - Мы оказываем поддержку селлерам по реструктуризации кредитов Думаю, в ближайший месяц мы завершим все договорённости, которые вырабатывались Читать далее 👉 https://smartlab.news/i/205219 мы в max",24.09.2026,10:41,СМАРТЛАБ НОВОСТИ,24.09.2026 10:41:44,,,
Возможно,"🇷🇺#OZON #WB #маркетплейсы #россия С маркетплейсами ничего не случится. Даже сейчас ситуация не критическая, несмотря на все эмоции. Все будет хорошо — банкиры ➡️ СМОТРЕТЬ",24.09.2026,10:48,MarketTwits,24.09.2026 10:48:13,,,
Возможно,"#VTBR КОСТИН: ВТБ НЕ МЕНЯЕТ СТРАТЕГИЧЕСКИЕ ПЛАНЫ ПО СДЕЛКЕ С РВБ, В БЛИЖАЙШИЙ МЕСЯЦ ЗАВЕРШИТ ОФОРМЛЕНИЕ ДОГОВОРЕННОСТЕЙ ПОСЛЕ ОТСРОЧКИ ИЗ-ЗА ФОРС-МАЖОРА",24.09.2026,10:50,Сигналы РЦБ,24.09.2026 10:50:39,,,
Возможно,Кирилл Дмитриев: Только сотрудничество с Россией может спасти Запад Читать далее 👉 https://smartlab.news/i/205221 мы в max,24.09.2026,10:52,СМАРТЛАБ НОВОСТИ,24.09.2026 10:52:31,,,
Возможно,"💥🇷🇺#OZON акции OZON отыграли все ""бомбардировочное"" падение",24.09.2026,10:53,MarketTwits,24.09.2026 10:53:19,,,
Возможно,Костин: Мы как зайчики по всему миру бегаем и пытаемся выживать. Набиуллина: это Вы-то зайчики? #VTBR Читать далее 👉 https://smartlab.news/i/205222 мы в max,24.09.2026,10:55,СМАРТЛАБ НОВОСТИ,24.09.2026 10:55:08,,,
Возможно,#Банки Действия ЦБ несколько ограничивают возможности банков по кредитованию. Но это необходимо для снижения инфляции. Мы справляемся. Я больше не жалуюсь на ЦБ — глава ВТБ Костин,24.09.2026,10:59,Сигналы РЦБ,24.09.2026 10:59:31,,,
Возможно,❗️🇷🇺#налоги #россия МИНФИН ПРЕДЛАГАЕТ ВКЛЮЧИТЬ ПАССИВНЫЕ ДОХОДЫ В ОСНОВНУЮ НАЛОГОВУЮ БАЗУ ПО НДФЛ (СЕЙЧАС ОБЛАГАЮТСЯ ПО СТАВКЕ 13-15%),24.09.2026,11:01,MarketTwits,24.09.2026 11:01:28,,,
Возможно,🇷🇺#T #отчетность Группа «Т-Технологии» раскрывает операционные результаты за август 2026 г. отчет,24.09.2026,11:02,MarketTwits,24.09.2026 11:02:21,,,
Возможно,"❗️🇷🇺#налоги #россия ПРОИЗВОДИТЕЛИ ЦВЕТМЕТА, УДОБРЕНИЙ МОГУТ ЗАПЛАТИТЬ 30% ОТ СВЕРХДОХОДОВ ЗА 2025Г К БАЗЕ 2024Г, ЗОЛОТОДОБЫТЧИКИ - 20% - ПРЕДЛОЖЕНИЯ МИНФИНА РФ",24.09.2026,11:02,MarketTwits,24.09.2026 11:02:45,,,
Возможно,💥🇷🇺#WUSH Whoosh и Segway начали городские испытания новой версии совместно разработанного электросамоката релиз,24.09.2026,11:04,MarketTwits,24.09.2026 11:04:33,,,
Возможно,"Набиуллина: Сдерживающие факторы для роста экономики - дефицит трудовых ресурсов, доступ к технологиям и инвестиционный климат Читать далее 👉 https://smartlab.news/i/205223 мы в max",24.09.2026,11:04,СМАРТЛАБ НОВОСТИ,24.09.2026 11:04:59,,,
Возможно,Набиуллина: У нас нет проблем с банковской ликвидностью #SBER #VTBR Читать далее 👉 https://smartlab.news/i/205225 мы в max,24.09.2026,11:07,СМАРТЛАБ НОВОСТИ,24.09.2026 11:07:05,,,
Возможно,"МНЕНИЕ: Ориентир по чистой прибыли ВИ.ру на 2026 г. в ₽6,5 млрд выглядит достижимым и транслируется в оценку 5,6x P/E. Дивиденд мог бы составить порядка ₽12 на акцию (ДД — 16%) — АТОН #VSEH Читать далее 👉 https://smartlab.news/i/205226 мы в max",24.09.2026,11:09,СМАРТЛАБ НОВОСТИ,24.09.2026 11:09:30,,,
Возможно,"Минфин предлагает ввести налог на сверхприбыль для отдельных добывающих организаций в размере 30% от дополнительного дохода, для золотодобытчиков - 20% #GMKN #PLZL #SELG #PHOR Читать далее 👉 https://smartlab.news/i/205227 мы в max",24.09.2026,11:10,СМАРТЛАБ НОВОСТИ,24.09.2026 11:10:43,,,
Возможно,⬇️🇷🇺#акции #россия Ассоль такого от Минфина не ожидала...,24.09.2026,11:11,MarketTwits,24.09.2026 11:11:01,,,
Возможно,"Минфин предлагает повысить ставку налога на прибыль с дивидендов, уплачиваемых в пользу нерезидентов на счета «С» до 35% — ведомство Читать далее 👉 https://smartlab.news/i/205228 мы в max",24.09.2026,11:13,СМАРТЛАБ НОВОСТИ,24.09.2026 11:13:23,,,
Возможно,"Минфин предлагает установить для ПИФов обязанности по уплате налога на прибыль с получаемых пассивных доходов по ставке 15% При этом при налогообложении пайщиков уплаченный налог на прибыль ПИФ будет зачитываться. Сейчас ПИФ не платит налог на прибыль, а налогообложение возникает в момент выплаты доходов пайщикам, что может откладываться на долгий срок. Читать далее 👉 https://smartlab.news/i/205229 мы в max",24.09.2026,11:14,СМАРТЛАБ НОВОСТИ,24.09.2026 11:14:32,,,
Возможно,#Макро Возможная прогрессивная шкала на дивиденды и купоны,24.09.2026,11:15,Сигналы РЦБ,24.09.2026 11:15:15,,,
Возможно,"🇷🇺#инструменты #облигации #россия «БКС Мир инвестиций» запустил облигационную стратегию «Рантье Осень 2026» с ежеквартальными выплатами 17% годовых. Цель новой стратегии БКС – превзойти доходность банковских депозитов. Стратегия рассчитана на инвесторов, которые хотят получать регулярный денежный поток и рассматривают трехлетний горизонт инвестирования. Структура портфеля рассчитана на сохранение первоначальной суммы инвестиций к окончанию срока продукта. Для клиента формируется диверсифицированный портфель из 15–20 выпусков облигаций разных эмитентов и отраслей. Около половины портфеля приходится на бумаги с кредитными рейтингами AA и AAA, а средний срок до погашения составляет около трех лет. Облигации подбираются с учетом купонного потока, возможного изменения стоимости бумаг и прогнозов по денежно-кредитной политике Банка России. Управляющий контролирует состав портфеля и при необходимости корректирует его, чтобы следовать целевому графику выплат и минимизировать риски. Стратегия доступна неквалифицированным инвесторам. Минимальная сумма инвестирования – 100 тыс. рублей, валюта – рубли. Срок стратегии составляет три года, возможность пополнения и автоматическая пролонгация не предусмотрены. Размер выплат рассчитывается от первоначальной суммы инвестиций и не зависит от текущего финансового результата портфеля. В первый год выплаты составляют 17%, во второй – 12%, в третий – 7%.",24.09.2026,11:17,MarketTwits,24.09.2026 11:17:12,,,
Возможно,"Аксаков: Большинству населения ""неинтересно про ключевую ставку"", им интересно ""дороги стройте, дома стройте, и чтобы доходы были как можно выше"" 99% населения ""наплевать"" на структурный дефицит ликвидности. Читать далее 👉 https://smartlab.news/i/205230 мы в max",24.09.2026,11:17,СМАРТЛАБ НОВОСТИ,24.09.2026 11:17:33,,,
Возможно,"Минфин предлагает ввести НДС в 22% для иностранных товаров, приобретенных онлайн #OZON Читать далее 👉 https://smartlab.news/i/205231 мы в max",24.09.2026,11:20,СМАРТЛАБ НОВОСТИ,24.09.2026 11:20:14,,,
Возможно,"Минфин предлагает включить в налоговую базу по НДФЛ ""пассивные"" доходы, в том числе дивиденды и проценты от вкладов В целях унификации уровня налогообложения доходов граждан по ставкам 13-22% в основную налоговую базу по НДФЛ предлагается включить «пассивные» доходы – по дивидендам и от другого долевого участия, по процентам от вкладов, по операциям с ценными бумагами и цифровыми правами, от продажи имущества и реализации долей участия, по договорам страхования и дарения. Сейчас «Пассивные» доходы облагаются по ставкам 13-15%. Читать далее 👉 https://smartlab.news/i/205232 мы в max",24.09.2026,11:21,СМАРТЛАБ НОВОСТИ,24.09.2026 11:21:27,,,
Возможно,"Количество активных пользователей экосистемы Т за год выросло на 0,4 млн до 34,1 млн на конец августа 2026 г #T Читать далее 👉 https://smartlab.news/i/205234 мы в max",24.09.2026,11:26,СМАРТЛАБ НОВОСТИ,24.09.2026 11:26:49,,,
Возможно,Whoosh и Segway начали городские испытания новой версии совместно разработанного электросамоката #WUSH Читать далее 👉 https://smartlab.news/i/205236 мы в max,24.09.2026,11:33,СМАРТЛАБ НОВОСТИ,24.09.2026 11:33:50,,,
Возможно,НКР снизило кредитный рейтинг Гидромашсервиса с A+.ru до A.ru и изменило прогноз по кредитному рейтингу со стабильного на негативный Читать далее 👉 https://smartlab.news/i/205237 мы в max,24.09.2026,11:39,СМАРТЛАБ НОВОСТИ,24.09.2026 11:39:29,,,
Не важно,📉Индекс Мосбиржи потерял от максимумов дня больше 1% после публикации предложений Минфина по налогам и проекту бюджета на 2027-2029 годы Читать далее 👉 https://smartlab.news/i/205238 мы в max,24.09.2026,11:43,СМАРТЛАБ НОВОСТИ,24.09.2026 11:43:00,,,
Возможно,"#Макро Новый законопроект о федеральном бюджете на 2027-29 гг: Инвесторы и финансовый рынок 1. Распространить шкалу НДФЛ 13-22% на ""пассивные доходы"". Перечислены дивиденды, проценты по вкладам, доходы от операций с ценными бумагами и цифровыми правами, а также некоторые доходы от продажи имущества, страхования и дарения. Сейчас для этих доходов в общем случае действуют ставки 13–15%. 2. Ввести для ПИФов налог на прибыль 15% с получаемых ими пассивных доходов. Минфин одновременно предлагает засчитывать налог, уплаченный фондом, при налогообложении пайщика. 3. Повысить до 35% налог на дивиденды нерезидентов, выплачиваемые на счета «С».",24.09.2026,11:52,Сигналы РЦБ,24.09.2026 11:52:16,,,
Возможно,"#Макро Новый законопроект о федеральном бюджете на 2027-29 гг: Бизнес и потребительские цены • Для отдельных добывающих компаний горно-металлургического сектора предложен налог в размере 30% дополнительного дохода от роста мировых цен в рублях относительно базы 2024 года; по золоту — 20%. Это потенциально отрицательный фактор для прибыли и дивидендов затронутых компаний. Важны список плательщиков, формула расчёта и возможность учёта затрат. • Трансграничные покупки через онлайн-площадки предлагают обложить НДС по стандартной ставке 22%; налоговыми агентами станут площадки. Также предложен сбор 100 ₽ за зарубежную почтовую посылку с товарами для личного потребления стоимостью до €200. Зарубежные покупки могут подорожать, а конкурентные условия для внутренних продавцов — измениться.",24.09.2026,11:54,Сигналы РЦБ,24.09.2026 11:54:36,,,
Важно,"❗️🇷🇺#VTBR #spo ДОПЭМИССИЯ ВТБ В СВЯЗИ С ПРИОБРЕТЕНИЕМ ДОЛИ В ""WB БАНКЕ"" ПЕРЕНЕСЕНА НА ОКТЯБРЬ — КОСТИН",24.09.2026,11:55,MarketTwits,24.09.2026 11:55:14,ВТБ,,
Возможно,Костин: Допэмиссия ВТБ в связи с приобретением доли в WB банке перенесена на октябрь #VTBR Читать далее 👉 https://smartlab.news/i/205239 мы в max,24.09.2026,11:58,СМАРТЛАБ НОВОСТИ,24.09.2026 11:58:07,,,
Возможно,"🇷🇺#акции #россия #обзор Инвесторы готовятся к донастройке налогообложения природной ренты, в частности горно-металлургического сектора, бухают и смотрят деловые новости, следует из динамики курсов акций на Мосбирже",24.09.2026,11:59,MarketTwits,24.09.2026 11:59:11,,,
Возможно,"#Макро Новый законопроект о федеральном бюджете на 2027-29 гг: Доходы граждан и бюджетные расходы • Страховые пенсии в 2027 году планируют индексировать дважды: на 6,8% с 1 февраля и дополнительно увеличить страховую часть на 3,3% с 1 апреля. Прогноз среднего размера пенсии по старости на конец года — 29 904 ₽. Заложенные 6,8% указывают на более высокий прогноз инфляции за 2026 год, чем прежние 5,2%, • На меры поддержки семей в трёхлетке заявлено 10 трлн ₽, включая пособия; около 1,9 трлн ₽ — на программы улучшения жилищных условий семей с детьми. • На проекты технологического лидерства заявлено почти 2 трлн ₽ за три года, на дорожное хозяйство — свыше 4,4 трлн ₽.",24.09.2026,12:04,Сигналы РЦБ,24.09.2026 12:04:22,,,
Не важно,🇷🇺#акции #россия Только концерт Канье Уэста и хорошие новости от Кирилла Дмитриева из США смогут исправить ситуацию — аналитики,24.09.2026,12:07,MarketTwits,24.09.2026 12:07:29,,,
Возможно,"МНЕНИЕ: Инвестиционный советник из реестра ЦБ прогнозирует годовую инфляцию в начале 2027 г. 5–6%, к середине года 4,5–5%, к декабрю около 4% Читать далее 👉 https://smartlab.news/i/205241 мы в max",24.09.2026,12:08,СМАРТЛАБ НОВОСТИ,24.09.2026 12:08:38,,,
Возможно,🛢🇸🇦#нефть #саравия BBG: с середины прошлой недели Саудовская Аравия продала азиатским покупателям почти 100 миллионов баррелей нефти Saudi Arabia has sold almost 100 million barrels of oil to Asian buyers since the middle of last week,24.09.2026,12:10,MarketTwits,24.09.2026 12:10:49,,,
Возможно,Леонид Федун и Леонид Михельсон стали крупнейшими плательщиками НДФЛ в РФ по версии Forbes-2026 #NVTK Читать далее 👉 https://smartlab.news/i/205242 мы в max,24.09.2026,12:11,СМАРТЛАБ НОВОСТИ,24.09.2026 12:11:25,,,
Важно,"🇺🇦🇺🇸#украина #сша #бизнес Зеленский сообщил, что встретился в Нью-Йорке с руководителями более 30 крупных американских компаний и членами экономической консультативной группы.",24.09.2026,12:12,MarketTwits,24.09.2026 12:12:29,Украина,,
Возможно,"🛢🇶🇦#спг #катар #ормуз BBG: Катар увеличил количество танкеров с СПГ, проходящих через Ормузский пролив, до максимума за последние два месяца Qatar has ramped up LNG tanker traffic through the Strait of Hormuz to the highest in more than two months",24.09.2026,12:14,MarketTwits,24.09.2026 12:14:15,,,
Не важно,⚠️🇹🇼#тайвань #геополитика США следует действовать предусмотрительно при решениях о продаже любого вооружения Тайваню — Минобороны КНР Си на встрече с Трампом потребует прекратить продажи оружия Тайваню — RTRS,24.09.2026,12:18,MarketTwits,24.09.2026 12:18:14,,,
Возможно,"Костин: ВТБ заинтересован в покупке доли в Национальной системе платежных карт (НСПК), готов приобрести 5% #VTBR Читать далее 👉 https://smartlab.news/i/205243 мы в max",24.09.2026,12:20,СМАРТЛАБ НОВОСТИ,24.09.2026 12:20:43,,,
Возможно,"🇷🇺#акции #россия ""Берегите себя и свои портфели"" — РБК ТВ",24.09.2026,12:21,MarketTwits,24.09.2026 12:21:50,,,
Не важно,"⚠️🇪🇺#дкп #европа BofA теперь ожидает, что ЕЦБ повысит ставку на 0.25% в декабре 2026 г, ранее ожидал без изменений",24.09.2026,12:24,MarketTwits,24.09.2026 12:24:59,,,
Возможно,😱😱😱 @marketdumki,24.09.2026,12:30,MarketTwits,24.09.2026 12:30:15,,,
Важно,🇷🇺#SIBN #GAZP #NIS Сербская NIS опять добивается отсрочки от санкций США после 30 сентября — RTRS,24.09.2026,12:36,MarketTwits,24.09.2026 12:36:13,"Газпром нефть, Газпром",,
Возможно,🇷🇺#VTBR ВТБ заинтересован в покупке доли НСПК — Костин ЦБР в октябре начнет переговоры с потенциальными инвесторами в НСПК - Набиуллина,24.09.2026,12:37,MarketTwits,24.09.2026 12:37:22,,,
Возможно,🇷🇺#наличка #россия Банк России фиксирует увеличение спроса на наличные — Набиуллина,24.09.2026,12:39,MarketTwits,24.09.2026 12:39:05,,,
Возможно,"Каждый второй работающий россиянин (50%) считает, что сегодня лучше держаться за свое место — опрос ВЦИОМ Читать далее 👉 https://smartlab.news/i/205247 мы в max",24.09.2026,12:39,СМАРТЛАБ НОВОСТИ,24.09.2026 12:39:07,,,
Важно,"❗️🇨🇭🇷🇺#швейцария #санкции #россия 27 сентября в Швейцарии пройдет референдум по вопросу «О сохранении швейцарского нейтралитета». Основной вопрос плебисцита — может ли нейтральная страна вводить санкции и сотрудничать с НАТО. Власти Швейцарии не считают санкции нарушением нейтралитета и референдум не поддерживают. — Ъ ———————————————- ранее СМИ писали, что в случае принятия нейтралитета, Швейцарии придется отменить действующие санкции против России т.к. стране больше нельзя будет вводить санкции против государств, участвующих в конфликте.",24.09.2026,12:42,MarketTwits,24.09.2026 12:42:02,Украина,,
Не важно,"⬆️🛢🇪🇺#топливо #европа Средняя цена на дизель в Евросоюзе обновила рекорд, достигнув отметки €2,23 за 1 л — AFP",24.09.2026,12:44,MarketTwits,24.09.2026 12:44:17,,,
Возможно,"Сбер подал в суд Москвы иск о признании банкротом сети кофеен ""Пан Круассан"" — Ведомости #SBER На фоне высокой конкуренции в сегменте общепита часть игроков столкнулись с определенными сложностями и рискуют оказаться в таком же положении. Читать далее 👉 https://smartlab.news/i/205248 мы в max",24.09.2026,12:45,СМАРТЛАБ НОВОСТИ,24.09.2026 12:45:25,,,
Возможно,Минцифры предлагает запретить субдилерскую схему продажи сим-карт — Ведомости #MTSS Читать далее 👉 https://smartlab.news/i/205249 мы в max,24.09.2026,12:48,СМАРТЛАБ НОВОСТИ,24.09.2026 12:48:26,,,
Возможно,"📈Акции Южного Кузбасса растут на 14,3%, до ₽638 #UKUZ Читать далее 👉 https://smartlab.news/i/205250 мы в max",24.09.2026,12:48,СМАРТЛАБ НОВОСТИ,24.09.2026 12:48:59,,,
Не важно,"🇩🇪🇨🇳#VOW #XPEV #авто Volkswagen объявил о начале предпродаж своего второго автомобиля, разработанного совместно с китайским Xpeng. Таким образом немецкий автоконцерн пытается закрепиться на китайском рынке электромобилей. Новый электрический седан-фастбэк под названием ID. UNYX 09 является частью инициативы Volkswagen «В Китае, для Китая».",24.09.2026,12:50,MarketTwits,24.09.2026 12:50:52,,,
Важно,🇦🇲🇷🇺#армения #россия Песков: Пашинян приедет в Москву в ближайшее время,24.09.2026,12:55,MarketTwits,24.09.2026 12:55:09,,,
Не важно,🇧🇾🇺🇿🇹🇯#беларусь #узбекистан #таджикистан Беларусь планирует расширять сотрудничество в сфере туризма с Узбекистаном и Таджикистаном.,24.09.2026,12:56,MarketTwits,24.09.2026 12:56:11,,,
Возможно,"Бизнес «Голдекс» на обороте золота удвоился. Как инвестировать в компанию? 29 сентября в 19:00 мск пройдет онлайн-вебинар «Голдекс. Возможности времени перемен». Команда «Голдекс» уже выступала на конференциях Smart-Lab, где рассказывала о технологии золотоматов, экономике сети и развитии бизнеса. Золото в центре внимания во всем мире. Но инвестору необязательно ограничиваться ставкой на его цену: можно анализировать бизнес, который зарабатывает на обороте физического металла. «Голдекс» строит такую инфраструктуру через сеть золотоматов. По ключевым операционным показателям бизнес «Голдекс» удвоился. На рынке мало новых историй, которые можно увидеть в работе, а не только в финансовой модели. 29 сентября команда «Голдекс» покажет золотомат в прямом эфире и разберет, как устроен бизнес на обороте физического золота – от потока сделок и экономики точки до масштабирования сети и рисков. На бесплатном онлайн-вебинаре «Голдекс» представит инвесторам два направления: инвестиции в физическое золото через монеты и слитки, а также возможности участия в развитии «Голдекс» – инфраструктурного бизнеса на рынке драгоценных металлов. На эфире разберут Что происходит с рынком золота и почему интерес к физическому металлу сохраняется в периоды неопределенности. Как устроена экономика «Голдекс»: какие процессы формируют выручку и от чего зависит масштабирование сети. Планы по дальнейшему развитию сети золотоматов в российских городах. Какие направления работы с инвестиционным золотом развивает «Голдекс». Как работает золотомат – аппарат покажут в прямом включении. В эфире примут участие основатель «Голдекс» Дмитрий Плущевский, генеральный директор «Голдекс Ритейл» Евгений Городилов и руководитель инвестиционного направления Кирилл Харыбин. Зарегистрируйтесь, чтобы первыми узнать об инвестиционных возможностях «Голдекс», планах развития сети и результатах бизнеса – напрямую от команды компании. 👉 Регистрация на вебинар",24.09.2026,12:56,СМАРТЛАБ НОВОСТИ,24.09.2026 12:56:31,,,
Не важно,❗️🛢🇨🇳#спг #китай Пекин призывает китайских покупателей СПГ избегать перепродаж до наступления зимы — BBG,24.09.2026,12:57,MarketTwits,24.09.2026 12:57:16,,,
Важно,"Песков отказался комментировать проект бюджета на 2027-29 годы со словами: ""Нужно обращаться в правительство, в Минфин. Они авторы проекта документа и, соответственно, им и комментировать"" Читать далее 👉 https://smartlab.news/i/205251 мы в max",24.09.2026,12:57,СМАРТЛАБ НОВОСТИ,24.09.2026 12:57:50,,,
Возможно,"🛢#спг #ормуз #прогноз Для восстановления экспорта СПГ после открытия Ормузского пролива потребуется как минимум три месяца, при этом цены на европейский газ рискуют снова вырасти — глава швейцарской энергетической компании MET Group Юбер Виджевено",24.09.2026,12:58,MarketTwits,24.09.2026 12:58:30,,,
Не важно,"✴️#BNB #крипто #африка CZ встретился с президентом Сьерра-Леоне, чтобы обсудить BTC и внедрение криптовалют в Африке",24.09.2026,12:59,MarketTwits,24.09.2026 12:59:51,,,
Не важно,"📉Индекс гособлигаций RGBI незначительно снизился (на 0,2%) от максимумов дня после выхода проекта бюджета Читать далее 👉 https://smartlab.news/i/205252 мы в max",24.09.2026,13:01,СМАРТЛАБ НОВОСТИ,24.09.2026 13:01:48,,,
Возможно,"Катар нарастил танкерные перевозки СПГ через Ормузский пролив до максимума за два месяца, что свидетельствует о растущей уверенности в безопасном проходе судов на фоне глобального дефицита газа — BBG Читать далее 👉 https://smartlab.news/i/205253 мы в max",24.09.2026,13:07,СМАРТЛАБ НОВОСТИ,24.09.2026 13:07:58,,,
Возможно,"МНЕНИЕ: Т-Инвестиции понизили целевую цену акций Банка «Санкт-Петербург» на 6%, до 285 рублей за бумагу, сохранив рекомендацию «держать» #BSPB Читать далее 👉 https://smartlab.news/i/205254 мы в max",24.09.2026,13:10,СМАРТЛАБ НОВОСТИ,24.09.2026 13:10:05,,,
Возможно,⬇️🌫#сталь #отчетность #мир МИРОВОЕ ПРОИЗВОДСТВО СТАЛИ (АВГ) = 144.2 МЛН Т = -1.2% Г/Г — WSA,24.09.2026,13:13,MarketTwits,24.09.2026 13:13:14,,,
Возможно,⬇️🇷🇺#сталь #россия #отчетность РОССИЯ В АВГУСТЕ СНИЗИЛА ВЫПУСК СТАЛИ НА 0.3% Г/Г - ДО 5.5 МЛН ТОНН - WSA,24.09.2026,13:13,MarketTwits,24.09.2026 13:13:59,,,
Не важно,"🛢🇦🇲🇦🇿🇬🇪#энергетика #армения #азербайджан #грузия #турция Армения, Азербайджан и Грузия обсуждают интеграцию энергосистем и подключение к энергосистеме Турции — Комиссия по регулированию общественных услуг (КРОУ) Армении",24.09.2026,13:17,MarketTwits,24.09.2026 13:17:52,,,
Возможно,"Саудовская Аравия с середины прошлой недели продала азиатским покупателям 100 млн баррелей нефти, что помогло предотвратить надвигающийся дефицит поставок в регионе — Bloomberg Поставки в октябре-ноябре пойдут через Ормузский пролив Читать далее 👉 https://smartlab.news/i/205255 мы в max",24.09.2026,13:20,СМАРТЛАБ НОВОСТИ,24.09.2026 13:20:27,,,
Не важно,"🇪🇺#fx #европа #прогноз BofA ожидает EUR/USD на уровне 1,15 к концу 2026г и 1,20 — к концу 2027 г",24.09.2026,13:23,MarketTwits,24.09.2026 13:23:02,,,
Не важно,"✴️🇷🇺#CBDC #крипто #банки #россия ЦБ по-прежнему не видит рисков массового оттока ликвидности из-за цифрового рубля, готов ее предоставлять при необходимости — Набиуллина",24.09.2026,13:26,MarketTwits,24.09.2026 13:26:27,,,
Возможно,"Производство стали в РФ в августе 2026 г. снизилось на 0,3% г/г до 5,5 млн т, за 8 мес снижение на 5,1% г/г до 43,8 млн т — WSA #CHMF #NLMK #MAGN Читать далее 👉 https://smartlab.news/i/205256 мы в max",24.09.2026,13:27,СМАРТЛАБ НОВОСТИ,24.09.2026 13:27:20,,,
Важно,🚫🇹🇲🇮🇷#иран #санкции #авиа #туркменистан Из-за невыдачи разрешения на пролет иранских самолетов через воздушное пространство Туркменистана рейс Тегеран — Душанбе не смог достичь пункта назначения и был вынужден вернуться в аэропорт имени имама Хомейни в Тегеране.,24.09.2026,13:32,MarketTwits,24.09.2026 13:32:02,Иран,,
Возможно,"Йеменские хуситы наладили собственное производство ракет и дронов, используя китайские комплектующие двойного назначения, поставляемые через коммерческие каналы — Bloomberg Это снижает их зависимость от готового иранского оружия и усложняет борьбу с их военной машиной Читать далее 👉 https://smartlab.news/i/205258 мы в max",24.09.2026,13:35,СМАРТЛАБ НОВОСТИ,24.09.2026 13:35:11,,,
Возможно,"Продажи жилья в новостройках в Москве в августе 2026 г. снизились на 16,8% м/м, за январь-август снижение на 34,4% г/г — столичный Росреестр #SMLT #LSRG Читать далее 👉 https://smartlab.news/i/205259 мы в max",24.09.2026,13:35,СМАРТЛАБ НОВОСТИ,24.09.2026 13:35:18,,,
Не важно,✴️🇺🇸#IBM #SWIFT #крипто IBM подключил свою платформу цифровых активов к реестру блокчейна SWIFT. Это позволит банкам переводить токенизированные депозиты в режиме 24/7,24.09.2026,13:37,MarketTwits,24.09.2026 13:37:24,,,
Не важно,🇪🇺#ии #европа Европейские технологические компании и эксперты по кибербезопасности призывают не поддаваться панике вокруг ИИ — Politico,24.09.2026,13:45,MarketTwits,24.09.2026 13:45:33,,,
Не важно,⚠️🇺🇸#инфляция #сша #спикеры Williams (ФРС): для снижения инфляции в США требуется дополнительная работа,24.09.2026,13:47,MarketTwits,24.09.2026 13:47:20,,,
Возможно,"Экспорт угля из РФ по итогам 2026 г. может вырасти на 6-15% — ""Эксперт"" #MTLR #RASP Читать далее 👉 https://smartlab.news/i/205261 мы в max",24.09.2026,13:48,СМАРТЛАБ НОВОСТИ,24.09.2026 13:48:44,,,
Возможно,"#Металлурги РОССИЯ В АВГУСТЕ СНИЗИЛА ВЫПУСК СТАЛИ НА 0.3% Г/Г - ДО 5.5 МЛН ТОНН - WSA МИРОВОЕ ПРОИЗВОДСТВО СТАЛИ СНИЗИЛОСЬ НА 1.2% Г/Г, ДО 144.2 МЛН Т",24.09.2026,13:50,Сигналы РЦБ,24.09.2026 13:50:45,,,
Не важно,"🚫🛢🇺🇸#топливо #сша Администрация США рассматривает альтернативы запрету экспорта дизеля, включая добровольное сокращение поставок — WSJ",24.09.2026,13:55,MarketTwits,24.09.2026 13:55:27,,,
Возможно,"Папа Римский вновь предупредил о риске апокалипсиса, вызванного искусственным интеллектом — Reuters Читать далее 👉 https://smartlab.news/i/205262 мы в max",24.09.2026,13:56,СМАРТЛАБ НОВОСТИ,24.09.2026 13:56:55,,,
Не важно,"🇻🇳#торги #вьетнам BBG: Вьетнам рассматривает возможность расширения дневной торговой сессии для акций, чтобы сделать свой рынок более привлекательным для инвесторов",24.09.2026,13:58,MarketTwits,24.09.2026 13:58:03,,,
Возможно,🇷🇺#VTBR ВТБ может приобрести 5% акций НСПК в октябре — Костин,24.09.2026,13:59,MarketTwits,24.09.2026 13:59:09,,,
Возможно,Запасы бензина и дизельного топлива в Китае упали до самого низкого уровня более чем за 10 лет на фоне резкого роста экспорта и сезонного восстановления внутреннего спроса — Reuters Читать далее 👉 https://smartlab.news/i/205264 мы в max,24.09.2026,14:01,СМАРТЛАБ НОВОСТИ,24.09.2026 14:01:27,,,
Не важно,✴️#крипто #обзор #rwa Торги фьючерсами на токенизированные активы (RWA) стремительно набирают обороты на децентрализованных биржах — CryptoRank,24.09.2026,14:01,MarketTwits,24.09.2026 14:01:41,,,
Возможно,"МНЕНИЕ: Снижение базовой цены на нефть в бюджетном правиле может ослабить рубль в 2027 г. на дополнительные 6—7% — Софья Донец, главный экономист Т-Инвестиций Читать далее 👉 https://smartlab.news/i/205265 мы в max",24.09.2026,14:02,СМАРТЛАБ НОВОСТИ,24.09.2026 14:02:01,,,
Не важно,⬆️🇺🇸#доходности #сша #прогноз BofA повысил прогноз по доходностям 10-леток к концу года до 5% с 4.5%,24.09.2026,14:04,MarketTwits,24.09.2026 14:04:25,,,
Не важно,📈Индекс Мосбиржи при наличии плохих новостей последние 3 дня никак не хочет снижаться ниже 2290 пунктов — секта инфлюенсеров Читать далее 👉 https://smartlab.news/i/205266 мы в max,24.09.2026,14:05,СМАРТЛАБ НОВОСТИ,24.09.2026 14:05:18,,,
Не важно,"⬇️🛢🇨🇳#топливо #китай Запасы топлива в Китае обновляют 10-летние минимумы, растут ожидания запрета экспорта — RTRS",24.09.2026,14:08,MarketTwits,24.09.2026 14:08:05,,,
Возможно,FESCO переориентировала интермодальные контейнерные перевозки из Анкары с Новороссийска на Санкт-Петербург #FESH Первая партия грузов в 40 TEU отправлена 19 сентября по маршруту Анкара - Гебзе (ж/д) - Санкт-Петербург (морем) Читать далее 👉 https://smartlab.news/i/205267 мы в max,24.09.2026,14:13,СМАРТЛАБ НОВОСТИ,24.09.2026 14:13:45,,,
Важно,"Путин неоднократно говорил олигархам на встречах в последние годы, что их личные санкции его не касаются и они должны сами найти выход из ситуации — Bloomberg По словам человека, знакомого с ситуацией, освобождение Фридмана от санкций удивило даже его самого. Читать далее 👉 https://smartlab.news/i/205268 мы в max",24.09.2026,14:15,СМАРТЛАБ НОВОСТИ,24.09.2026 14:15:43,,,
Не важно,"🇬🇧🇪🇺#британия #европа #макро Тони Блэр призвал вернуть Британию в ЕС ———————— недавно ПМ Британии Энди Бернем допустил, что вопрос о возвращении Британии в Евросоюз может появиться в программе лейбористов на следующих выборах Ранее Король Чарльз заявил, что правительство Британии примет закон об укреплении связей с ЕС. Стармер назвал новым курсом Британии восстановление связей с ЕС, а Мэр Лондона призвал Британию вернуться обратно в Евросоюз",24.09.2026,14:18,MarketTwits,24.09.2026 14:18:08,,,
Не важно,⬆️🇷🇺#IMOEX,24.09.2026,14:21,MarketTwits,24.09.2026 14:21:57,,,
Возможно,"РуссНефть снизила добычу нефти в 1п 2026г на 2,7% г/г до 2,961 млн т, добыча газа выросла на 10% г/г 0,153 млрд кубов — отчет эмитента #RNFT Читать далее 👉 https://smartlab.news/i/205269 мы в max",24.09.2026,14:22,СМАРТЛАБ НОВОСТИ,24.09.2026 14:22:20,,,
Возможно,"МНЕНИЕ: По нашим оценкам, рост цен по итогам сентября составит порядка 0,2% м/м, а инфляция замедлится до 6,2% г/г (после 6,3% в августе) — Ренессанс Капитал Читать далее 👉 https://smartlab.news/i/205270 мы в max",24.09.2026,14:22,СМАРТЛАБ НОВОСТИ,24.09.2026 14:22:21,,,
Важно,#Политика Трамп предлагает три шага для деэскалации войны — Зеленский 1) прекращение ударов по энергетике 2) восстановление зернового коридора 3) трехсторонняя встреча США-Украина-Россия Возможным местом встречи называют Абу-Даби.,24.09.2026,14:22,Сигналы РЦБ,24.09.2026 14:22:40,Украина,,
Не важно,"🇺🇸🇨🇳#ии #сша #трамп Важный день с президентом Китая Си. «Суперинтеллект» (SI) станет одной из главных тем обсуждения, но я хочу оставить этот вопрос в том же состоянии, в каком он находится сейчас. Такова и позиция Китая. — ТРАМП Трамп заявил, что ни США, ни Китай тормозить развитие ИИ не будут.",24.09.2026,14:26,MarketTwits,24.09.2026 14:26:10,,,
Важно,"#Политика ЗЕЛЕНСКИЙ ЗАЯВИЛ, ЧТО УИТКОФФ И КУШНЕР, ВЕРНУВШИСЬ ПОСЛЕ ВСТРЕЧИ С ПУТИНЫМ В СЕНТЯБРЕ, ВЫРАЗИЛИ ОПТИМИЗМ ОТНОСИТЕЛЬНО ГОТОВНОСТИ МОСКВЫ К ПРОГРЕССУ",24.09.2026,14:28,Сигналы РЦБ,24.09.2026 14:28:18,Украина,,
Важно,"ЦБ РФ не планирует сдвигать сроки восстановления надбавок к нормативам достаточности капитала банков — Нибиуллина ""Это не ужесточение, это возврат к тому, что было с точки зрения надбавок к капиталу"" Читать далее 👉 https://smartlab.news/i/205272 мы в max",24.09.2026,14:31,СМАРТЛАБ НОВОСТИ,24.09.2026 14:31:10,ЦБ,,
Важно,"⚠️🇪🇺🇺🇦#европа #нато #украина #геополитика В ЕС все больше разочарованы из-за замедления темпов реформ Киевом, но рассматривают возможность удовлетворить просьбу Зеленского и ускорить финансирование. Обсуждается возможность досрочно выделить 45 млрд евро, предназначенные на весь 2027 год, уже в первой его половине. — Euroactiv",24.09.2026,14:34,MarketTwits,24.09.2026 14:34:13,Украина,,
Возможно,На Кубани ввели режим ЧС из-за отсутствия возможностей у производителей реализовать значительные объемы зерна Читать далее 👉 https://smartlab.news/i/205273 мы в max,24.09.2026,14:37,СМАРТЛАБ НОВОСТИ,24.09.2026 14:37:50,,,
Не важно,"💥✴️🇺🇸#крипто #регулирование #сша Глава CFTC в интервью CNBC еще раз заявил, что регулятор собирается представить свой свод правил регулирования криптоиндустрии в США и не собирается ждать пока Конгресс решит по законопроекту CLARITY Act",24.09.2026,14:39,MarketTwits,24.09.2026 14:39:51,,,
Важно,"Топ-менеджер российского банка предупреждает, что бизнес опасается конфискации активов государством — Bloomberg #VTBR Бизнес-климат в России «фактически ухудшается, и не только из-за санкций», заявил в четверг глава ВТБ Андрей Костин. «Люди говорят: «У нас все равно все отберут», — сказал Костин, ссылаясь на опасения по поводу недостаточной защиты прав собственности. Читать далее 👉 https://smartlab.news/i/205274 мы в max",24.09.2026,14:40,СМАРТЛАБ НОВОСТИ,24.09.2026 14:40:31,ВТБ,,
Возможно,"За 8 месяцев 2026 года в России зарегистрирован 141 новый Lamborghini - на 48% больше, чем за тот же период 2025 года (95 шт.) — Сергей Целиков (Автостат) Только в августе новым владельцем Lamborghini стал 21 человек, и есть шанс побить рекорд 2021 года (174 автомобиля) Читать далее 👉 https://smartlab.news/i/205276 мы в max",24.09.2026,14:48,СМАРТЛАБ НОВОСТИ,24.09.2026 14:48:09,,,
Важно,Ужесточение бюджетной политики может дать Банку России больше возможностей для снижения ключевой ставки — Bloomberg Читать далее 👉 https://smartlab.news/i/205277 мы в max,24.09.2026,14:52,СМАРТЛАБ НОВОСТИ,24.09.2026 14:52:29,ЦБ,,
Не важно,⬇️⬆️➡️🇷🇺#IMOEX,24.09.2026,14:55,MarketTwits,24.09.2026 14:55:44,,,
Возможно,Замглавы МИД Руденко: Переговоры по проекту Сила Сибири – 2 находятся на продвинутой стадии #GAZP На вопрос о возможности завершить их в этом году он ответил: «Давайте не будем ставить искусственных сроков. На стадии нужно решить все вопросы». Читать далее 👉 https://smartlab.news/i/205278 мы в max,24.09.2026,14:59,СМАРТЛАБ НОВОСТИ,24.09.2026 14:59:07,,,
Важно,"Проблему низкого интереса эмитентов к привлечению средств на рынке акционерного капитала (IPO/SPO) пока решить не удалось — Первый зампред ЦБ РФ Владимир Чистюхин ""Главная проблема, что эмитенты по разным причинам не видят сегодня этот канал — по совершенно разным причинам, как объективным, так и достаточно субъективным, — как канал для привлечения капитала"" Читать далее 👉 https://smartlab.news/i/205279 мы в max",24.09.2026,14:59,СМАРТЛАБ НОВОСТИ,24.09.2026 14:59:56,ЦБ,,
Возможно,Кирилл Дмитриев: Никакие трёхсторонние встречи в Нью-Йорке не запланированы и проводиться не будут Читать далее 👉 https://smartlab.news/i/205282 мы в max,24.09.2026,15:01,СМАРТЛАБ НОВОСТИ,24.09.2026 15:01:13,,,
Не важно,💥✴️#ONDO #крипто ONDO - партнерство с BlackRock по токенизации,24.09.2026,15:05,MarketTwits,24.09.2026 15:05:37,,,
Возможно,"❗️🇷🇺#AFKS ТАСС: Президентом АФК ""Система"" назначили Феликса Евтушенкова",24.09.2026,15:08,MarketTwits,24.09.2026 15:08:29,,,
Возможно,"АКРА повысило кредитный рейтинг Positive Technologies с AA-(RU) до AA(RU), прогноз — стабильный. Агентство объясняет решение улучшением оценок долговой нагрузки и покрытия процентных платежей, а также отмечает очень высокую рентабельность, сильную ликвидность и денежный поток. По итогам 6 месяцев 2026 года Net Debt / EBITDA LTM у компании составил 0,8х против 2,33х годом ранее Дополнительным фактором остается рост рынка кибербезопасности и расширение продуктовой линейки Positive Technologies. АКРА отдельно отмечает развитие PT X, PT Dephaze, PT Data Security, MaxPatrol EPP и PT Mail Security. Для инвесторов повышение рейтинга — это сигнал об улучшении кредитного профиля компании на фоне роста бизнеса и снижения долговой нагрузки. Читать далее 👉 https://smart-lab.ru/mobile/topic/1355160 мы в max",24.09.2026,15:08,СМАРТЛАБ НОВОСТИ,24.09.2026 15:08:46,,,
Возможно,"#AFKS СОВЕТ ДИРЕКТОРОВ АФК ""СИСТЕМА"" НАЗНАЧИЛ ЕЕ ПРЕЗИДЕНТОМ ФЕЛИКСА ЕВТУШЕНКОВА",24.09.2026,15:10,Сигналы РЦБ,24.09.2026 15:10:53,,,
Возможно,Экспорт нефти из Саудовской Аравии в сентябре достиг самого высокого уровня с начала войны в Иране — Bloomberg Читать далее 👉 https://smartlab.news/i/205286 мы в max,24.09.2026,15:12,СМАРТЛАБ НОВОСТИ,24.09.2026 15:12:54,,,
Возможно,"АФК Система: СД досрочно прекратил полномочия действующего Президента и Правления, назначив Феликса Евтушенкова Президентом и Председателем Правления на 3 года с 24 сентября — Раскрытие #AFKS Количественный состав Правления: 6 человек Читать далее 👉 https://smartlab.news/i/205287 мы в max",24.09.2026,15:13,СМАРТЛАБ НОВОСТИ,24.09.2026 15:13:56,,,
Не важно,⬆️🇩🇪#германия #экономика Индекс делового климата в Германии в сентябре обновил трехлетний максимум — институт IFO,24.09.2026,15:23,MarketTwits,24.09.2026 15:23:50,,,
Возможно,📈Доходность 30-летних казначейских облигаций достигла самого высокого уровня с 2004 года на фоне продолжающегося обвала рынка облигаций — CNBC Читать далее 👉 https://smartlab.news/i/205289 мы в max,24.09.2026,15:25,СМАРТЛАБ НОВОСТИ,24.09.2026 15:25:10,,,
Не важно,"🇺🇸🇨🇳#сша #китай #трамп ТРАМП: Вчера я встретил президента Си у самолета (в аэропорту!), и он выглядит сильным, энергичным и подтянутым — лучше, чем когда-либо. Госпожа Си, конечно же, ПРЕКРАСНА!",24.09.2026,15:26,MarketTwits,24.09.2026 15:26:01,,,
Возможно,"МНЕНИЕ: Проект бюджета на 2027–2029 годы создаёт более высокий риск для ОФЗ, чем для акций — Солид Инвестиции Читать далее 👉 https://smartlab.news/i/205290 мы в max",24.09.2026,15:27,СМАРТЛАБ НОВОСТИ,24.09.2026 15:27:05,,,
Не важно,⚠️🇺🇸#ORCL = -3% Oracle выпустил уведомление о форс-мажоре относительно ЦОД в Нью-Мексико Oracle пытается отсрочить платежи по проекту в случае его задержки.,24.09.2026,15:28,MarketTwits,24.09.2026 15:28:09,,,
Важно,"Отличия в инфляции по регионам были и будут всегда, но при снижении инфляции разброс между ними тоже будет сокращаться — ЦБ РФ Читать далее 👉 https://smartlab.news/i/205291 мы в max",24.09.2026,15:28,СМАРТЛАБ НОВОСТИ,24.09.2026 15:28:58,ЦБ,,
Не важно,❗️🇺🇸#сша #экономика #отчетность США - Initial Jobless Claims = 197 тыс (ожид 201 тыс / ранее 196 тыс) США - Continuing Jobless Claims = 1.730 млн (ожид 1.750 млн / ранее 1.730 млн),24.09.2026,15:29,MarketTwits,24.09.2026 15:29:39,,,
Важно,"ЦБ РФ: По нашему прогнозу, в этом году предложение топлива восстановится, а инфляция в следующем году снизится до 4% и останется на этом уровне в дальнейшем Читать далее 👉 https://smartlab.news/i/205292 мы в max",24.09.2026,15:30,СМАРТЛАБ НОВОСТИ,24.09.2026 15:30:34,ЦБ,,
Не важно,❗️🇺🇸#сша #экономика #отчетность США - Current Account (2кв 2026г) = -$246 млрд (ожид -$257.4 млрд / ранее -226.8 млрд),24.09.2026,15:31,MarketTwits,24.09.2026 15:31:43,,,
Возможно,"ЦБ: Когда мы говорим, что инфляция в следующем году вернется к 4%, мы уже учли и произошедший всплеск цен на бензин, и предстоящую индексацию тарифов ЖКХ, и многое другое в экономике на 3 года вперед Читать далее 👉 https://smartlab.news/i/205293 мы в max",24.09.2026,15:35,СМАРТЛАБ НОВОСТИ,24.09.2026 15:35:10,,,
Важно,⚠️🇮🇷#иран #санкции #авиа США с 23 сентября начали попытку воздушной изоляции Ирана. Большинство соседних стран Ирана закрыли авиасообщение поддаваясь давлению санкций Штатов. — подтверждают иранские СМИ,24.09.2026,15:36,MarketTwits,24.09.2026 15:36:56,Иран,,
Не важно,🛢🇺🇸#топливо #сша #трамп Цены на топливо в США упадут — Трамп,24.09.2026,15:39,MarketTwits,24.09.2026 15:39:11,,,
Возможно,"Газпром построил газопровод «Белогорск – Хабаровск» на 90%, он соединит «Силу Сибири» с газопроводом «Сахалин – Хабаровск – Владивосток». Строительство планируется завершить до конца года #GAZP Читать далее 👉 https://smartlab.news/i/205294 мы в max",24.09.2026,15:39,СМАРТЛАБ НОВОСТИ,24.09.2026 15:39:50,,,
Возможно,⚠️🇷🇺#апк #россия #геополитика На Кубани введён режим ЧС из-за невозможности реализовать значительные объемы сельхозпродукции на фоне приостановки работы портов и нарушений морской транспортировки в Азово-Черноморском бассейне.,24.09.2026,15:42,MarketTwits,24.09.2026 15:42:29,,,
Возможно,"#Политика Мишустин говорит: РОСТ ВВП РФ В 2027Г ОЖИДАЕТСЯ НА УРОВНЕ 1,4% С ПОСТЕПЕННЫМ УСКОРЕНИЕМ ДО 2,4% В 2029Г РАСХОДЫ ФЕДЕРАЛЬНОГО БЮДЖЕТА В 2027Г СОСТАВЯТ 48,8 ТРЛН РУБ. НА РЕАЛИЗАЦИЮ ЗАДАЧ СОЦФОНДА РФ В 2027-2029 ГОДАХ ПЛАНИРУЕТСЯ НАПРАВИТЬ БОЛЕЕ 63 ТРЛН РУБЛЕЙ",24.09.2026,15:44,Сигналы РЦБ,24.09.2026 15:44:20,,,
Не важно,🇨🇳🇺🇸#бизнес #китай #сша В Вашингтон прибыла небольшая группа CEO китайских компаний — SCMP,24.09.2026,15:46,MarketTwits,24.09.2026 15:46:14,,,
Возможно,"Глобальный долг превысил $365 трлн, экономисты бьют тревогу — CNBC Читать далее 👉 https://smartlab.news/i/205295 мы в max",24.09.2026,15:46,СМАРТЛАБ НОВОСТИ,24.09.2026 15:46:28,,,
Возможно,"#Нефтянка МИНЭКОНОМРАЗВИТИЯ ПОВЫСИЛО ПРОГНОЗ ЦЕН НА НЕФТЬ МАРКИ BRENT В 2027Г ДО $73 ЗА БАРЕЛЬ С $65 — РЕШЕТНИКОВ МИНЭКОНОМРАЗВИТИЯ ПОНИЗИЛО ПРОГНОЗ СРЕДНЕГОДОВОГО КУРСА ДОЛЛАРА В 2026 Г. ДО 79,5 РУБ./$1 С 81,5 РУБ./$1 МИНЭКОНОМРАЗВИТИЯ ПРОГНОЗИРУЕТ ЦЕНУ НА НЕФТЬ URALS В 2027Г В $53 ЗА БАРРЕЛЬ, В 2028Г - $52, В 2029Г - $51 - РЕШЕТНИКОВ",24.09.2026,15:48,Сигналы РЦБ,24.09.2026 15:48:40,,,
Возможно,Легитимность выборов была на самом высоком уровне — Дмитрий Медведев Читать далее 👉 https://smartlab.news/i/205296 мы в max,24.09.2026,15:51,СМАРТЛАБ НОВОСТИ,24.09.2026 15:51:28,,,
Возможно,"Силуанов: МРОТ в 2027 году вырастет до 28,9 тыс рублей Читать далее 👉 https://smartlab.news/i/205300 мы в max",24.09.2026,16:00,СМАРТЛАБ НОВОСТИ,24.09.2026 16:00:24,,,
Возможно,"Мосбиржа: Стоимость чистых активов биржевых фондов денежного рынка (фондов ликвидности) впервые превысила ₽2 трлн, увеличившись с начала года на 31% Свыше 90% вложений приходится на частных инвесторов, их число превышает 3 млн человек Читать далее 👉 https://smartlab.news/i/205301 мы в max",24.09.2026,16:07,СМАРТЛАБ НОВОСТИ,24.09.2026 16:07:14,,,
Возможно,"Силуанов: Дефицит бюджета в 2027 году планируется в размере 2,2% ВВП Читать далее 👉 https://smartlab.news/i/205302 мы в max",24.09.2026,16:11,СМАРТЛАБ НОВОСТИ,24.09.2026 16:11:01,,,
Не важно,"⬆️🇷🇺#cash #россия #обзор Стоимость чистых активов БПИФ денежного рынка на Московской бирже впервые превысила 2 трлн рублей. С начала года этот показатель увеличился на 31%. — Мосбиржа Рост активов фондов денежного рынка, известных как фонды ликвидности, продолжается. Свыше 90% вложений в фонды денежного рынка на Московской бирже составляют средства частных инвесторов, число которых превышает 3 млн человек. релиз",24.09.2026,16:12,MarketTwits,24.09.2026 16:12:17,,,
Возможно,#Макро 🤍 МИНФИН ЗАЛОЖИЛ В ПРОЕКТ БЮДЖЕТА 2027-2029 ГГ ПОРЯДКА 500 МЛРД РУБ. ПОСТУПЛЕНИЙ ОТ МЕР ПО ОБЕЛЕНИЮ ЭКОНОМИКИ ЕЖЕГОДНО,24.09.2026,16:13,Сигналы РЦБ,24.09.2026 16:13:31,,,
Не важно,"🚫🛢🇺🇸🇪🇺#топливо #европа #сша Европе угрожает тотальный дефицит дизеля, если США запретят экспорт ДТ на 90 дней. Европа может лишиться 420 тыс. б/с дизельного топлива — представитель Еврокомиссии Олоф Джилл Объёмы импорта дизельного топлива из США в ЕС значительно выросли за последние годы, и на сегодняшний день США являются крупнейшим поставщиком этого топлива в Европу. Август 2026 года Соединенные Штаты поставили в страны ЕС и Великобританию 420 тыс. б/с ДТ, что составило более половины от общего объёма импорта дизеля в регион. По данным Еврокомиссии, доля США в импорте дизеля ЕС в августе оценивалась примерно в 50%.",24.09.2026,16:17,MarketTwits,24.09.2026 16:17:39,,,
Не важно,"✴️#SOL #крипто Solana наняла бывшего исполнительного директора Binance Рэйчел Конлан директором по стратегическому развитию, а бывшего исполнительного директора Polygon Labs Джамаля Раиса назначила генеральным менеджером по платежам, чтобы расширить институциональное внедрение и платежную активность в сети.",24.09.2026,16:20,MarketTwits,24.09.2026 16:20:21,,,
Возможно,Соллерс запустил производство полноразмерных рамных внедорожников Sollers S9 на мощностях Парка новых технологий в Ульяновске #SVAV Читать далее 👉 https://smartlab.news/i/205303 мы в max,24.09.2026,16:20,СМАРТЛАБ НОВОСТИ,24.09.2026 16:20:42,,,
Возможно,Северсталь ведёт пусконаладку на третьей технологической линии нового сортопрокатного стана 170 на площадке ЧерМК #CHMF Читать далее 👉 https://smartlab.news/i/205304 мы в max,24.09.2026,16:26,СМАРТЛАБ НОВОСТИ,24.09.2026 16:26:23,,,
Возможно,"Решетников: Исторически низкая безработица (2,2%) является одним из ограничителей экономического роста России — Власти продолжат программы переобучения, повышения качества образования и производительности труда — По обновлённому макропрогнозу, безработица в 2026 году составит в среднем 2,3% и сохранится на этом уровне в 2027-2029 годах Читать далее 👉 https://smartlab.news/i/205305 мы в max",24.09.2026,16:27,СМАРТЛАБ НОВОСТИ,24.09.2026 16:27:12,,,
Не важно,"В Госдуме появятся 2 новых комитета: по цифровому развитию и ИИ, и по уголовному и административному законодательству Читать далее 👉 https://smartlab.news/i/205306 мы в max",24.09.2026,16:28,СМАРТЛАБ НОВОСТИ,24.09.2026 16:28:08,,,
Возможно,🇷🇺#ии #россия В Госдуме появится комитет по цифровому развитию и искусственному интеллекту,24.09.2026,16:30,MarketTwits,24.09.2026 16:30:53,,,
Не важно,"❗️🇧🇷#кофе #бразилия Урожай кофе в Бразилии в 2026 году побьёт исторический рекорд и составит около 4,6 миллиона тонн — национальное сельскохозяйственное агентство Companhia Nacional de Abastecimento (Conab)",24.09.2026,16:35,MarketTwits,24.09.2026 16:35:52,,,
Возможно,МНЕНИЕ: ВТБ Мои Инвестиции обновили подборку топ-10 российских акций: добавили Х5 и Группу Позитив и исключили Сургутнефтегаз преф и ДОМ.PФ #X5 #POSI #SNGS #DOMRF Читать далее 👉 https://smartlab.news/i/205307 мы в max,24.09.2026,16:37,СМАРТЛАБ НОВОСТИ,24.09.2026 16:37:25,,,
Важно,"Замглавы МИД Рябков: Перемирие равно передышке. С нашей стороны многократно говорилось, что у нас цель - долгосрочное устойчивое урегулирование Читать далее 👉 https://smartlab.news/i/205308 мы в max",24.09.2026,16:41,СМАРТЛАБ НОВОСТИ,24.09.2026 16:41:29,,,
Возможно,"Японские гособлигации (JGB) обвалились по всей кривой доходности после возобновления торгов после праздников. Доходность 10‑летних бумаг выросла до 3,075% - максимума с 1996 года — Bloomberg Доходность 5‑летних - 2,375%, 20‑летних - 3,915% (+10 б.п. каждая) Читать далее 👉 https://smartlab.news/i/205309 мы в max",24.09.2026,16:43,СМАРТЛАБ НОВОСТИ,24.09.2026 16:43:55,,,
Возможно,"ФНС с 21 сентября начала рассылать гражданам уведомления об уплате транспортного, земельного налогов, налога по вкладам за 2025 год Читать далее 👉 https://smartlab.news/i/205310 мы в max",24.09.2026,16:45,СМАРТЛАБ НОВОСТИ,24.09.2026 16:45:20,,,
Не важно,"⬆️✴️#BTC #крипто #обзор #прогноз От циклического дна, рынок обычно растет 1060 дней — Cryptorank КОНСЕНСУС на рынке: дно в этом цикле окончательно пройдено в агусте 2026г впереди - 3 года роста все будут сказочно богатыми — аналитики",24.09.2026,16:45,MarketTwits,24.09.2026 16:45:41,,,
Важно,"🚫🇷🇺#fx #нерезы #россия ЦБ РФ: Сохранены ограничения на переводы за рубеж средств нерезидентов из недружественных стран со счетов брокеров и доверительных управляющих Банк России приостанавливает такие операции с 1 октября 2026 года еще на 6 месяцев. Ограничения касаются переводов со счетов как физических, так и юридических лиц, открытых у российских брокеров и доверительных управляющих. Эти меры были введены 1 апреля 2022 года.",24.09.2026,16:46,MarketTwits,24.09.2026 16:46:46,ЦБ,,
Возможно,"Силуанов: ""Обеление экономики"" принесёт допдоход в бюджет в размере 500 млрд руб Читать далее 👉 https://smartlab.news/i/205311 мы в max",24.09.2026,16:52,СМАРТЛАБ НОВОСТИ,24.09.2026 16:52:12,,,
Не важно,"⚠️🇺🇸#дкп #сша #спикеры Абсолютное большинство спикеров ФРС говорят о риске роста инфляции и возможной необходимости принять меры (повысить ставку), чтобы не запустить ситуацию с ускорением инфляции — мониторинг",24.09.2026,16:57,MarketTwits,24.09.2026 16:57:05,,,
Возможно,"День инвестора 2026 у Займера — уже через час на наших каналах! 24 сентября пройдет второй День инвестора Займера. В этот раз фокус будет уже не только на классическом онлайн-МФО-бизнесе, а на том, как компания развивается в формате более широкой финтех-группы. За последний год периметр Займера заметно изменился. Компания развивает новые направления на базе банка КИБ «Евроальянс», платежной системы БЭСТ, Таксиагрегатора и IntellectMoney. То есть история постепенно выходит за рамки онлайн-займов и становится шире: кредитование физических лиц и бизнеса, банковские, платежные и транзакционные сервисы. Для инвесторов это важный момент, т.к. Займер остается одним из крупнейших независимых игроков на рынке онлайн-микрофинансирования, но теперь рынок будет смотреть не только на выдачи и дивиденды, а еще и на то, как новые активы будут встроены в общую бизнес-модель группы. На Дне Инвестора обсудят главные вопросы: 👉 Как Займер видит развитие рынка онлайн-МФО в 2026 году? 👉 Как новые регуляторные изменения влияют на бизнес-модель компании? 👉 Какую роль в группе будет играть КИБ «Евроальянс»? 👉 Что дают Займеру БЭСТ, Таксиагрегатор и IntellectMoney? 👉 Как компания планирует развивать кредитование физических лиц и бизнеса? 👉 Какие планы у менеджмента по дивидендам и капиталу? 👉 Как инвесторам смотреть на Займер уже не только как на МФО, а как на финтех-группу? Прямые трансляции: YOUTUBE ▎ VK VIDEO Также смотрите в записи: ДЗЕН ▎ РУТУБ Ждем ваши вопросы в комментариях!",24.09.2026,16:57,СМАРТЛАБ НОВОСТИ,24.09.2026 16:57:31,,,
Возможно,Решетников: Представляемая бюджетная конструкция создаёт пространство для дальнейшего смягчения денежно-кредитных условий и восстановления инвестактивности Читать далее 👉 https://smartlab.news/i/205312 мы в max,24.09.2026,16:57,СМАРТЛАБ НОВОСТИ,24.09.2026 16:57:35,,,
Возможно,Спред между никелем и медью сузился до исторического минимума — ГМК Норникель #GMKN Читать далее 👉 https://smartlab.news/i/205313 мы в max,24.09.2026,16:59,СМАРТЛАБ НОВОСТИ,24.09.2026 16:59:51,,,
Не важно,❗️🇺🇸#сша #экономика #отчетность США - New Home Sales (авг) = +6.4% м/м (—- / ранее -10.5%),24.09.2026,17:00,MarketTwits,24.09.2026 17:00:19,,,
Возможно,❗️🇷🇺#ипотека #россия #недвижимость ПРАВИТЕЛЬСТВО РФ УТВЕРДИЛО ИЗМЕНЕНИЕ СЕМЕЙНОЙ ИПОТЕКИ С ДИФФЕРЕНЦИАЦИЕЙ УСЛОВИЙ В ЗАВИСИМОСТИ ОТ ЧИСЛА ДЕТЕЙ И РЕГИОНА ПРОЖИВАНИЯ СЕМЬИ - МИНФИН релиз,24.09.2026,17:00,MarketTwits,24.09.2026 17:00:45,,,
Возможно,Минфин РФ меняет условия семейной ипотеки с 1 октября: ставка и сумма будут зависеть от количества детей и региона #SBER #VTBR Читать далее 👉 https://smartlab.news/i/205314 мы в max,24.09.2026,17:01,СМАРТЛАБ НОВОСТИ,24.09.2026 17:01:10,,,
Возможно,"#Недвижимость Изменения в программу ""Семейная ипотека"" утвердило правительство. Ключевой фактор – дифференциация условий в зависимости от числа детей и региона проживания семьи. Ставки составят от 2% до 12%. Изменения будут действовать по договорам, выданным с 1 октября.",24.09.2026,17:05,Сигналы РЦБ,24.09.2026 17:05:03,,,
Не важно,❗️🇺🇸🇨🇳#событие #сша #китай Началась официальная встреча Трампа с Си Цзиньпином,24.09.2026,17:09,MarketTwits,24.09.2026 17:09:18,,,
Не важно,"✴️#USDT #BTC #крипто Генеральный директор Tether Паоло Ардоино заявил, что скоро запустится USDT в сети BTC",24.09.2026,17:18,MarketTwits,24.09.2026 17:18:15,,,
Важно,Ле Пен заявила об отсутствии средств у Франции на помощь Украине Читать далее 👉 https://smartlab.news/i/205316 мы в max,24.09.2026,17:19,СМАРТЛАБ НОВОСТИ,24.09.2026 17:19:25,Украина,,
Возможно,⚠️✴️🇺🇸#POLY Н.Йорк подал в суд на Polymarket за проведение незаконный гэмблинг,24.09.2026,17:21,MarketTwits,24.09.2026 17:21:20,,,
Не важно,❗️ВПЕРЕДИ 🛢натгаз США - запасы EIA - 17:30мск (ожид +50 BCF / ранее +44 BCF),24.09.2026,17:22,MarketTwits,24.09.2026 17:22:28,,,
Возможно,"Цена Urals в портах Балтики 14–18 сентября выросла на $9,3, до $104,99 за баррель, а дисконт к Dated Brent сократился до $20,85 — минимума с ноября 2025 г. — Ъ #ROSN #LKOH Читать далее 👉 https://smartlab.news/i/205317 мы в max",24.09.2026,17:24,СМАРТЛАБ НОВОСТИ,24.09.2026 17:24:09,,,
Не важно,❗️🇺🇸🇨🇳#событие #сша #китай ТРАМП - СИ LIVE,24.09.2026,17:24,MarketTwits,24.09.2026 17:24:39,,,
Возможно,"⬆️🛢🇷🇺#нефть #россия Обострение ситуации на Ближнем Востоке и активный спрос индийских и китайских НПЗ поддерживают стоимость российской нефти. Цены на Urals в портах Балтики выросли до рекордных с апреля, а дисконт к эталону — снизился до минимума с ноября 2025 года. При эскалации ближневосточного конфликта котировки Urals в портах могут прибавить $25–30 за баррель, прогнозируют аналитики — Ъ",24.09.2026,17:28,MarketTwits,24.09.2026 17:28:44,,,
Возможно,"🛢🇸🇦#нефть #саравия RTRS: по данным источников, объемы поставок по саудовскому трубопроводу Восток-Запад растут, но загрузка еще не возобновилась RTRS: Saudi East-West Pipeline building up volumes, loading yet to resume, sources say",24.09.2026,17:29,MarketTwits,24.09.2026 17:29:32,,,
Возможно,"Полюс оценивает потенциал отвалов на Алдане в 33,7 тонны золота при среднем содержании 0,66 г/т — Советник компании по геологии Егор Лебедев #PLZL Компания рассматривает их отработку методом кучного выщелачивания и видит возможность прибавить до 500 тонн запасов на горизонте до 2035 года Читать далее 👉 https://smartlab.news/i/205318 мы в max",24.09.2026,17:29,СМАРТЛАБ НОВОСТИ,24.09.2026 17:29:50,,,
Не важно,❗️🛢🇺🇸#газ #сша #отчетность ГАЗ США - ЗАПАСЫ EIA = +53 BCF (ожид +50 BCF / ранее +44 BCF),24.09.2026,17:30,MarketTwits,24.09.2026 17:30:35,,,
Не важно,"❗️🇺🇸🇨🇳#событие #сша #китай Трамп заявил, что США великие, Китай великий. Они все обсудят, все порешают. И вместе будут строить великое светлое будущее! LIVE",24.09.2026,17:32,MarketTwits,24.09.2026 17:32:59,,,
Возможно,"МНЕНИЕ: ВТБ Мои Инвестиции считают текущий момент подходящим для входа в валютные облигации с доходностью около 10% годовых, что является редкостью для рынка Читать далее 👉 https://smartlab.news/i/205326 мы в max",24.09.2026,17:42,СМАРТЛАБ НОВОСТИ,24.09.2026 17:42:11,,,
Не важно,"❗️🇺🇸🇨🇳#событие #сша #китай Си заявил, что Китай великий, США великие. Нужно быть ответственными, жить дружно и делать бизнес во имя великого и светлого будущего! LIVE",24.09.2026,17:42,MarketTwits,24.09.2026 17:42:19,,,
Не важно,"США легализуют бессрочные фьючерсы (perps) - инструмент с мировым оборотом $62 трлн, существовавший ранее почти исключительно на офшорных криптоплощадках — Bloomberg CFTC уже одобрила первый регулируемый контракт на биткоин, а теперь открывает путь для perps на нефть, золото, акции и другие традиционные активы Читать далее 👉 https://smartlab.news/i/205327 мы в max",24.09.2026,17:43,СМАРТЛАБ НОВОСТИ,24.09.2026 17:43:54,,,
Возможно,⚠️🇮🇷🇸🇦#иран #саравия #геополитика Йеменские хуситы вновь заявили об атаках на С.Аравию,24.09.2026,17:53,MarketTwits,24.09.2026 17:53:13,,,
Возможно,"Официальные курсы валют на 25 сентября: ¥ — ₽12,6500, $ — ₽84,9057, € — ₽96,8859 Читать далее 👉 https://smartlab.news/i/205328 мы в max",24.09.2026,17:53,СМАРТЛАБ НОВОСТИ,24.09.2026 17:53:42,,,
Не важно,🇷🇺#fx #россия ЦБ установил официальные курсы валют на 25 сентября,24.09.2026,17:55,MarketTwits,24.09.2026 17:55:33,,,
Важно,"Ключевая ставка ЦБ — 14%, а средняя максимальная ставка по вкладам крупнейших банков уже снизилась примерно до 13%. Главный риск для инвестора — не текущая доходность вклада, а ставка, под которую получится разместить деньги после его окончания. При снижении ключевой ставки доходности по депозитам продолжат снижаться. Поэтому ожидание на вкладе может означать упущенную возможность зафиксировать текущую доходность на более длинный срок. В экспертной статье Дмитрий Рыжов, директор по работе с ключевыми клиентами, разобрал: — почему вклад становится уязвимым при снижении ставок; — какие возможности дают облигации, корпоративные выпуски и дивидендные акции; — какие риски возникают при переходе в длинные инструменты; — как подготовить портфель к смене процентного цикла. Полная статья — на нашем сайте Не является индивидуальной инвестиционной рекомендацией",24.09.2026,18:03,Сигналы РЦБ,24.09.2026 18:03:24,ЦБ,,
Возможно,"❗️🇷🇺#экономика #россия #прогноз ОБНОВЛЕННЫЕ ПРОГНОЗЫ МЭР: ДОБЫЧА ГАЗА В РФ В 2026 Г. СОСТАВИТ 683,1 МЛРД КУБ. М, ПРОГНОЗ НА 2027-2029 ГГ. ПОНИЖЕН СРЕДНЕКОНТРАКТНЫЕ ЦЕНЫ ГАЗА РФ В 2026 Г. СОСТАВЯТ $313,3 ЗА 1 ТЫС. КУБ. М, В 2027 Г. СНИЗЯТСЯ ДО $271,8, ЗАТЕМ БУДУТ ПЛАВНО УМЕНЬШАТЬСЯ ЦЕНЫ НА ГАЗ РФ ДЛЯ ДАЛЬНЕГО ЗАРУБЕЖЬЯ В 2026 Г. СОСТАВЯТ $402,9 ЗА ТЫС. КУБ. М, В 2027 Г. - СНИЗЯТСЯ ДО $341,1 ЦЕНЫ НА ГАЗ В МИРЕ В 2026 Г. ПРОДОЛЖАЮТ РАСТИ, НО ДО 2029 Г. СНИЗЯТСЯ НА 40% СНИЖЕНИЕВ 2026Г ВЫПЛАВКИ ЧУГУНА НА 4%, СТАЛИ - НА 6%, ПРОКАТА - НА 5,1% К ПОКАЗАТЕЛЯМ 2025 Г. ПОГРУЗКА НА ЖЕЛЕЗНОДОРОЖНОМ ТРАНСПОРТЕ В РФ В 2026 Г. МОЖЕТ СНИЗИТЬСЯ НА 0,6%, ДО 1,1 МЛРД Т ПОНИЖЕН ПРОГНОЗ ПО ЭКСПОРТУ НЕФТЕПРОДУКТОВ ИЗ РФ В ЭТОМ ГОДУ С 122,6 МЛН ТОНН ДО 98,5 МЛН ТОНН ВЫПУСК ОБРАБАТЫВАЮЩЕЙ ПРОМЫШЛЕННОСТИ В РОССИИ К 2029 ГОДУ ПРЕВЫСИТ УРОВЕНЬ 2025 ГОДА НА 11,5% ЭКСПОРТ НЕФТЕПРОДУКТОВ ИЗ РОССИИ В 2026 ГОДУ СНИЗИТСЯ НА 21,7%, ДО 98,5 МЛН ТОНН - БАЗОВЫЙ ПРОГНОЗ МИНЭКОНОМРАЗВИТИЯ РФ ПОНИЗИЛО ПРОГНОЗ ПО ДОБЫЧЕ НЕФТИ В РОССИИ В ЭТОМ ГОДУ С 511 МЛН ДО 494,2 МЛН ТОНН ПАССАЖИРОПОТОК РОССИЙСКИХ АВИАКОМПАНИЙ В 2026 ГОДУ СОКРАТИТСЯ НА 0,3% И СОСТАВИТ 108,5 МЛН ЧЕЛОВЕК ПАССАЖИРОПОТОК АВИАКОМПАНИЙ РОССИИ В 2029 Г В БАЗОВОМ ВАРИАНТЕ ОЖИДАЕТСЯ НА 28% БОЛЬШЕ, ЧЕМ В 2025 ГОДУ",24.09.2026,18:04,MarketTwits,24.09.2026 18:04:54,,,
Не важно,"⬆️🛢🇺🇸#газ = +5% в США проблема с трубой, газ +5%",24.09.2026,18:05,MarketTwits,24.09.2026 18:05:58,,,
Возможно,"Экспорт нефтепродуктов из России в 2026 г. снизится на 21,7%, до 98,5 млн тонн, прогноз понижен со 122,6 млн тонн — прогноз Минэкономразвития - Пассажиропоток российских авиакомпаний в 2026 г. сократится на 0,3%, до 108,5 млн человек. - Минэкономразвития РФ снизило прогноз добычи нефти в 2026 г. с 511 млн до 494,2 млн тонн. - Выплавка чугуна в 2026 г. снизится на 4%, стали — на 6%, проката — на 5,1% к уровню 2025 года. - Цены на российский газ для дальнего зарубежья в 2026 г. составят $402,9 за 1 тыс. куб. м, в 2027 г. снизятся до $341,1. - Среднеконтрактная цена российского газа в 2026 г. составит $313,3 за 1 тыс. куб. м, в 2027 г. снизится до $271,8 и далее будет постепенно уменьшаться. #ROSN #LKOH #GAZP #CHMF #AFLT Читать далее 👉 https://smartlab.news/i/205329 мы в max",24.09.2026,18:09,СМАРТЛАБ НОВОСТИ,24.09.2026 18:09:28,,,
Не важно,⬆️🛢🇷🇺#газ #россия #GAZP МЭР: ОПТОВЫЕ ЦЕНЫ НА ГАЗ В РФ В 2027-2029 ГГ. ПРОИНДЕКСИРУЮТ НА 3 П. П. ВЫШЕ ИНФЛЯЦИИ,24.09.2026,18:10,MarketTwits,24.09.2026 18:10:37,,,
Возможно,Мосбиржа прекратит торги облигациями Ю Ди Пи Авто с 24 декабря Основание — введение в отношении компании процедуры наблюдения в деле о банкротстве. Читать далее 👉 https://smartlab.news/i/205330 мы в max,24.09.2026,18:26,СМАРТЛАБ НОВОСТИ,24.09.2026 18:26:14,,,
Возможно,Денежная масса и кредит экономике продолжили расти в августе — ЦБ Читать далее 👉 https://smartlab.news/i/205331 мы в max,24.09.2026,18:31,СМАРТЛАБ НОВОСТИ,24.09.2026 18:31:27,,,
Не важно,⬆️🛢#нефть = +4% на новых атаках йеменских хуситов на С.Аравию,24.09.2026,18:31,MarketTwits,24.09.2026 18:31:43,,,
Не важно,"Индия ожидает, что уголь будет обеспечивать около половины выработки электроэнергии до 2035–2036 годов #MTLR #RASP Читать далее 👉 https://smartlab.news/i/205332 мы в max",24.09.2026,18:32,СМАРТЛАБ НОВОСТИ,24.09.2026 18:32:52,,,
Возможно,Лензолото направит заявление о ликвидации в ЕГРЮЛ 1 октября — раскрытие #LNZL Читать далее 👉 https://smartlab.news/i/205334 мы в max,24.09.2026,18:36,СМАРТЛАБ НОВОСТИ,24.09.2026 18:36:26,,,
Возможно,"Конкуренция за клиента обостряется, и мы запустили новый продукт - ""Лимит+"" — Гендиректор ""Займера"" Роман Макаров на Дне инвестора #ZAYM Прямая трансляция доступна здесь: https://vkvideo.ru/live-53159866_456240688 Читать далее 👉 https://smartlab.news/i/205335 мы в max",24.09.2026,18:36,СМАРТЛАБ НОВОСТИ,24.09.2026 18:36:36,,,
Возможно,"Наша цель - расти, сохраняя конверсию — Гендиректор ""Займера"" Роман Макаров на Дне инвестора #ZAYM Прямая трансляция доступна здесь: https://vkvideo.ru/live-53159866_456240688 Читать далее 👉 https://smartlab.news/i/205336 мы в max",24.09.2026,18:44,СМАРТЛАБ НОВОСТИ,24.09.2026 18:44:24,,,
Не важно,"⬆️✴️#LTC = +23% За последние 24 часа вокруг Litecoin резко выросла активность, обсуждения в соцсетях набирают обороты — мониторинг",24.09.2026,18:51,MarketTwits,24.09.2026 18:51:22,,,
Возможно,Займер запускает собственное решение для проверки заемщиков по биометрии — компания #ZAYM Читать далее 👉 https://smartlab.news/i/205337 мы в max,24.09.2026,18:53,СМАРТЛАБ НОВОСТИ,24.09.2026 18:53:31,,,
Важно,"ЦБ РФ определил порядок допуска на рынок криптовалют цифровых депозитариев, криптообменников и операторов информационных систем Читать далее 👉 https://smartlab.news/i/205338 мы в max",24.09.2026,18:55,СМАРТЛАБ НОВОСТИ,24.09.2026 18:55:35,ЦБ,,
Не важно,"✴️🇷🇺#крипто #россия #регулирование Банк России определил порядок допуска на рынок криптовалют цифровых депозитариев, криптообменников, а также операторов информационных систем, в которых выпускаются цифровые права (ОИС). Все они должны входить в соответствующие реестры. — релиз",24.09.2026,18:55,MarketTwits,24.09.2026 18:55:44,,,
Возможно,"Хочу представить нашу последнюю покупку - платёжную систему ""БЭСТ"". Мы считаем, что у неё высокий потенциал роста — Гендиректор ""Займера"" Роман Макаров на Дне инвестора #ZAYM Прямая трансляция доступна здесь: https://vkvideo.ru/live-53159866_456240688 Читать далее 👉 https://smartlab.news/i/205339 мы в max",24.09.2026,18:57,СМАРТЛАБ НОВОСТИ,24.09.2026 18:57:42,,,
Возможно,"#Авиа ПАССАЖИРОПОТОК АВИАКОМПАНИЙ РОССИИ В 2029 Г В БАЗОВОМ ВАРИАНТЕ ОЖИДАЕТСЯ НА 28% БОЛЬШЕ, ЧЕМ В 2025 ГОДУ",24.09.2026,19:03,Сигналы РЦБ,24.09.2026 19:03:26,,,
Не важно,"Новые налоги️Итоги дня 📉ГМК Норникель -5.7% 📉Русал -4.4% «Бобраята, что это вы здесь строите? Плотина… логи». Снова компании начали зарабатывать сверхприбыль(глядя на индекс так сразу и не скажешь, но это мелочи). Минфин в бюджетном пакете на 2027 год и плановый период 2028 и 2029 годов предложил ввести налог для отдельных добывающих отраслей в размере 30% от дополнительного дохода, для золота — 20%😁 📈Полюс +3.7% Акция уже настолько перепродана, что даже новые налоги не могут привести её к падению. Дешевле Полюс стоил только на минимумах 2022 года, но тогда и золото в рублях стоило в 3 раза дешевле🤷‍♂️ 📉ЛСР -1.9% Минфин изменил условия Семейной ипотеки. Ставка по «Семейной ипотеке» с 1 октября составит от 2% до 12% в зависимости от числа детей и региона😔 📈IMOEX +0.2% Минфин России предложил распространить прогрессивную шкалу НДФЛ со ставками от 13 до 22% на дивиденды и другие пассивные доходы. Все эти предложения не будут стимулировать собственников выплачивать дивиденды. Но их и так никто не платит. Сгорел сарай гори и хата😁 📈ОЗОН +2.4% Участники рынка выкупили всю просадку после атак на склады компании и акции вернулись на уровни конца августа. Интересно, что акции сегодня не реагируют на новые налоговые инициативы. Минфин предлагает ввести НДС в 22% для иностранных товаров, приобретенных онлайн🤷‍♂️ 📉RGBI — Каждый год 31-го декабря Минэкономразвития прогнозирует снижение инфляции до 4%. Инфляция к концу года поднимется до 6,8%, в следующем году снизится до 4%, прогнозируют в Минэкономразвития😁 📉ВТБ -0.7% Допэмиссия акций ВТБ, которая состоится в связи с приобретением 5% доли в WB банке, перенесена на октябрь🤔 Полная карта рынка: https://smart-lab.ru/q/map Билеты на нашу осеннюю конфу на 20% дешевле по промокоду LONG: https://confa.smart-lab.ru/msk26 СМАРТЛАБ | MAX | ВК",24.09.2026,19:03,СМАРТЛАБ НОВОСТИ,24.09.2026 19:03:47,,,
Возможно,"Цены на золото стабилизировались после коррекции — главный вопрос уже не «дорого ли», а как действовать дальше. Ждать продолжение коррекции или наращивать позицию? Инвестировать в сам металл или в фонды и золотодобывающие компании? 29 сентября АТОН проведет вебинар, на котором эксперты разберут, что сейчас влияет на цены на золото и через какие инструменты лучше взять экспозицию на металл в зависимости от целей инвестора. Для участия нужно зарегистрироваться по ссылке.",24.09.2026,19:04,MarketTwits,24.09.2026 19:04:50,,,
Возможно,США и Иран обсудили поэтапное соглашение о возобновлении работы Ормузского пролива и прекращении американской блокады — источники Reuters Читать далее 👉 https://smartlab.news/i/205341 мы в max,24.09.2026,19:17,СМАРТЛАБ НОВОСТИ,24.09.2026 19:17:50,,,
Возможно,"Мы не хотим быть только МФО, мы занимаемся диверсификацией, мы понимаем, что банки больше МФО — Гендиректор ""Займера"" Роман Макаров на Дне инвестора #ZAYM Прямая трансляция доступна здесь: https://vkvideo.ru/live-53159866_456240688 Читать далее 👉 https://smartlab.news/i/205342 мы в max",24.09.2026,19:21,СМАРТЛАБ НОВОСТИ,24.09.2026 19:21:21,,,
Возможно,"Выручка Займера в 1п2026 составила ₽10,5 млрд, чистая прибыль - ₽920 млн — Гендиректор Роман Макаров на Дне инвестора #ZAYM Прямая трансляция доступна здесь: https://vkvideo.ru/live-53159866_456240688 Читать далее 👉 https://smartlab.news/i/205343 мы в max",24.09.2026,19:26,СМАРТЛАБ НОВОСТИ,24.09.2026 19:26:50,,,
Важно,Куйбышевский НПЗ Роснефти остановил переработку после атаки БПЛА — Reuters #ROSN Читать далее 👉 https://smartlab.news/i/205344 мы в max,24.09.2026,19:37,СМАРТЛАБ НОВОСТИ,24.09.2026 19:37:11,Роснефть,,
Возможно,Правительство одобрило проект бюджета на 2027–2029 годы Читать далее 👉 https://smartlab.news/i/205345 мы в max,24.09.2026,19:43,СМАРТЛАБ НОВОСТИ,24.09.2026 19:43:59,,,
Возможно,Петербургский застройщик Element может купить у ПИК площадку в Москве за 4–6 млрд руб. — Ъ #PIKK Читать далее 👉 https://smartlab.news/i/205346 мы в max,24.09.2026,19:49,СМАРТЛАБ НОВОСТИ,24.09.2026 19:49:55,,,
Возможно,🇷🇺#ZAYM Займер расширит транзакционный и B2B-бизнес — релиз,24.09.2026,19:53,MarketTwits,24.09.2026 19:53:02,,,
Возможно,"❗️🛢🇺🇸#трамп #нефть США и Иран обсуждают поэтапное соглашение о возобновлении судоходства по Ормузу и прекращении американской блокады — RTRS US AND IRAN DISCUSS PHASED DEAL TO REOPEN HORMUZ AND END US BLOCKADE чем выше цены на нефть, тем больше вбросов — мониторинг",24.09.2026,19:54,MarketTwits,24.09.2026 19:54:49,,,
Не важно,⚠️🧠#ии #хак #warning ИИ-агент OpenAI пытался взломать еще 4 системы — NYT OpenAI’s AI tried to breach 4 other targets - NYT,24.09.2026,19:58,MarketTwits,24.09.2026 19:58:50,,,
Возможно,"СалютДевайсы подали иск к М.Видео на 6,6 млрд рублей — Интерфакс #MVID Комментарий пресс-службы М.Видео: М.Видео находится в постоянном диалоге с контрагентом и продолжает эффективно взаимодействовать по рабочим вопросам. Мы занимаемся урегулированием спора и нацелены на выработку взаимоприемлемого решения. Для нас важно сохранить конструктивные партнёрские отношения, поэтому мы ведём предметную работу по возникшим разногласиям.Читать далее 👉 https://smartlab.news/i/205349 мы в max",24.09.2026,19:58,СМАРТЛАБ НОВОСТИ,24.09.2026 19:58:52,,,
Возможно,"#Политика #Макро Правительство России одобрило проект федерального бюджета на следующую трехлетку, сообщила пресс-служба кабмина.",24.09.2026,20:00,Сигналы РЦБ,24.09.2026 20:00:24,,,
Возможно,"⚠️🇷🇺#MVID #суд SberDevices подала иск к основной операционной компании ""М.Видео"" на 6,6 млрд руб. Суть претензий в материалах суда пока не раскрыта. — ИФ Комментарий пресс-службы М.Видео: М.Видео находится в постоянном диалоге с контрагентом и продолжает эффективно взаимодействовать по рабочим вопросам. Мы занимаемся урегулированием спора и нацелены на выработку взаимоприемлемого решения. Для нас важно сохранить конструктивные партнёрские отношения, поэтому мы ведём предметную работу по возникшим разногласиям.",24.09.2026,20:01,MarketTwits,24.09.2026 20:01:00,,,
Важно,⚠️🇪🇺🇺🇦#нато #украина #геополитика Страны НАТО готовы разместить войска на территории Украины в случае завершения конфликта с Россией — Рютте пообещал Украине гарантии безопасности,24.09.2026,20:02,MarketTwits,24.09.2026 20:02:40,Украина,,
Возможно,"#MVID SberDevices подала иск к основной операционной компании ""М.Видео"" на 6,6 млрд руб. Суть претензий в материалах суда пока не раскрыта — Интерфакс",24.09.2026,20:03,Сигналы РЦБ,24.09.2026 20:03:34,,,
Не важно,США тайно давят на Китай из-за подозрений в ядерных испытаниях — WSJ Читать далее 👉 https://smartlab.news/i/205350 мы в max,24.09.2026,20:03,СМАРТЛАБ НОВОСТИ,24.09.2026 20:03:36,,,
Не важно,"⚠️🇹🇼#тайвань #геополитика Си Цзиньпин в ходе визита в США выразил надежду, что Вашингтон будет выступать против независимости Тайваня — Xinhua",24.09.2026,20:03,MarketTwits,24.09.2026 20:03:36,,,
Не важно,🇨🇳🇺🇸#китай #сша #геополитика Китай направит в США двух панд в качестве символа дружбы,24.09.2026,20:07,MarketTwits,24.09.2026 20:07:52,,,
Не важно,❗️🇺🇸🇨🇳#событие #сша #китай ТРАМП: У НАС БЫЛА ОТЛИЧНАЯ ВСТРЕЧА,24.09.2026,20:08,MarketTwits,24.09.2026 20:08:25,,,
Возможно,"Доля женщин среди частных инвесторов в России выросла с 19% в 2019 г. до 45,4% к началу 2026 г. — ПСБ Читать далее 👉 https://smartlab.news/i/205351 мы в max",24.09.2026,20:35,СМАРТЛАБ НОВОСТИ,24.09.2026 20:35:44,,,
Важно,Венгрия добивается продления исключения из санкций на закупку энергоносителей из РФ #LKOH Читать далее 👉 https://smartlab.news/i/205352 мы в max,24.09.2026,20:42,СМАРТЛАБ НОВОСТИ,24.09.2026 20:42:25,Лукойл,,
Возможно,❗️🇮🇷#иран #геополитика ИРАН ТРАДИЦИОННО ОПРОВЕРГАЕТ ВБРОСЫ ЗАПАДНЫХ СМИ,24.09.2026,20:42,MarketTwits,24.09.2026 20:42:27,,,
Не важно,"#Политика Си Цзиньпин в ходе визита в США выразил надежду, что Вашингтон будет выступать против независимости Тайваня Трамп назвал встречу хорошей А Китай подарит США двух панд",24.09.2026,20:44,Сигналы РЦБ,24.09.2026 20:44:03,,,
Возможно,Си Цзиньпин призвал Трампа занять позицию против независимости Тайваня и осторожно подходить к тайваньскому вопросу — BBG Читать далее 👉 https://smartlab.news/i/205353 мы в max,24.09.2026,20:46,СМАРТЛАБ НОВОСТИ,24.09.2026 20:46:45,,,
Не важно,⬆️🛢🇺🇸#газ #сша Газ в США = +7% из-за объявления форс-мажора на газовой трубе в Западной Вирджинии,24.09.2026,20:51,MarketTwits,24.09.2026 20:51:43,,,
Не важно,"🚫🛢🇺🇸#топливо #сша Министр энергетики США Райт просит некоторые крупные НПЗ США добровольно ограничить экспорт дизеля — BBG —————————— ранее WSJ сообщал, что администрация США рассматривает альтернативы запрету экспорта дизеля, включая добровольное сокращение поставок",24.09.2026,21:02,MarketTwits,24.09.2026 21:02:13,,,
Не важно,"❗️🇺🇸#qe #сша #облигации Минфин США сегодня получил предложения о выкупе акций на сумму $4,08 млрд , это меньше ранее анонсированного объема в $6 млрд US TREASURY BUYS $4.078 BILLION OF 20–30-YEAR DEBT IN SEPTEMBER 24 BUYBACK OPERATION",24.09.2026,21:05,MarketTwits,24.09.2026 21:05:28,,,
Возможно,Михайловский молочный завод 9 октября проведет общее собрание владельцев облигаций серии 001Р-02 Читать далее 👉 https://smartlab.news/i/205354 мы в max,24.09.2026,21:06,СМАРТЛАБ НОВОСТИ,24.09.2026 21:06:44,,,
Возможно,"⚠️🇮🇱#израиль #геополитика Десятки дипломатов покинули зал ГА ООН, когда Нетаньяху начал выступать Нетаньяху заявил, что если бы он не принял решение бомбить ядерные объекты Ирана, то ""мы все бы уже были мертвы"" LIVE",24.09.2026,21:08,MarketTwits,24.09.2026 21:08:44,,,
Возможно,"⚠️🇷🇺#налоги #россия Новый windfall tax войдет в НК РФ именно как ""налог на сверхдоход"", дополнив ""налог на сверхприбыль"" - источник ИФ Windfall tax, который Минфин предлагает собрать с ряда горнодобывающих компаний в рамках ""донастройки налогообложения природной ренты"", войдет в Налоговый кодекс (НК) РФ отдельной новой формулировкой - ""налог на сверхдоходы""",24.09.2026,21:11,MarketTwits,24.09.2026 21:11:51,,,
Не важно,🇺🇸🇨🇳#событие #сша #китай Белый дом назвал успешной встречу Трампа и Си Цзиньпина,24.09.2026,21:13,MarketTwits,24.09.2026 21:13:09,,,
Возможно,"Windfall tax для ряда горнодобывающих компаний войдёт в НК отдельной формулировкой — налог на сверхдоходы, дополнив действующий налог на сверхприбыль — Интерфакс Читать далее 👉 https://smartlab.news/i/205355 мы в max",24.09.2026,21:14,СМАРТЛАБ НОВОСТИ,24.09.2026 21:14:10,,,
Не важно,"⚠️🇺🇸#доходности #сша #облигации Обвал в гособлигациях США продолжается, доходности продолжают расти. на удивление, сильнее всех падают именно ""длинные"" бонды, в которых Минфин США активно покупает вчера Минфин США объявил, что увеличит объем покупок в 20-ти и 30-ти летках до $6 млрд на операцию",24.09.2026,21:18,MarketTwits,24.09.2026 21:18:05,,,
Возможно,"❗️🛢#нефть #интервенции Макрон опять поднял тему проведения интервенций в нефти посредством скоординированного высвобождения нефти из стратегических запасов Макрон заявил, что хочет обсудить высвобождение нефти из резервов со странами G7",24.09.2026,21:28,MarketTwits,24.09.2026 21:28:13,,,
Возможно,⚠️🇮🇱🇹🇷#геополитика #израиль #турция Нетаньяху на выступлении в ГА ООН называл Эрдогана тираном ———————————- восточные аналитики все чаше начинают говорить о возможной войне Турции против Израиля — мониторинг,24.09.2026,21:29,MarketTwits,24.09.2026 21:29:39,,,
Не важно,✴️🇺🇸#стейблкоины #крипто #сша #регулирование ФРС вынесла на публичные обсуждения предложения по созданию нормативно-правовой базы для эмитентов стейблкоинов в соответствии с законом GENIUS,24.09.2026,21:33,MarketTwits,24.09.2026 21:33:20,,,
Возможно,"⚠️🇮🇷#иран #геополитика СЕНАТ США ОТКЛОНИЛ РЕЗОЛЮЦИЮ, ОГРАНИЧИВАЮЩУЮ ВОЕННЫЕ ПОЛНОМОЧИЯ ТРАМПА В ОТНОШЕНИИ ИРАНА US SENATE REJECTS RESOLUTION CURBING TRUMP'S IRAN WAR POWERS.",24.09.2026,21:40,MarketTwits,24.09.2026 21:40:18,,,
Возможно,"Сенат США отклонил резолюцию, ограничивающую полномочия Трампа в отношении войны с Ираном Читать далее 👉 https://smartlab.news/i/205356 мы в max",24.09.2026,21:41,СМАРТЛАБ НОВОСТИ,24.09.2026 21:41:51,,,
Не важно,⚠️🇺🇸#дкп #сша У Уорша проблемы — CNBC доходности улетают в стратосферу CNBC: SURGING TREASURY YIELDS ARE POSING A BRAND NEW PROBLEM FOR KEVIN WARSH AND THE FED,24.09.2026,21:42,MarketTwits,24.09.2026 21:42:23,,,
Возможно,"Достойных ресурсов по инвест.тематике и экономике сейчас не так много, поэтому данный канал стоит отдельного внимания.👇 На канале много полезных разборов эмитентов, глубокий разбор макроэкономики, ситуации на рынке акций и с курсом рубля, а также ведется публичный онлайн портфель. • Разбор Лукойла: ссылка. • ВТБ. История с бумагой за последний год, о ситуации с допками и судьбе акций читайте на канале. • Как правильно анализировать статистику Мосбиржи по данным физ/юр. лиц.Читать далее. • Правильный хэдж валютных позиций. Почему важно учитывать контанго?(Читать). Постоянный разбор ситуации с курсом рубля. Многие смотрят на динамику курса поверхностно, но в моем канале мы стараемся обсуждать глубину процессов. Не глупости вроде “доллар 110 завтра”, а с точки зрения макро: влияние решений ЦБ/Минфина, платёжный баланс/ликвидность, технический разрез и прочее. Подписывайтесь: https://t.me/trader_nt",24.09.2026,22:00,СМАРТЛАБ НОВОСТИ,24.09.2026 22:00:00,,,
Возможно,"⚠️🇨🇳🇮🇷#китай #иран #геополитика Китай снабжает Иран электронными компонентами, которые используются при производстве дронов и систем наведения ракет — WSJ Iran Has a Secret Weapon in Its War With America: Help From China",24.09.2026,22:01,MarketTwits,24.09.2026 22:01:55,,,
Не важно,"🚫🛢🇸🇦#нефть #саравия #геополитика Йеменские хуситы опять сообщили, что атаковали объекты Aramco",24.09.2026,22:03,MarketTwits,24.09.2026 22:03:09,,,
Не важно,"✴️#BTC #безубыток #крипто #обзор Средняя себестоимости добычи BTC сейчас составляет около $85 000. При цене выше этой отметки, майнеры значительно сократят продажи, и давление на рынок снизится еще больше — JPMorgan",24.09.2026,22:11,MarketTwits,24.09.2026 22:11:00,,,
Возможно,Хуситы заявили об ударах по Эр-Рияду и объектам Aramco в Янбу — Reuters Читать далее 👉 https://smartlab.news/i/205357 мы в max,24.09.2026,22:22,СМАРТЛАБ НОВОСТИ,24.09.2026 22:22:32,,,
Важно,"#Политика #санкции СОВЕТ ЕС ПРОДЛИЛ НА ТРИ ГОДА, ДО 22 СЕНТЯБРЯ 2029 ГОДА, АНТИРОССИЙСКИЕ САНКЦИИ ПРОТИВ БОЛЕЕ ЧЕМ 3 ТЫС. ЧЕЛОВЕК И ЮРИДИЧЕСКИХ ЛИЦ",24.09.2026,22:24,Сигналы РЦБ,24.09.2026 22:24:12,,,
Важно,Зеленский обсудил с Уолл-стрит инвестиции в восстановление Украины — Reuters Читать далее 👉 https://smartlab.news/i/205359 мы в max,24.09.2026,22:59,СМАРТЛАБ НОВОСТИ,24.09.2026 22:59:23,Украина,,
Не важно,💥🇺🇸#AKAM #ии Akamai - партнерство с Anthropic на $12 млрд,24.09.2026,23:07,MarketTwits,24.09.2026 23:07:42,,,
Возможно,🇮🇷🇺🇸#иран #геополитика #прогноз Эпоха гегемонии США на Ближнем Востоке подходит к концу — The Economist,24.09.2026,23:11,MarketTwits,24.09.2026 23:11:48,,,
Не важно,⚠️✴️#хак #крипто #BGB Крпитобиржа Bitget возможно взломана более чем на $180 млн — Arkham,24.09.2026,23:21,MarketTwits,24.09.2026 23:21:45,,,
Возможно,"Трамп и Си Цзиньпин посмеялись над фото авторучки на месте Байдена на так называемой ""президентской алее славы"" Читать далее 👉 https://smartlab.news/i/205360 мы в max",24.09.2026,23:45,СМАРТЛАБ НОВОСТИ,24.09.2026 23:45:21,,,
Не важно,⚠️🇺🇸#доходности #сша #облигации #дкп Рынки США опять закрылись сильным обвалом гособлигаций и ростом доходностей,24.09.2026,23:48,MarketTwits,24.09.2026 23:48:18,,,
Не важно,mt в max 🗓КАЛЕНДАРЬ НА СЕГОДНЯ — 2026.09.25 🇨🇳🇺🇸Си Цзиньпин с госвизитом в США - день 2 🌎81-я сессия Генеральной Ассамблеи ООН в Нью-Йорке - день 4 🇨🇳КНР - нет торгов - Mid-Autumn Festival 🇬🇧глава Банка Англии Бэйли - 12:15мск 🇺🇸США - Durable Goods Orders (авг) - 15:30мск 🇺🇸США - Michigan Consumer Sentiment (сент) - 17:00мск 🇺🇸США - потребительские инфляционные ожидания (сент) - 17:00мск 🇷🇺#KZOS Казаньоргсинтез - ВОСА по утверждению Устава в новой редакции 🇷🇺последний день с дивидендами: #GEMA #HEAD ✴️крупная квартальная экспирация в опционах на BTC объемом на $15 млрд: основная концентрация страйков у уровней $85 000 - $90 000 - $100 000,25.09.2026,6:54,MarketTwits,25.09.2026 6:54:45,,,
Не важно,🌎#markets,25.09.2026,6:56,MarketTwits,25.09.2026 6:56:10,,,
Не важно,🌎#fx USDCNY = 6.71 USDTRUB = 87.9,25.09.2026,6:57,MarketTwits,25.09.2026 6:57:14,,,
Возможно,"⚠️🇮🇷#иран #геополитика Иран будет бессрочно контролировать Ормузский пролив, если США не примут его условия — старший военный советник верховного лидера аятоллы Али Хаменеи генерал-майор Яхья Сафави — Defa Press Иран стремится к сделке с США в рамках международного права — президент Ирана Пезешкиан -- FOX News Иран представил США предложение по открытию Ормузского пролива и возобновлению переговоров — WAPO со ссылкой на главу МИД Ирана Арагчи",25.09.2026,7:04,MarketTwits,25.09.2026 7:04:28,,,
Возможно,"⚠️🇮🇷#иран #геополитика Израильские официальные лица считают, что возобновление ударов по Ирану — лишь вопрос времени — Al Hadath",25.09.2026,7:05,MarketTwits,25.09.2026 7:05:39,,,
Возможно,"МНЕНИЕ: Новые условия семейной ипотеки расширят выбор жилья, но повысят ежемесячную нагрузку на большинство семей — РБК Недвижимость Читать далее 👉 https://smartlab.news/i/205362 мы в max",25.09.2026,7:08,СМАРТЛАБ НОВОСТИ,25.09.2026 7:08:17,,,
Не важно,💥🇨🇳🇺🇸#китай #сша #событие НА ПЕРЕГОВОРАХ С ТРАМПОМ КНР И США ДОСТИГЛИ ВЗАИМОПОНИМАНИЯ ПО МНОГИМ ВОПРОСАМ ПЕРЕГОВОРЫ ПРИДАЛИ НОВЫЙ СМЫСЛ КОНСТРУКТИВНЫМ ОТНОШЕНИЯМ МЕЖДУ СТРАНАМИ КИТАЙСКО-АМЕРИКАНСКИЕ ОТНОШЕНИЯ НАХОДЯТСЯ НА НОВОМ ИСТОРИЧЕСКОМ ЭТАПЕ — СИ ЦЗИНЬПИН,25.09.2026,7:09,MarketTwits,25.09.2026 7:09:34,,,
Не важно,"⚠️✴️#хак #крипто #BGB Крпитобиржа Bitget подтвердила, что ее взломали. Инцидент затронул часть горячих и теплых кошельков на сумму около $352 млн. Холодные кошельки защищены. ❗️Средства пользователей полностью защищены ""Фондом защиты пользователей биржи"", размер которого на данный момент составляет $464 млн, сообщил CEO",25.09.2026,7:15,MarketTwits,25.09.2026 7:15:25,,,
Возможно,Москва и Краснодарский край лидируют по объему новостроек с риском нераспроданности — РБК Недвижимость Читать далее 👉 https://smartlab.news/i/205363 мы в max,25.09.2026,7:17,СМАРТЛАБ НОВОСТИ,25.09.2026 7:17:47,,,
Не важно,Си Цзиньпин заявил о новом этапе в отношениях Китая и США после переговоров с Трампом Читать далее 👉 https://smartlab.news/i/205364 мы в max,25.09.2026,7:18,СМАРТЛАБ НОВОСТИ,25.09.2026 7:18:21,,,
Возможно,Иран допустил возвращение к соглашению с США до промежуточных выборов в ноябре — NBC Читать далее 👉 https://smartlab.news/i/205365 мы в max,25.09.2026,7:20,СМАРТЛАБ НОВОСТИ,25.09.2026 7:20:30,,,
Не важно,🇯🇵#космос #япония #геополитика Япония намерена к 2036г запустить в космос шесть боевых спутников — Yomiuri,25.09.2026,7:21,MarketTwits,25.09.2026 7:21:20,,,
Не важно,"🛢🇸🇦#нефть #саравия Saudi Aramco работает над разработкой новых маршрутов для поставок нефти, хотя поставки через Ормузский и Баб-эль-Мандебский проливы продолжаются — CEO, Nikkei",25.09.2026,7:23,MarketTwits,25.09.2026 7:23:07,,,
Возможно,"М.Видео и партнеры создают единую онлайн-платформу для продаж через банки, ритейлеров и онлайн-сервисы — Ведомости #MVID Читать далее 👉 https://smartlab.news/i/205366 мы в max",25.09.2026,7:25,СМАРТЛАБ НОВОСТИ,25.09.2026 7:25:35,,,
Не важно,🇺🇸🇨🇳#сша #китай Трамп подарил Си Цзиньпину статую орлана. Си Цзиньпин дал в аренду двух панд. Сделка. Дружба. Жвачка. Трамп предложил тост за гармоничное и мирное будущее Китая и США,25.09.2026,7:27,MarketTwits,25.09.2026 7:27:53,,,
Не важно,"⬆️✴️#BTC #крипто #обзор Притоки в спотовые BTC ETF продолжаются, но замедляются — данные SoSoValue",25.09.2026,7:29,MarketTwits,25.09.2026 7:29:59,,,
Не важно,⬆️✴️#BTC #крипто #экспирация 25 сентября - крупная квартальная экспирация в опционах на BTC объемом на $15 млрд Большинство bullish: основная концентрация страйков у уровней $85 000 - $90 000 - $100 000 Bitcoin Bulls Eye Next Leg as $15 Billion Options Expiry Nears,25.09.2026,7:33,MarketTwits,25.09.2026 7:33:10,,,
Возможно,"🚫🛢🇷🇺#топливо #россия Атакован Новошахтинский НПЗ в Ростовской области, работа остановлена.",25.09.2026,7:36,MarketTwits,25.09.2026 7:36:53,,,
Возможно,"Минэкономразвития ожидает, что средняя номинальная зарплата в России увеличится до ₽137,4 тыс. к 2029 г., что примерно на 35% выше уровня 2025 г. — Ведомости Читать далее 👉 https://smartlab.news/i/205367 мы в max",25.09.2026,7:38,СМАРТЛАБ НОВОСТИ,25.09.2026 7:38:12,,,
Важно,"⚠️🇺🇦#украина #геополитика Анкориджские соглашения больше не обсуждаются, — Зеленский",25.09.2026,7:39,MarketTwits,25.09.2026 7:39:11,Украина,,
Не важно,"🇺🇸🇨🇳#сша #китай #трамп «У нас прошла хорошая встреча с Си Цзиньпином, и он проявил большой интерес к граниту. Ему нравится гранит. Он эксперт по камню. И он обожает качественный гранит. Большое спасибо» — Трамп",25.09.2026,7:40,MarketTwits,25.09.2026 7:40:41,,,
Важно,"🇫🇷#франция #выборы #украина #геополитика Марин Ле Пен заявила, что у Франции больше нет денег для финансирования Украины, и Франции не стоит вступать в конфликт с Россией",25.09.2026,7:42,MarketTwits,25.09.2026 7:42:51,Украина,,
Возможно,ЦБ готов снизить требования к банкам по кредитам на защиту критической инфраструктуры — Ведомости Читать далее 👉 https://smartlab.news/i/205368 мы в max,25.09.2026,7:49,СМАРТЛАБ НОВОСТИ,25.09.2026 7:49:06,,,
Не важно,"💥🇺🇸#TSLA Tesla сообщила, что массовые поставки грузовиков Semi начнутся на этой неделе. Среди первых основных клиентов компании — DHL, Pepsi и U.S. Foods.",25.09.2026,7:49,MarketTwits,25.09.2026 7:49:30,,,
Возможно,"⚠️🇸🇦🇮🇷#саравия #иран #геополитика Саудовская Аравия, Турция и Пакистан проведут срочное совещание начальников штабов по вопросу поддержки Эр-Рияда в рамках совместного оборонного пакта — МИД Саудовской Аравии",25.09.2026,7:52,MarketTwits,25.09.2026 7:52:14,,,
Важно,Новошахтинский завод нефтепродуктов приостановил работу после атаки БПЛА Читать далее 👉 https://smartlab.news/i/205369 мы в max,25.09.2026,7:57,СМАРТЛАБ НОВОСТИ,25.09.2026 7:57:45,Украина,,
Не важно,❗️✴️#ETH #крипто #обзор Совокупные запасы ETH на централизованных биржах упали до рекордно низкого уровня — Santiment на биржах осталось всего лишь 3.49% всего предложения,25.09.2026,8:07,MarketTwits,25.09.2026 8:07:11,,,
Возможно,"📉 Российский коксующийся уголь подешевел на 7,7% за неделю на фоне ограниченного спроса и призыва регуляторов в Китае к восстановлению добычи — Ъ #MTLR #RASP Читать далее 👉 https://smartlab.news/i/205371 мы в max",25.09.2026,8:09,СМАРТЛАБ НОВОСТИ,25.09.2026 8:09:42,,,
Возможно,"🇷🇺#пифы #россия #обзор За последние два года ПИФы проиграли по доходности банковским депозитам, а в ряде случаев и вложениям в недвижимость — исследование Эксперт РА",25.09.2026,8:11,MarketTwits,25.09.2026 8:11:12,,,
Возможно,МНЕНИЕ: НДС 22% на иностранные товары может повысить цены в онлайн-торговле до 20% и сократить трансграничный спрос — РБК #OZON Читать далее 👉 https://smartlab.news/i/205372 мы в max,25.09.2026,8:18,СМАРТЛАБ НОВОСТИ,25.09.2026 8:18:55,,,
Возможно,🌎#мир #today НЛО в США. Медведи в России. В Европе Макрон и Мерц.... Нас явно пытаются отвлечь от чего-то очень серьезного.. — эксперты,25.09.2026,8:21,MarketTwits,25.09.2026 8:21:47,,,
Возможно,⚠️🇨🇴🇮🇷#колумбия #иран #геополитика Колумбия разорвала дипломатические отношения с Ираном,25.09.2026,8:23,MarketTwits,25.09.2026 8:23:37,,,
Не важно,⚠️🇺🇸🇨🇳#авиа #сша #китай Авиакомпании США выступили против идеи Си увеличить количество рейсов из Китая — RTRS,25.09.2026,8:25,MarketTwits,25.09.2026 8:25:15,,,
Возможно,Число дел о банкротстве строительных компаний выросло на 41% за год на фоне падения спроса и дорогих кредитов — Известия Читать далее 👉 https://smartlab.news/i/205373 мы в max,25.09.2026,8:32,СМАРТЛАБ НОВОСТИ,25.09.2026 8:32:08,,,
Не важно,🇨🇳#роботы #ии #китай В Китае создают десятки полигонов для обучения ИИ-роботов. Бум этой отрасли активно стимулируется государством. — Xinhua,25.09.2026,8:32,MarketTwits,25.09.2026 8:32:43,,,
Важно,"⚠️🇪🇺#европа #нато #геополитика #макро Евросоюз перевооружается недостаточно быстро, чтобы успеть подготовиться к защите от России к 2030г — отчет Европейского оборонного агентства, RTRS Europe needs 'decisive change' in defence efforts to face Russia threat, EU agency says",25.09.2026,8:34,MarketTwits,25.09.2026 8:34:27,Украина,,
Возможно,"⚠️🇮🇷#иран #геополитика Иран ожидает начала ""неизбежной"" новой волны конфликта, возможно уже в октябре. Один из органов безопасности страны заявил, что в число приоритетных целей противника войдут ядерные объекты и энергетическая инфраструктура, сообщают ближневосточные эксперты ————————- Израильские официальные лица считают, что возобновление ударов по Ирану — лишь вопрос времени — Al Hadath",25.09.2026,8:40,MarketTwits,25.09.2026 8:40:06,,,
Не важно,"✴️🇺🇸#rwa #крипто #сша DTCC (Depository Trust & Clearing Corporation, которая осуществляет клиринг сделок на NASDAQ) готовит запуск сервиса токенизации реальных активов (RWA), объемом в $114 трлн, сообщил глава DTCC",25.09.2026,8:47,MarketTwits,25.09.2026 8:47:30,,,
Возможно,"⬇️🇷🇺#уголь #россия Цены на металлургический уголь из России обвалились — Ъ Ограниченный спрос и призывы регуляторов в Китае к восстановлению добычи привели к резкому снижению цен на российский металлургический уголь. С максимумов начала 2024 года котировки потеряли 7,7–15% за неделю.",25.09.2026,8:55,MarketTwits,25.09.2026 8:55:11,,,
Не важно,🔔 Доброе утро! Сегодня 25.09 ожидаем следующие события: 🇷🇺 ММЦБ: GEMA: последний день с дивидендом 2.74 руб 🇷🇺 HeadHunter (Хэдхантер): HEAD: последний день с дивидендом 200 руб 📆 Полный календарь тут: https://smart-lab.ru/calendar/stocks/ ✊Удачных инвестиций!,25.09.2026,9:00,СМАРТЛАБ НОВОСТИ,25.09.2026 9:00:04,,,
Не важно,"⚠️✴️🇰🇵#кндр #хак #крипто #BGB CEO Bitget считает, что за взломом биржи, скорее всего, стоят хакеры из КНДР",25.09.2026,9:03,MarketTwits,25.09.2026 9:03:35,,,
Возможно,"Продажи коммерческих автомобилей в России за январь-август снизились во всех сегментах, сильнее всего — на 20% у легких грузовиков — Известия #KMAZ Читать далее 👉 https://smartlab.news/i/205376 мы в max",25.09.2026,9:05,СМАРТЛАБ НОВОСТИ,25.09.2026 9:05:09,,,
Возможно,"Массовые ПИФы за два года показали результат хуже банковских вкладов, а ОПИФы даже не смогли обогнать инфляцию — Эксперт РА Читать далее 👉 https://smartlab.news/i/205377 мы в max",25.09.2026,9:09,СМАРТЛАБ НОВОСТИ,25.09.2026 9:09:19,,,
Важно,"⚠️🇷🇺#налоги #бюджет #россия Новые налоговые инициативы больше всего затронут интересы состоятельных граждан, а также тех, у кого в доходном портфеле высока доля пассивных доходов. Для бизнеса - повышение налогов на горнодобывающий сектор – это классический windfall tax, направленный на изъятие сверхприбыли, возникшей не благодаря эффективности компаний, а из-за ценовой конъюнктуры на мировых рынках. Среди компаний, которые рискуют подпасть под действие этой меры — «Норникель», «Русал», «Фосагро», «Акрон», «Полюс» и ЮГК. Целью налоговых поправок эксперты называют необходимость покрыть растущий дефицит бюджета. Каждый год масштабно повышать базовые крупные налоги по типу НДС невозможно, поэтому Минфин сменил тактику – теперь собирает средства с миру по нитке. — Ведомости",25.09.2026,9:10,MarketTwits,25.09.2026 9:10:40,ЦБ,,
Возможно,"МНЕНИЕ: В СберИнвестициях изменили топ российских акций после новостей о проекте бюджета: добавили акции Лукойла и убрали Русал, Норникель и Роснефть #LKOH #GMKN #RUAL #ROSN Читать далее 👉 https://smartlab.news/i/205378 мы в max",25.09.2026,9:21,СМАРТЛАБ НОВОСТИ,25.09.2026 9:21:11,,,
Возможно,"⚠️🇮🇷🇺🇸#доходности #сша #иран #геополитика Галибаф высмеял главу Минфина США Бессента из-за превышения доходности 10-летних облигаций 5,1%, предупредив, что попытки оказать давление на Тегеран приведут к обратным результатам и уже вернули американскую экономику к стагфляции и высоким процентным ставкам 1970-х годов",25.09.2026,9:24,MarketTwits,25.09.2026 9:24:34,,,
Не важно,"МНЕНИЕ: Нынешняя договоренность США и Китая скорее снижает риск новой эскалации в ближайшие месяцы, чем означает устойчивую нормализацию торговых отношений Читать далее 👉 https://smartlab.news/i/205388 мы в max",25.09.2026,9:30,СМАРТЛАБ НОВОСТИ,25.09.2026 9:30:24,,,
Возможно,🇷🇺#торги #россия С 26 сентября 2026 года Московская биржа начнет расчет индексов акций во все торговые сессии. релиз,25.09.2026,9:32,MarketTwits,25.09.2026 9:32:16,,,
Не важно,"✴️#HYPE #крипто Hyperliquid продолжает активно выкупать свои токены HYPE с рынка — Lookonchain за последние 12 часов команда купила HYPE на $5.5 млн, а за месяц - на $476 млн",25.09.2026,9:41,MarketTwits,25.09.2026 9:41:24,,,
Возможно,"МНЕНИЕ: Новые налоговые инициативы сильнее всего затронут состоятельных граждан и, вероятно, приведут к пересмотру структуры размещения капитала — Ведомости Читать далее 👉 https://smartlab.news/i/205399 мы в max",25.09.2026,9:43,СМАРТЛАБ НОВОСТИ,25.09.2026 9:43:31,,,
Возможно,🇷🇺#недвижимость #россия #банкротства Количество дел о банкротстве строительных компаний за три месяца выросло более чем на 30% — Известия,25.09.2026,9:43,MarketTwits,25.09.2026 9:43:38,,,
Возможно,"💥🇷🇺#NVTK МИНФИН РФ ПРЕДЛОЖИЛ ПРОДЛИТЬ НУЛЕВОЙ НДПИ ДЛЯ ""ЯМАЛ СПГ"" В ОБМЕН НА ИНВЕСТСОГЛАШЕНИЕ — ЗАКОНОПРОЕКТ, ИФ",25.09.2026,9:45,MarketTwits,25.09.2026 9:45:41,,,
Возможно,Минфин предложил сохранить нулевой НДПИ для Ямал СПГ только при выполнении дополнительных инвестиционных условий #NVTK Читать далее 👉 https://smartlab.news/i/205400 мы в max,25.09.2026,9:47,СМАРТЛАБ НОВОСТИ,25.09.2026 9:47:30,,,
Возможно,"🇷🇺#TRMK СД ТМК назначил Александра Георгиевича Ширяева генеральным директором компании — компания Сергей Чикалов, занимавший должность генерального директора ТМК с июня 2023 года, покидает свой пост и остается работать в компании, сосредоточившись на других проектах.",25.09.2026,9:47,MarketTwits,25.09.2026 9:47:34,,,
Возможно,СД ТМК назначил Александра Георгиевича Ширяева генеральным директором компании #TRMK Читать далее 👉 https://smartlab.news/i/205411 мы в max,25.09.2026,9:52,СМАРТЛАБ НОВОСТИ,25.09.2026 9:52:05,,,
Возможно,"#NVTK МИНФИН РФ ПРЕДЛОЖИЛ ПРОДЛИТЬ НУЛЕВОЙ НДПИ ДЛЯ ""ЯМАЛ СПГ"" В ОБМЕН НА ИНВЕСТСОГЛАШЕНИЕ — ЗАКОНОПРОЕКТ",25.09.2026,10:02,Сигналы РЦБ,25.09.2026 10:02:41,,,
Возможно,"#MVID Комментарий пресс-службы М.Видео по иску от SberDevices: М.Видео находится в постоянном диалоге с контрагентом и продолжает эффективно взаимодействовать по рабочим вопросам. Мы занимаемся урегулированием спора и нацелены на выработку взаимоприемлемого решения. Для нас важно сохранить конструктивные партнёрские отношения, поэтому мы ведём предметную работу по возникшим разногласиям.",25.09.2026,10:04,Сигналы РЦБ,25.09.2026 10:04:32,,,
Возможно,#TATN #Дивиденды Акционеры Татнефти утвердили дивиденды за 1п2026 в размере 32.88 руб на обычку и преф,25.09.2026,10:06,Сигналы РЦБ,25.09.2026 10:06:34,,,
Возможно,"Акционеры Татнефти одобрили дивиденды за 1п 2026г в размере 32,88 руб на обычку (ДД 5,1%) и преф (ДД 5,4%), отсечка - 13 октября #TATN Читать далее 👉 https://smartlab.news/i/205424 мы в max",25.09.2026,10:06,СМАРТЛАБ НОВОСТИ,25.09.2026 10:06:34,,,
Важно,⚠️🇪🇺#MT #украина RTRS: ArcelorMittal спишет $1 млрд из-за ракетных ударов по Украине,25.09.2026,10:08,MarketTwits,25.09.2026 10:08:17,Украина,,
Возможно,"⚠️🇷🇺#налоги #россия #пифы Налог на прибыль будут платить закрытые и интервальные ПИФы — проект Минфина, ИФ",25.09.2026,10:09,MarketTwits,25.09.2026 10:09:17,,,
Возможно,🗓 Актуальная дивидендная таблица на сентябрь-октябрь 2026 г. Читать далее 👉 https://smart-lab.ru/dividends/,25.09.2026,10:11,СМАРТЛАБ НОВОСТИ,25.09.2026 10:11:13,,,
Не важно,"⚠️🇺🇸🇨🇳#торговыевойны #сша #китай Саммит Трампа и Си Цзиньпина: много помпезности, мало содержания — BBG TRUMP-XI SUMMIT GOES BIG ON POMP BUT SMALL ON SUBSTANCE",25.09.2026,10:15,MarketTwits,25.09.2026 10:15:49,,,
Возможно,💥🇷🇺#GLRX GloraX – среди бенефициаров новых условий «Семейной ипотеки» — компания,25.09.2026,10:22,MarketTwits,25.09.2026 10:22:01,,,
Возможно,МНЕНИЕ: Аналитики АТОН сохраняют позитивный взгляд на российский банковский сектор на фоне высоких объёмов прибыли и хороших темпов роста кредитования #SVCB #T #SBER #VTBR Читать далее 👉 https://smartlab.news/i/205428 мы в max,25.09.2026,10:24,СМАРТЛАБ НОВОСТИ,25.09.2026 10:24:24,,,
Не важно,"Whoosh усиливает руководство российского бизнеса: с 19 октября российское подразделение возглавит Алексей Скоробогатов — пресс-служба #WUSH Алексей обладает более чем 20-летним опытом работы на ключевых должностях в международных технологических компаниях, включая BlaBlaCar, Avito, Microsoft и Nokia. Дмитрий Чуйко продолжит возглавлять ПАО “Вуш Холдинг”, управляющее бизнесами компании в России, странах СНГ и Латинской Америки, и сохранит свою позицию в Совете директоров. Читать далее 👉 https://smartlab.news/i/205429 мы в max",25.09.2026,10:26,СМАРТЛАБ НОВОСТИ,25.09.2026 10:26:56,,,
Не важно,🇪🇺#цб #европа Шнабель вышла из гонки за преемника Лагард в ЕЦБ,25.09.2026,10:27,MarketTwits,25.09.2026 10:27:27,,,
Не важно,"#WUSH С 19 октября в Whoosh меняется гендиректор для управления российским бизнесом Новым ГД станет Алексей Скоробогатов. Алексей обладает более чем 20-летним опытом работы на ключевых должностях в международных технологических компаниях, включая BlaBlaCar, Avito, Microsoft и Nokia. Назначение позволит усилить управление российским бизнесом и сфокусироваться на ключевых для нас задачах: 1)дальнейшем повышении операционной эффективности; 2)развитии продукта и пользовательского опыта; 3)повышении качества сервиса; 4)росте поездок и более эффективном использовании парка. Дмитрий Чуйко продолжит возглавлять ПАО “Вуш Холдинг”, управляющее бизнесами компании в России, странах СНГ и Латинской Америки, и сохранит свою позицию в Совете директоров.",25.09.2026,10:31,Сигналы РЦБ,25.09.2026 10:31:25,,,
Не важно,⬆️🇸🇪#NANEXA = +120% Nanexa - партнерство с Novo на $1.3 млрд по препаратам от ожирения,25.09.2026,10:31,MarketTwits,25.09.2026 10:31:29,,,
Возможно,🇷🇺#WUSH Whoosh усиливает руководство российского бизнеса: Алексей Скоробогатов возглавит ООО «ВУШ» — релиз,25.09.2026,10:33,MarketTwits,25.09.2026 10:33:16,,,
Возможно,"🇷🇺#мфо #россия ЦБ видит риск ухода части клиентов МФО в тень из-за обязательной идентификации по биометрии - директор департамента, ТАСС",25.09.2026,10:36,MarketTwits,25.09.2026 10:36:21,,,
Не важно,"✴️🇷🇺#банки #крипто #россия Более 80 банков в РФ уже подключились к программе ""Прозрачный блокчейн"" — Росфинмониторинг",25.09.2026,10:36,MarketTwits,25.09.2026 10:36:56,,,
Возможно,⚠️🇷🇺#налоги #россия #пифы Инициатива Минфина по налогу на прибыль для ПИФов касается только закрытых и интервальных фондов — ИФ,25.09.2026,10:38,MarketTwits,25.09.2026 10:38:37,,,
Не важно,⚠️🇯🇵#доходности #облигации #япония Доходность 30-леток Японии бьет рекорды,25.09.2026,10:41,MarketTwits,25.09.2026 10:41:10,,,
Не важно,"⚠️🇺🇸#доходности #сша #облигации Доходность 10-леток США растет уже 7 месяцев подряд, включая сентябрь, что является самой продолжительной серией за последние 50 лет — Jefferies уже многие на Wall St говорят о необходимости дальнейшего повышения ставки ФРС",25.09.2026,10:44,MarketTwits,25.09.2026 10:44:57,,,
Возможно,Финам с 1 октября предоставит для квалов доступ на биржи Сингапура и Тайланда Читать далее 👉 https://smartlab.news/i/205432 мы в max,25.09.2026,10:46,СМАРТЛАБ НОВОСТИ,25.09.2026 10:46:26,,,
Возможно,"С 26 сентября Мосбиржа начнет расчет индексов акций во все торговые сессии Во время утренней, вечерней сессии и дополнительной сессии выходного дня будут рассчитываться Индекс Мосбиржи (IMOEX) и Индекс РТС (RTSI), Индекс широкого рынка, Индекс средней и малой капитализации, отраслевые индексы с использованием действующих кодов индексов. Читать далее 👉 https://smartlab.news/i/205433 мы в max",25.09.2026,10:48,СМАРТЛАБ НОВОСТИ,25.09.2026 10:48:43,,,
Возможно,"Изменения в налогообложении ПИФов коснутся только закрытых и интервальных фондов, предназначенных для квалов — источники Интерфакса Читать далее 👉 https://smartlab.news/i/205434 мы в max",25.09.2026,10:53,СМАРТЛАБ НОВОСТИ,25.09.2026 10:53:01,,,
Возможно,⚠️🇷🇺#авто #россия Российские дилеры намерены до конца года привезти в Россию россыпь новых автомобилей по схеме параллельного импорта. Они хотят запастись машинами до очередного повышение утильсбора c 1 января — Autonews,25.09.2026,10:53,MarketTwits,25.09.2026 10:53:37,,,
Возможно,"📈Акции Полюса сегодня преодолели отметку в 1000 руб, прибавив с закрытия среды более 6% #PLZL Читать далее 👉 https://smartlab.news/i/205435 мы в max",25.09.2026,10:59,СМАРТЛАБ НОВОСТИ,25.09.2026 10:59:23,,,
Важно,"⬆️🇷🇺#FESH #отчетность КОНТЕЙНЕРНЫЙ РЫНОК РОССИИ В ЯНВАРЕ-АВГУСТЕ ВЫРОС НА 6%, ДО 4,72 МЛН TEU — FESCO",25.09.2026,11:00,MarketTwits,25.09.2026 11:00:44,ДВМП (FESCO),,
Не важно,✴️🇧🇷#крипто #бразилия #регулирование #контроль С 1 октября в Бразилии будет введена обязательная отчетность о криптовалютных переводах на кастодиальные (Self-Custody) кошельки на сумму от $10 000,25.09.2026,11:02,MarketTwits,25.09.2026 11:02:53,,,
Возможно,"🍂 Осень может принести... ...кешбэк до 100 000 ₽! В СберИнвестициях стартовала акция: покупайте паи фондов из специальной подборки и получайте 1% от суммы покупки, до 100 000 ₽ Что ещё можно получить? До 15,3% ожидаемой доходности — показатель зависит от выбранного фонда и сценария доходности До 10 акций Сбера — новые инвесторы могут получить их за открытие первого брокерского счёта Покупку паёв без комиссии — брокерскую плату отменили Как принять участие? Выберите один из четырёх фондов подборки и откройте брокерский счёт, если его ещё нет Пополните счёт и купите паи фондов из подборки Не продавайте их до конца мая — тогда в июне 2027 года банк начислит кешбэк рублями на ваш брокерский счёт Важно: акция доступна клиентам с подключённым премиальным обслуживанием.",25.09.2026,11:04,MarketTwits,25.09.2026 11:04:22,,,
Возможно,"МНЕНИЕ: БКС оценивают пересмотр индексации оптовых цен на газ для Газпрома на внутреннем рынке как сдержанно положительный, но недостаточный для смены инвестиционного взгляда #GAZP #NVTK #ROSN Читать далее 👉 https://smartlab.news/i/205437 мы в max",25.09.2026,11:06,СМАРТЛАБ НОВОСТИ,25.09.2026 11:06:16,,,
Важно,#Политика США ПРЕДЛОЖИЛИ ПОДГОТОВИТЬ СЛЕДУЮЩУЮ ТРЕХСТОРОННЮЮ ВСТРЕЧУ НА ТЕХНИЧЕСКОМ УРОВНЕ — ЗЕЛЕНСКИЙ,25.09.2026,11:14,Сигналы РЦБ,25.09.2026 11:14:22,Украина,,
Возможно,НКНХ в 1п 2026г снизил продажи синтетических каучуков на 21% г/г до 233 тыс т в связи с инцидентом и выбытием производства СКД-Н #NKNC Читать далее 👉 https://smartlab.news/i/205438 мы в max,25.09.2026,11:14,СМАРТЛАБ НОВОСТИ,25.09.2026 11:14:48,,,
Возможно,"Контейнерный рынок России за январь-август 2026 г. вырос на 6% г/г до 4,72 млн TEU, в августе сокращение на 0,9% г/г — Fesco #FESH Читать далее 👉 https://smartlab.news/i/205439 мы в max",25.09.2026,11:19,СМАРТЛАБ НОВОСТИ,25.09.2026 11:19:41,,,
Возможно,"Минпромторг определил ставки техсбора на смартфоны, телефоны и ноутбуки, которые начнут действовать с 1 декабря 2026 года #MVID Читать далее 👉 https://smartlab.news/i/205441 мы в max",25.09.2026,11:24,СМАРТЛАБ НОВОСТИ,25.09.2026 11:24:58,,,
Возможно,"Газпромбанк поддержал II инвестиционный форум ""Энергия рынка"" в Санкт-Петербурге, где обсуждались состояние и перспективы долгового рынка, а также новые возможности развития рынка капитала Читать далее 👉 https://smartlab.news/i/205446 мы в max",25.09.2026,11:43,СМАРТЛАБ НОВОСТИ,25.09.2026 11:43:12,,,
Возможно,"Распределение мест в Госдуме: Единая Россия - 349 мандатов, КПРФ - 37, ЛДПР - 23, «Новые люди» - 19, СР - 17, «Родина» - 1 и четыре самовыдвиженца Читать далее 👉 https://smartlab.news/i/205447 мы в max",25.09.2026,11:45,СМАРТЛАБ НОВОСТИ,25.09.2026 11:45:04,,,
Возможно,"Добыча нефти Татнефтью за 1п 2026г выросла на 6,6% г/г до 14,319 млн т, производство нефтепродуктов снизилось на 9,6% г/г до 7,979 тыс т #TATN Читать далее 👉 https://smartlab.news/i/205448 мы в max",25.09.2026,11:50,СМАРТЛАБ НОВОСТИ,25.09.2026 11:50:39,,,
Важно,"🇷🇺#TATN #отчетность FCF ТАТНЕФТИ ЗА I ПОЛУГОДИЕ - 145,5 МЛРД РУБ. ПРОТИВ 36,9 МЛРД РУБ. ГОДОМ РАНЕЕ — ОТЧЕТ",25.09.2026,11:50,MarketTwits,25.09.2026 11:50:54,Татнефть,,
Важно,🇷🇺#GMKN #отчетность 26 октября - Норникель - производственные результаты 9м 2026г,25.09.2026,11:51,MarketTwits,25.09.2026 11:51:58,Норникель,,
Важно,"🇷🇺🇨🇳#россия #китай #атэс ДОГОВОРЕННОСТИ О ТРЕХСТОРОННЕЙ ВСТРЕЧЕ ПУТИНА, ТРАМПА И СИ ЦЗИНЬПИНА НА САММИТЕ АТЭС ЕЩЕ НЕТ - МИД РФ",25.09.2026,11:54,MarketTwits,25.09.2026 11:54:54,,,
Не важно,💥✴️#ONDO = +40% за 2 дня после партнерства с BlackRock по токенизации,25.09.2026,11:55,MarketTwits,25.09.2026 11:55:33,,,
Не важно,"🛢🇹🇷#газ #турция Турция рассчитывает удвоить добычу природного газа в Черном море после ввода в эксплуатацию первой в стране плавучей производственной платформы Osman Gazi, которая будет работать на месторождении Сакарья — Минэнерго",25.09.2026,11:56,MarketTwits,25.09.2026 11:56:52,,,
Важно,"Зеленский заявил, что США в ближайшие 10 дней проведут серию контактов с российской стороной по вопросам мирного урегулирования Читать далее 👉 https://smartlab.news/i/205449 мы в max",25.09.2026,11:57,СМАРТЛАБ НОВОСТИ,25.09.2026 11:57:16,Украина,,
Возможно,"Свободный денежный поток Татнефти за 1п 2026г вырос в 4 раза г/г до 145,5 млрд руб — отчет эмитента Основные факторы увеличения — это рост на 103,2 млрд руб. чистых денежных средств, полученных от операционной деятельности, при сокращении капитальных расходов на 5,3 млрд рублей. #TATN Читать далее 👉 https://smartlab.news/i/205450 мы в max",25.09.2026,12:01,СМАРТЛАБ НОВОСТИ,25.09.2026 12:01:12,,,
Важно,"❌🇪🇺🇺🇦#MT #металлы #украина ArcelorMittal заявил, что приостанавливает работу своего завода на Украине. Компания сообщила, что обсуждает будущее предприятия с правительством Украины и сохранит инфраструктуру, чтобы иметь возможность возобновить производство, когда позволят условия. ————————————— ранее FT писала, что Украина лишилась сталелитейной промышленности из-за российских ударов",25.09.2026,12:05,MarketTwits,25.09.2026 12:05:01,Украина,,
Возможно,#политика Распределение мандатов депутатов Госдумы после выборов,25.09.2026,12:06,Сигналы РЦБ,25.09.2026 12:06:54,,,
Важно,"❗️🇷🇺🇱🇹#геополитика #россия #литва #нато Литва пока может расслабиться.., но это не точно ...",25.09.2026,12:08,MarketTwits,25.09.2026 12:08:13,Украина,,
Возможно,Мосбиржа присоединилась к Национальному ESG Альянсу — Площадка #MOEX Читать далее 👉 https://smartlab.news/i/205451 мы в max,25.09.2026,12:13,СМАРТЛАБ НОВОСТИ,25.09.2026 12:13:49,,,
Важно,"Украина на одной из недель в сентябре не выплавила ни одной тонны стали - это произошло впервые за 100 лет — гендиректор ГК""Метинвест"" Александр Водовиз Читать далее 👉 https://smartlab.news/i/205452 мы в max",25.09.2026,12:15,СМАРТЛАБ НОВОСТИ,25.09.2026 12:15:59,Украина,,
Важно,"⚠️🇷🇺🇪🇺#нато #россия #геополитика Разведка Дании предупреждает, что Россия может напасть на одну из стран НАТО в ближайшие месяцы. Риск маленький, но он растет. — CNBC",25.09.2026,12:16,MarketTwits,25.09.2026 12:16:10,Украина,,
Не важно,"⬆️⬆️🛢🇫🇷#топливо #франция Франция направит военнослужащих, радары и системы ПВО в Саудовскую Аравию для защиты нефтепровода и НПЗ в порту Янбу на Красном море — Макрон",25.09.2026,12:17,MarketTwits,25.09.2026 12:17:56,,,
Не важно,"МНЕНИЕ: Goldman Sachs ожидает укрепления иены до 150 за доллар через 12 месяцев, что меняет июльский негативный взгляд на валюту Читать далее 👉 https://smartlab.news/i/205453 мы в max",25.09.2026,12:22,СМАРТЛАБ НОВОСТИ,25.09.2026 12:22:01,,,
Возможно,🇷🇺🇻🇳#авиа #россия #вьетнам Россия и Вьетнам договорились о расширении авиаперевозок. Компании каждой из двух стран смогут отправлять 105 рейсов в неделю. — Минтранс,25.09.2026,12:25,MarketTwits,25.09.2026 12:25:36,,,
Важно,"⚠️🇺🇸🇺🇦#украина #геополитика #сша Украина получит лицензию на производство ракет для систем Patriot. Трамп подтвердил свое решение во время последней встречи, — Зеленский",25.09.2026,12:26,MarketTwits,25.09.2026 12:26:29,Украина,,
Не важно,⬆️🇪🇺#AIR = -2% Airbus подтвердил обнаружение производственного дефекта в фюзеляже сотен своих самых популярных самолётов A321neo,25.09.2026,12:28,MarketTwits,25.09.2026 12:28:18,,,
Возможно,Поставки российского газа в Армению по газопроводу «Северный Кавказ – Закавказье» возобновлены с 25 сентября после планово-профилактического ремонта газопровода на территории РФ — Газпром Армения #GAZP Читать далее 👉 https://smartlab.news/i/205454 мы в max,25.09.2026,12:31,СМАРТЛАБ НОВОСТИ,25.09.2026 12:31:33,,,
Не важно,Франция направит военных для защиты Саудовской Аравии — Макрон Читать далее 👉 https://smartlab.news/i/205458 мы в max,25.09.2026,12:36,СМАРТЛАБ НОВОСТИ,25.09.2026 12:36:17,,,
Не важно,🛢🇷🇺🇦🇲#газ #россия #армения Поставки российского газа в Армению возобновились после ремонтных работ,25.09.2026,12:36,MarketTwits,25.09.2026 12:36:48,,,
Не важно,⚠️🇪🇺🇨🇳#авто #европа #китай #пошлины #торговыевойны ЕС требует от Британии повысить пошлины на китайские автомобили — FT EU urges UK to raise tariffs on Chinese cars to avoid ‘made in Europe’ barriers,25.09.2026,12:39,MarketTwits,25.09.2026 12:39:13,,,
Не важно,⬆️✴️#XRP #крипто #обзор Киты продолжают агрессивно накапливать XRP — данные Santiment на рынке ждут сильного ралли — мониторинг,25.09.2026,12:43,MarketTwits,25.09.2026 12:43:05,,,
Важно,В Германии предложения использовать уцелевшую нитку «Северного потока — 2» для возобновления поставок российского газа приравниваются чуть ли не к госизмене — Посол РФ в ФРГ Сергей Нечаев #GAZP Читать далее 👉 https://smartlab.news/i/205460 мы в max,25.09.2026,12:43,СМАРТЛАБ НОВОСТИ,25.09.2026 12:43:23,Газпром,,
Возможно,#IMOEX #Прогноз Позитивный геополитический фон может вернуть рынок к верхней границе диапазона 2250–2350 п. по индексу МосБиржи. Нейтральный сценарий предполагает консолидацию вблизи 2300 п. – Цифра Брокер,25.09.2026,12:44,Сигналы РЦБ,25.09.2026 12:44:18,,,
Важно,❗️🇷🇺#FEES #spo Россети подвели итоги допэмиссии по 0.5 руб/акц по закрытой подписке 3 заявки выкуплено 2 631 акц из 902 955 975 944,25.09.2026,12:46,MarketTwits,25.09.2026 12:46:20,Россети (ФСК),,
Не важно,⚠️🇺🇸#ипотека #сша #недвижимость Фиксированная ставка по 30-летней ипотеке в США выросла до максимума с апр 2024г RTRS: высокие ставки по ипотеке препятствуют восстановлению рынка жилья в США,25.09.2026,12:51,MarketTwits,25.09.2026 12:51:39,,,
Возможно,Банк России готов при необходимости предоставить дополнительные ресурсы в капитал РНПК после уже проведённой докапитализации на ₽165 млрд — Первый зампред ЦБ Владимир Чистюхин Читать далее 👉 https://smartlab.news/i/205463 мы в max,25.09.2026,12:54,СМАРТЛАБ НОВОСТИ,25.09.2026 12:54:02,,,
Важно,🚫🛢🇪🇺#топливо #европа #нато Европе не хватит топлива в случае военного конфликта — генсек НАТО Рютте,25.09.2026,12:56,MarketTwits,25.09.2026 12:56:11,Украина,,
Возможно,"Друзья, мы уже почти финализировали наш опрос среди инвесторов и трейдеров — осталось собрать совсем немного ответов 🙌 Если вы активно торгуете и ещё не успели пройти опрос, будем очень благодарны за ваш опыт. Нам важно понять, какими брокерами вы пользуетесь, на что обращаете внимание при выборе платформы и какие комиссии отслеживаете. 👉 Ссылка на опрос Опрос займет примерно 7–10 минут. Все ответы анонимны и будут использованы только в обобщённом виде. Мы уже совсем близко к финалу, поэтому каждый новый ответ сейчас особенно важен ❤️",25.09.2026,12:56,СМАРТЛАБ НОВОСТИ,25.09.2026 12:56:31,,,
Возможно,"В ЦБ считают, что нужно освободить от новых налогов ""открытые и рыночные"" паевые инвестфонды — РБК Читать далее 👉 https://smartlab.news/i/205464 мы в max",25.09.2026,13:07,СМАРТЛАБ НОВОСТИ,25.09.2026 13:07:33,,,
Не важно,💥🇺🇸#AKAM Akamai после партнерства с Anthropic,25.09.2026,13:09,MarketTwits,25.09.2026 13:09:39,,,
Важно,"Внедрение открытой модели взаимодействия банков и маркетплейсов остаётся на повестке, но временно не форсируется из-за атак БПЛА — Первый зампред ЦБ Владимир Чистюхин #OZON Фокус сместился на обеспечение непрерывности работы крупнейших платформ Читать далее 👉 https://smartlab.news/i/205465 мы в max",25.09.2026,13:11,СМАРТЛАБ НОВОСТИ,25.09.2026 13:11:30,Ozon,,
Не важно,"🔎#preIPO #ipo #сша Pre-IPO частных tech-компаний: да или нет? SpaceX стала публичной, оценка Anthropic за 1,5 года выросла в 20 раз, вся ИИ-отрасль развивается и стремительно масштабируется. (изменение оценки компаний указано с начала года YTD, аналитический обзор актуальных Pre-IPO доступен по ссылке)Участвовали ли вы в подобных pre-IPO? Если да, то в каких?Anonymous PollSpaceX (+121% к цене IPO)Groq (+190% к цене выкупа)Anthropic (+720%)OpenAI (+300%)Lambda Labs (+137%)Kraken (-30%)Crusoe (+209%)ClickHouse (+433%)Polymarket (+161%)Databricks (+90%)Prometheus (new venture)Хочу узнать ответыSelect an option",25.09.2026,13:13,MarketTwits,25.09.2026 13:13:10,,,
Возможно,"Дмитриев: Приближается зима. ""Худшая зима с 2022 года"", которая вновь обнажит последствия энергетического самоубийства, совершенного евробюрократами, - отказа от российских энергоносителей #GAZP Читать далее 👉 https://smartlab.news/i/205466 мы в max",25.09.2026,13:14,СМАРТЛАБ НОВОСТИ,25.09.2026 13:14:59,,,
Возможно,Механизм быстрого востребования средств по «народным» облигациям нерационален и его нужно изменить — Первый зампред ЦБ Владимир Чистюхин Поводом стал кейс с неисполнением заявок на выкуп бумаг одним из эмитентов Читать далее 👉 https://smartlab.news/i/205467 мы в max,25.09.2026,13:22,СМАРТЛАБ НОВОСТИ,25.09.2026 13:22:10,,,
Возможно,"МНЕНИЕ: Аналитики Т-Инвестиций понизили целевые цены Норникеля, РУСАЛа и ФосАгро из-за возможного налога на сверхприбыль 🔸 Норникель: 135 ₽ → 121 ₽ 🔸 ФосАгро: 6500 ₽ → 5900 ₽ 🔸 РУСАЛ: 32 ₽ → 26 ₽ #GMKN #RUAL #PHOR Читать далее 👉 https://smartlab.news/i/205468 мы в max",25.09.2026,13:23,СМАРТЛАБ НОВОСТИ,25.09.2026 13:23:33,,,
Возможно,В рамках допэмиссии по премправу было выкуплено 2631 акции Россетей #FEES Читать далее 👉 https://smartlab.news/i/205469 мы в max,25.09.2026,13:26,СМАРТЛАБ НОВОСТИ,25.09.2026 13:26:28,,,
Возможно,Выдачи ипотеки на покупку квартир в новостройках Москвы в августе 2026 г. снизились на 20% м/м до 2189 договоров — столичный Росреестр #SBER #SMLT Читать далее 👉 https://smartlab.news/i/205470 мы в max,25.09.2026,13:35,СМАРТЛАБ НОВОСТИ,25.09.2026 13:35:35,,,
Не важно,"Мастера на Автовазе зарабатывают 120-130 тыс руб в месяц, а высококвалифицированные сотрудники - до 400 тыс руб — Аutonews.ru #AVAZ Читать далее 👉 https://smartlab.news/i/205471 мы в max",25.09.2026,13:39,СМАРТЛАБ НОВОСТИ,25.09.2026 13:39:28,,,
Не важно,"Минфин, ЦБ и Росфинмониторинг готовят требования к поставщикам услуг цифрового анализа криптовалют — Директор департамента финансовой политики Минфина Алексей Яковлев Главная задача - видеть операции не только внутри российского контура, но и извне, не раскрывая данные против интересов РФ и держателей криптовалют Читать далее 👉 https://smartlab.news/i/205472 мы в max",25.09.2026,13:43,СМАРТЛАБ НОВОСТИ,25.09.2026 13:43:13,,,
Важно,✴️🇷🇺#крипто #регулирование #россия ЦБ РФ с 5 октября запускает лицензирование криптообменников и криптодепозитариев,25.09.2026,14:01,MarketTwits,25.09.2026 14:01:49,ЦБ,,
Не важно,"🚫🛢🇪🇺#топливо #европа Еврокомиссар по энергетике Дан Йоргенсен заявил, что Евросоюзу грозит самая суровая зима с 2022 года из-за аномально высоких цен на дизель",25.09.2026,14:01,MarketTwits,25.09.2026 14:01:49,,,
Не важно,"✴️🇷🇺#крипто #регулирование #россия Минфин России совместно с Банком России, Росфинмониторингом и участниками рынка занимается подготовкой требований к поставщикам цифрового анализа криптовалютных операций. Ключевые условия этих требований - принадлежность к российской юрисдикции для компаний, которые эти услуги будут предоставлять, обязательная сертификация программного обеспечения и получение необходимых лицензий со стороны спецслужб — директор департамента финансовой политики министерства Алексей Яковлев, РИА",25.09.2026,14:04,MarketTwits,25.09.2026 14:04:19,,,
Возможно,"Инкаб недооценена, цель менеджмента - достичь к середине 2027 года плюс 15-20% к первоначальной капитализации — гендиректор Александр Смильгевич #INCB Он отметил, что по результатам девяти месяцев 2026 года показатели компании могут быть выше запланированных, также положительная динамика запланирована на 2027 год. Читать далее 👉 https://smartlab.news/i/205475 мы в max",25.09.2026,14:05,СМАРТЛАБ НОВОСТИ,25.09.2026 14:05:32,,,
Возможно,"США и Иран при посредничестве Катара обсуждают поэтапную сделку: Тегеран вновь открывает Ормузский пролив, а Вашингтон снимает экономическую блокаду иранских портов — Bloomberg Переговоры активизировались на полях Генассамблеи ООН, однако сохраняются серьёзные разногласия по последовательности уступок Читать далее 👉 https://smartlab.news/i/205476 мы в max",25.09.2026,14:06,СМАРТЛАБ НОВОСТИ,25.09.2026 14:06:26,,,
Возможно,"⚠️🇺🇸🇨🇳#торговыевойны #сша #китай #событие Си Цзиньпин завершил госвизит в США. Его вторая личная встреча с Трампом за год прошла невероятно помпезно и была полна красивых фраз (чего только стоит призыв Си «вместе взращивать прекрасные цветы китайско-американской дружбы»). Однако в том, что касается конкретных итогов по таким сложным вопросам, как торговля, ситуация вокруг Тайваня и конфликт с Ираном, предъявить общественности двух стран главам КНР и США, похоже, оказалось пока нечего. — Ъ",25.09.2026,14:10,MarketTwits,25.09.2026 14:10:59,,,
Возможно,"📈Акции ВТБ ракетят на 1,2% на падающем рынке #VTBR Может якорные инвесторы устали ждать допку и начали пылесосить акции банка по рынку?! Читать далее 👉 https://smartlab.news/i/205478 мы в max",25.09.2026,14:11,СМАРТЛАБ НОВОСТИ,25.09.2026 14:11:04,,,
Возможно,"В Турции арестован бывший заместитель главы центрального банка в рамках расширяющегося расследования предполагаемой схемы Понци, связанной с холдингом Tera Holding — Bloomberg Килимджи занимал должность генерального директора Tera Finansal Yatirimlar Holding, подразделения Tera Holding, которое находится в центре расследования. На прошлой неделе он объявил об отставке, заявив, что пробыл в должности всего три месяца, и назвал «прискорбным» факт своего включения в расследовани Читать далее 👉 https://smartlab.news/i/205479 мы в max",25.09.2026,14:17,СМАРТЛАБ НОВОСТИ,25.09.2026 14:17:01,,,
Возможно,"МНЕНИЕ: ЦБ на заседании 23 октября 2026 г., вероятнее всего, оставит ключевую ставку на уровне 14%, сохранив паузу в смягчении денежно-кредитной политики — банк Русский Стандарт Читать далее 👉 https://smartlab.news/i/205480 мы в max",25.09.2026,14:17,СМАРТЛАБ НОВОСТИ,25.09.2026 14:17:47,,,
Возможно,В России освоено производство абсолютно всего ключевого оборудования для крупнотоннажных СПГ-заводов — глава Газпрома Алексей Миллер #GAZP Читать далее 👉 https://smartlab.news/i/205481 мы в max,25.09.2026,14:23,СМАРТЛАБ НОВОСТИ,25.09.2026 14:23:29,,,
Не важно,"⬆️🌎#акции #мир #обзор Приток в мировые акции за неделю стал максимальным с июля 2026г (+$44.1 млрд), после 2 недель оттоков — LSEG GLOBAL EQUITY FUNDS SNAP TWO-WEEK OUTFLOW AS AI OPTIMISM RETURNS",25.09.2026,14:25,MarketTwits,25.09.2026 14:25:49,,,
Не важно,❗️🇩🇪#германия #геополитика Сегодня школьники по всей Германии выйдут на протесты против обязательной военной службы — Deutschlandfunk,25.09.2026,14:33,MarketTwits,25.09.2026 14:33:08,,,
Не важно,Криптовалютная биржа Bitget приостановила вывод средств после кражи $350 млн — Reuters Читать далее 👉 https://smartlab.news/i/205483 мы в max,25.09.2026,14:34,СМАРТЛАБ НОВОСТИ,25.09.2026 14:34:53,,,
Не важно,"❗️✴️#SOL #крипто #обзор Впервые в истории на Solana за неделю было совершено больше сделок, чем за этот же период времени на бирже NYSE — данные DropsTab",25.09.2026,14:39,MarketTwits,25.09.2026 14:39:21,,,
Важно,"Южный Кузбасс (отчёт компании): 📈Добыча угля в 1п2026 выросла на 26,2% г/г, до 2 445 тыс. т 📉Объём реализации угольной промышленности снизился на 13% г/г, до 1 786 тыс. т #UKUZ Читать далее 👉 https://smartlab.news/i/205484 мы в max",25.09.2026,14:42,СМАРТЛАБ НОВОСТИ,25.09.2026 14:42:53,ЮжКузб.,,
Не важно,"Пять лет, как Автоваз работает без убытков, показывает прибыль, хотя эти пять лет были очень сложными — глава Минпромторга Алиханов #AVAZ Читать далее 👉 https://smartlab.news/i/205485 мы в max",25.09.2026,14:43,СМАРТЛАБ НОВОСТИ,25.09.2026 14:43:27,,,
Возможно,"#Авто ""Автоваз"" последние пять лет работает без убытков и показывает прибыль, заявил глава Минпромторга РФ Антон Алиханов.",25.09.2026,14:44,Сигналы РЦБ,25.09.2026 14:44:41,,,
Не важно,"🇫🇷#ии #макрон Макрон выступил за создание международной организации по регулированию ИИ, но его никто не слушает потому, что никто не будет слушать президента, которого на публике бьет собственный муж... и который все равно скоро уходит — эксперты",25.09.2026,14:47,MarketTwits,25.09.2026 14:47:02,,,
Возможно,"Летний дизель на Петербургской бирже за неделю подешевел на 3,3%, бензин немного снизился, а топочный мазут вырос на 18,4% — ТАСС Читать далее 👉 https://smartlab.news/i/205486 мы в max",25.09.2026,14:56,СМАРТЛАБ НОВОСТИ,25.09.2026 14:56:16,,,
Не важно,⬇️🇷🇺#IMOEX = -1.5%,25.09.2026,15:03,MarketTwits,25.09.2026 15:03:00,,,
Возможно,"❗️🇷🇺#авто #россия ""Автоваз"" последние 5 лет работает без убытков и показывает прибыль — глава Минпромторга РФ Антон Алиханов",25.09.2026,15:05,MarketTwits,25.09.2026 15:05:41,,,
Возможно,"📉Индекс Мосбиржи к 15:00 мск снижается на 1,5% до 2278 п. Инвесторы фиксируют многомиллиардную прибыль перед длинными выходными Ну а что — 2 дня — вполне себе длинные выходные! Читать далее 👉 https://smartlab.news/i/205487 мы в max",25.09.2026,15:05,СМАРТЛАБ НОВОСТИ,25.09.2026 15:05:48,,,
Не важно,🇺🇸🇨🇳#сша #китай Посол США в Китае: Трамп и Си Цзиньпин начинают выстраивать более доверительные отношения,25.09.2026,15:12,MarketTwits,25.09.2026 15:12:42,,,
Возможно,"#Нефтянка Как рынок компенсирует потери поставок через Ормузский пролив В августе через пролив проходило 7,6 млн баррелей в сутки — на 13,1 млн меньше, чем до начала конфликта. На графике МЭА фиолетовая линия показывает накопленные потери экспорта через Ормуз: к концу августа они приблизились к 2,8 млрд баррелей. Цветные столбцы показывают, что смягчило удар по рынку: обходные маршруты, рост добычи вне Персидского залива, снижение спроса и использование запасов. Один из главных способов сохранить поставки — перенаправить нефть к портам в обход пролива. Экспорт через саудовский Янбу и порт Фуджейра в ОАЭ вырос с 4,1 млн баррелей в сутки в феврале до 7,8 млн в июне. Но к августу он снизился до 5,5 млн: перевозкам через Красное море помешали атаки хуситов. В начале сентября после атак остановился и трубопровод, по которому нефть поступает в Янбу. Обходные маршруты с начала конфликта компенсировали более 500 млн баррелей потерь экспорта через Ормуз. Теперь их возможности ограничены, а поставки через сам пролив, хотя и начали восстанавливаться, остаются ниже довоенного уровня. Если перебои затянутся, давление на нефтяные цены может усилиться.",25.09.2026,15:15,Сигналы РЦБ,25.09.2026 15:15:14,,,
Важно,"⚠️🇺🇸🇨🇳🇮🇷#сша #китай #иран #геополитика Посол США в Китае: Трамп ясно дал понять, что любая помощь, которую Китай оказывает Ирану, абсолютно неприемлема — CNBC ——————————————— Китай снабжает Иран электронными компонентами, которые используются при производстве дронов и систем наведения ракет — WSJ Китай все активнее снабжает йеменских хуситов, угрожающих мировой нефтяной промышленности, — WSJ Китай передает Ирану ракетные установки — The Telegraph Китай передает Ирану переносные зенитные ракетные комплексы — RTRS Китай передает Ирану передовые радары — CBS Иран пользуется китайскими спутниками-шпионами для наведения ударов по базам США — FT",25.09.2026,15:16,MarketTwits,25.09.2026 15:16:41,Украина,,
Возможно,"Потребление электроэнергии в РФ с начала года снизилось на 0,2% — глава Системного оператора Федор Опадчий #HYDR #IRAO #FEES Читать далее 👉 https://smartlab.news/i/205488 мы в max",25.09.2026,15:18,СМАРТЛАБ НОВОСТИ,25.09.2026 15:18:09,,,
Возможно,"МНЕНИЕ: Велес Капитал повысил рекомендацию по акциям Акрона с продавать до держать, так как котировки подошли к справедливым уровням #AKRN Читать далее 👉 https://smartlab.news/i/205489 мы в max",25.09.2026,15:18,СМАРТЛАБ НОВОСТИ,25.09.2026 15:18:09,,,
Не важно,"⚠️🇹🇼#тайвань #геополитика Посол США в Китае: политика США в отношении Тайваня не изменилась. США не поддерживают независимость Тайваня — CNBC Си Цзиньпин в ходе визита в США выразил надежду, что Вашингтон будет выступать против независимости Тайваня — Xinhua —————————- Трамп может отложить объявление о крупной сделке по продаже оружия Тайваню по крайней мере до завершения ноябрьского саммита АТЭС в Шэньчжэне — SCMP США не прекращают военную помощь Тайваню, а просто пересматривают ее. США не консультируются с Китаем по вопросу поставок оружия Тайваню. США по-прежнему рассматривают возможность передачи Тайваню оружия на $14 млрд — Рубио",25.09.2026,15:24,MarketTwits,25.09.2026 15:24:40,,,
Возможно,❗️🇷🇺#BSPB #дивиденд акционеры БАНК “САНКТ-ПЕТЕРБУРГ одобрили дивиденды 1п 2026г ОБЫЧКА = 19.17 РУБ ПРЕФ = 0.22 РУБ отсечка - 5 октября,25.09.2026,15:25,MarketTwits,25.09.2026 15:25:17,,,
Возможно,❗️🇷🇺#BSPB акционеры БАНК “САНКТ-ПЕТЕРБУРГ одобрили погашение ранее приобретенных обществом акций Количество обыкновенных акций до уменьшения уставного капитала – 445 368 521 Количество обыкновенных акций после уменьшения уставного капитала – 439 117 711,25.09.2026,15:25,MarketTwits,25.09.2026 15:25:50,,,
Не важно,❗️🇺🇸#сша #экономика #отчетность США - Durable Goods Orders (авг) = 0% м/м (ожид -0.3% / ранее +1.1%),25.09.2026,15:30,MarketTwits,25.09.2026 15:30:07,,,
Возможно,"Роснефть стала единственным участником аукционов на два нефтяных участка в ХМАО-Югре - «Приразломный-3» и «Северо-Салымский-3», расположенных рядом с её действующими месторождениями #ROSN Компания получит лицензии на 25 лет Читать далее 👉 https://smartlab.news/i/205493 мы в max",25.09.2026,15:31,СМАРТЛАБ НОВОСТИ,25.09.2026 15:31:08,,,
Возможно,"📈Акции Магнита продолжают раллировать в ожидании чуда: за сегодня рост к 15:30 мск на 1,8%, с 22 сентября рост на 6,6% #MGNT Читать далее 👉 https://smartlab.news/i/205494 мы в max",25.09.2026,15:34,СМАРТЛАБ НОВОСТИ,25.09.2026 15:34:03,,,
Возможно,"#AKRN Велес Капитал повысил рекомендацию по акциям Акрона с продавать до держать, так как котировки подошли к справедливым уровням",25.09.2026,15:34,Сигналы РЦБ,25.09.2026 15:34:29,,,
Возможно,"💥🇷🇺#VKCO MAX начал тестировать размещение рекламы через «VK рекламу». В каналах мессенджера начали появляться рекламные объявления в лентах. В основе лежит Discovery-платформа – единое решение VK для рекомендательных систем, поиска и рекламы. Она обеспечивает более точное таргетирование рекламных сообщений и показ релевантных для пользователя предложений. «Расширение рекламного инвентаря – логичный шаг в развитии платформы. Он позволит предпринимателям находить свою аудиторию, растить узнаваемость своих каналов, продвигать товары и услуги» — аналитики",25.09.2026,15:39,MarketTwits,25.09.2026 15:39:28,,,
Возможно,"🇮🇷#иран #геополитика Иран предлагает 7-дневную «дорожную карту» для прекращения войны, аналогичную июньскому меморандуму о взаимопонимании, опять пишут западные СМИ... но им уже никто не верит? IRAN PROPOSES 7-DAY ROADMAP TO END WAR WHICH MIMICS JUNE MOU",25.09.2026,15:42,MarketTwits,25.09.2026 15:42:44,,,
Возможно,"#GAZP «Газпром» возобновил поставки в Армению В Газпроме напомнили, что транспортировка газа временно приостанавливалась из-за комплекса планово-профилактических и ремонтных работ на газопроводе на территории России",25.09.2026,15:44,Сигналы РЦБ,25.09.2026 15:44:08,,,
Не важно,⬆️✴️#LINK = +15% за последние 24 часа открытый интерес во фьючерсах на Chainlink вырос сразу на 25%! — мониторинг,25.09.2026,15:45,MarketTwits,25.09.2026 15:45:16,,,
Важно,"🇷🇺#GAZP #отчетность ГАЗПРОМ В 1П 2026Г НАРАСТИЛ ДОБЫЧУ ГАЗА НА 3,4%, ДО 216,55 МЛРД КУБ. М - ОТЧЕТ ГАЗПРОМ В I ПОЛУГОДИИ СНИЗИЛ ДОБЫЧУ НЕФТИ И ГАЗОВОГО КОНДЕНСАТА НА 2,66%, ДО 37,3 МЛН ТОНН",25.09.2026,15:45,MarketTwits,25.09.2026 15:45:34,Газпром,,
Возможно,"#GAZP ГАЗПРОМ В 1П2026Г НАРАСТИЛ ДОБЫЧУ ГАЗА НА 3,4%, ДО 216,55 МЛРД КУБ. М - ОТЧЕТ",25.09.2026,15:46,Сигналы РЦБ,25.09.2026 15:46:42,,,
Не важно,"💥🇺🇸🇨🇳#сша #китай #трамп ТРАМП: Встреча с председателем Си была весьма плодотворной как для США, так и для Китая. Грядут грандиозные события. Как и почти все остальные, он, похоже, с удовольствием заменил неудачное и неточное название «искусственный интеллект» на гораздо более точное и важное — «СВЕРХИНТЕЛЛЕКТ». Это будет «СУПЕР!» Вчера вечером все с этим согласились.",25.09.2026,15:47,MarketTwits,25.09.2026 15:47:35,,,
Не важно,❗️🛢🇪🇺#нефть #европа Хуситы пообещали не трогать европейские судна — FT Houthis promise not to target European ships,25.09.2026,15:49,MarketTwits,25.09.2026 15:49:12,,,
Возможно,"Газпром увеличил добычу газа в 1п 2026г на 3,38% до 216,55 млрд кубов — отчет эмитента #GAZP Читать далее 👉 https://smartlab.news/i/205496 мы в max",25.09.2026,15:50,СМАРТЛАБ НОВОСТИ,25.09.2026 15:50:35,,,
Возможно,#Нефтянка #Политика Хуситы пообещали не трогать европейские суда — FT,25.09.2026,15:50,Сигналы РЦБ,25.09.2026 15:50:37,,,
Не важно,🇺🇸🇨🇳#сша #китай #событие Торговый представитель США Грир: США и Китай достигли соглашения по ряду торговых вопросов. Обсуждение чипов для искусственного интеллекта на этих переговорах не велось Разговоры с Китаем о контроле за экспортом и национальной безопасности на этих переговорах не обсуждались,25.09.2026,15:51,MarketTwits,25.09.2026 15:51:21,,,
Не важно,"🇺🇸🇨🇦#сша #канада #торговля Торговый представитель США Грир: Трампа устраивает ситуация с Канадой Торговля с Канадой по-прежнему сильна. США по-прежнему получают от Канады нефть, газ и калийные удобрения, в которых нуждаются. Канадцы хотят заключить сделку",25.09.2026,15:52,MarketTwits,25.09.2026 15:52:29,,,
Важно,"🇷🇺#GAZP #отчетность ГАЗПРОМ УВЕЛИЧИЛ ПОСТАВКИ ТРУБОПРОВОДНОГО ГАЗА НА РЫНКИ БЛИЖНЕГО ЗАРУБЕЖЬЯ В I ПОЛУГОДИИ НА 29%, В ОСНОВНОМ ЗА СЧЕТ КАЗАХСТАНА ГАЗПРОМ В I ПОЛУГОДИИ 2026Г РЕАЛИЗОВАЛ НА ВНУТРЕННЕМ И ВНЕШНИХ РЫНКАХ 193,2 МЛРД КУБ. М ГАЗА (ЗА АНАЛОГИЧНЫЙ ПЕРИОД 2025 ГОДА - 185,0 МЛРД КУБ. М) - ОТЧЕТ, ИФ",25.09.2026,15:53,MarketTwits,25.09.2026 15:53:37,Газпром,,
Важно,"Зеленский сейчас много говорил. Россия тщательно следит и учитывает, какие вооружения или лицензии на них получает украинский режим, заявил Песков.",25.09.2026,15:54,Сигналы РЦБ,25.09.2026 15:54:10,Украина,,
Возможно,"Газпром в 1п 2026г реализовал на внутреннем и внешнем рынках 193,2 млрд кубов газа (годом ранее 185 млрд) — отчет #GAZP - Совокупный объем поставок трубопроводного российского газа на рынки ближнего зарубежья в I полугодии 2026 г. значительно (на 29%) превысил уровень аналогичного периода предшествующего года. - Поставки газа в Китай по МГ «Сила Сибири» в I полугодии 2026 г. превысили уровень I полугодия 2025 г. Читать далее 👉 https://smartlab.news/i/205497 мы в max",25.09.2026,15:54,СМАРТЛАБ НОВОСТИ,25.09.2026 15:54:45,,,
Не важно,"❗️🇯🇵#fx #япония #интервенции ПМ Японии Катаяма и Бессент вновь заявляют, что слабая йена относительно доллара является проблемой — Kyodo",25.09.2026,15:58,MarketTwits,25.09.2026 15:58:28,,,
Возможно,Max начал тестировать рекламу через «VK рекламу» на базе Discovery-платформы. В «Сферуме» рекламы не будет. О полноформатном запуске обещают рассказать позже — Ведомости #VKCO Читать далее 👉 https://smartlab.news/i/205498 мы в max,25.09.2026,15:58,СМАРТЛАБ НОВОСТИ,25.09.2026 15:58:53,,,
Возможно,"УК Парус изменила условия аренды и повысила ставку по объекту фонда ""ПАРУС-СБЛ"" Новая ставка начнет действовать уже с октября 2026 г. По цепочке пропорционально увеличиваем размер выплаты дохода от арендного потока!Выплата вырастет более чем на 2,5 ₽/пай: с 13,67 ₽ до 16,25 ₽ (+19%)* в месяц. Дополнительно с января 2027 года УК по традиции проиндексирует ежегодную выплату — она составит 16,92 ₽ за пай. Читать далее 👉 https://smartlab.news/i/205499 мы в max",25.09.2026,16:01,СМАРТЛАБ НОВОСТИ,25.09.2026 16:01:55,,,
Не важно,⬆️✴️#ENA = +16% Ethena после партнерства с Binance,25.09.2026,16:02,MarketTwits,25.09.2026 16:02:25,,,
Возможно,"#GAZP ГАЗПРОМ В I ПОЛУГОДИИ 2026Г РЕАЛИЗОВАЛ НА ВНУТРЕННЕМ И ВНЕШНИХ РЫНКАХ 193,2 МЛРД КУБ. М ГАЗА (ЗА АНАЛОГИЧНЫЙ ПЕРИОД 2025 ГОДА - 185,0 МЛРД КУБ. М) - ОТЧЕТ",25.09.2026,16:02,Сигналы РЦБ,25.09.2026 16:02:47,,,
Не важно,"#IPO Три компании, которые выйдут на IPO в США в 2026 году могут быть оценены в $5.2 трлн Суммарная оценка всех технологичных компаний, которые вышли на IPO в США за последние 45 лет — только $4.1 трлн",25.09.2026,16:06,Сигналы РЦБ,25.09.2026 16:06:33,,,
Не важно,🇺🇸#NVDA #ии NVIDIA инвестировала $1 млрд в NScale,25.09.2026,16:07,MarketTwits,25.09.2026 16:07:27,,,
Не важно,⬆️🇺🇸#TSLA = +1% В августе Tesla произвела несколько сотен человекоподобных роботов Optimus. Пока есть проблемы с масштабированием производства — The Information,25.09.2026,16:09,MarketTwits,25.09.2026 16:09:26,,,
Не важно,"🇺🇸🇨🇳#ии #сша #китай Посол США в Китае сообщил, что США создали с Китаем кризисный механизм по вопросам ИИ — FOX News",25.09.2026,16:10,MarketTwits,25.09.2026 16:10:22,,,
Возможно,"Акционеры Банка «Санкт-Петербург» приняли решение уменьшить уставный капитал на ₽6 250 810 путём погашения 6 250 810 обыкновенных акций, приобретённых банком ранее в рамках программы обратного выкупа #BSPB Читать далее 👉 https://smartlab.news/i/205500 мы в max",25.09.2026,16:11,СМАРТЛАБ НОВОСТИ,25.09.2026 16:11:12,,,
Возможно,"Ренессанс Страхование: Налоговые изменения повышают привлекательность длинных страховых продуктов #RENI Ожидающиеся налоговые изменения не должны оказать негативного эффекта на сегмент страховая жизни Группы Ренессанс страхование. Если говорить про долгосрочные программы страхования жизни, то эффект от изменений, скорее, даже положительный. Читать далее 👉 https://smartlab.news/i/205502 мы в max",25.09.2026,16:18,СМАРТЛАБ НОВОСТИ,25.09.2026 16:18:48,,,
Не важно,#IMOEX -2.3% после сообщений о поездке Дмитриева в США,25.09.2026,16:25,Сигналы РЦБ,25.09.2026 16:25:01,,,
Возможно,"Россияне путешествуют в 11 раз меньше американцев и в 16 раз меньше японцев — глава Минэкономразвития Решетников #AFLT «Это говорит о большом нераскрытом потенциале внутреннего рынка», — сообщил Решетников. Читать далее 👉 https://smartlab.news/i/205503 мы в max",25.09.2026,16:28,СМАРТЛАБ НОВОСТИ,25.09.2026 16:28:05,,,
Возможно,"#ретроспектива Сработало, гадство...) Некоторые вещи просто работают.",25.09.2026,16:35,Сигналы РЦБ,25.09.2026 16:35:20,,,
Не важно,"❗️✴️#хак #крипто #BGB Tether заблокировал кошелек хакера, который взломал биржу Bitget ущерб оценивается в районе $350 млн",25.09.2026,16:41,MarketTwits,25.09.2026 16:41:26,,,
Возможно,"МНЕНИЕ: Аналитики СберИнвестиций снизили целевую цену акций Астры с 360 до 290 рублей, но повысили оценку до Покупать #ASTR Читать далее 👉 https://smartlab.news/i/205505 мы в max",25.09.2026,16:44,СМАРТЛАБ НОВОСТИ,25.09.2026 16:44:12,,,
Возможно,"Российский рынок умеренно снижается, чтобы достичь новых высот, прыжок тигра неизбежен — эксперты Читать далее 👉 https://smartlab.news/i/205506 мы в max",25.09.2026,16:50,СМАРТЛАБ НОВОСТИ,25.09.2026 16:50:47,,,
Не важно,❗️ВПЕРЕДИ 🇺🇸США - Michigan Consumer Sentiment (сент) - 17:00мск 🇺🇸США - потребительские инфляционные ожидания (сент) - 17:00мск,25.09.2026,16:51,MarketTwits,25.09.2026 16:51:42,,,
Возможно,"Месячный объем торгов на рынке предсказаний (суммарно на платформах Kalshi и Polymarket) достиг $53 млрд Это уже раза в два больше, чем оборот в акциях на Мосбирже.",25.09.2026,16:54,Сигналы РЦБ,25.09.2026 16:54:20,,,
Возможно,"ООО «ВУШ» продлило срок размещения биржевых облигаций серии 001P-08 - окончание размещения теперь не позднее 30 октября (или дата размещения последней облигации, если она наступит раньше) Читать далее 👉 https://smartlab.news/i/205507 мы в max",25.09.2026,16:58,СМАРТЛАБ НОВОСТИ,25.09.2026 16:58:33,,,
Не важно,❗️🇺🇸#экономика #сша #отчетность США -Michigan Consumer Sentiment (сент) = 48.1 (ожид 47.8 / ранее 51.7) США - 1-летние потребительские инфляционные ожидания (авг) = +4.6% (ранее +4%) США - 5-летние потребительские инфляционные ожидания (авг) = +3.4% (ранее +3.3%),25.09.2026,17:00,MarketTwits,25.09.2026 17:00:18,,,
Важно,❗️🇷🇺#T #spo 30 сентября - Т-Технологии - сд по определению цены допэмиссии,25.09.2026,17:02,MarketTwits,25.09.2026 17:02:24,,,
Возможно,СД Т-Технологии 30 сентября определит цену размещения допэмиссии — раскрытие #T Читать далее 👉 https://smartlab.news/i/205509 мы в max,25.09.2026,17:02,СМАРТЛАБ НОВОСТИ,25.09.2026 17:02:37,,,
Возможно,"⬆️🌎#техи #инфляция Дешевых смартфонов больше не будет: стоимость оперативной памяти продолжает расти по экспоненте, и производители гаджетов вынуждены отказываться от производства бюджетных моделей. Сильнее всех пострадают жители развивающихся стран: им и раньше приходилось копить три-четыре недели на самый простой смартфон – а теперь он становится совсем недоступной роскошью. Подорожает и другая техника – например, персональные компьютеры, комплект оперативной памяти для которых уже стоит больше видеокарты. — Горелкин",25.09.2026,17:05,MarketTwits,25.09.2026 17:05:05,,,
Не важно,⚠️🇺🇸#дкп #сша #спикеры Schmid (ФРС): ФРС все еще не решила проблему инфляции,25.09.2026,17:08,MarketTwits,25.09.2026 17:08:26,,,
Не важно,Дефицит США в торговле с Китаем сократился почти на 40% с начала второго президентского срока Дональда Трампа - с $300 млрд до $140 млрд — Торговый представитель США Джеймисон Грир Читать далее 👉 https://smartlab.news/i/205510 мы в max,25.09.2026,17:09,СМАРТЛАБ НОВОСТИ,25.09.2026 17:09:06,,,
Не важно,⚠️🇺🇸#долг #сша #спикеры Schmid (ФРС): Долг США кажется чрезмерным.,25.09.2026,17:09,MarketTwits,25.09.2026 17:09:15,,,
Возможно,"МНЕНИЕ: Т-Инвестиции начали покрытие акций B2B-РТС с рекомендацией покупать и целевой ценой 200 руб. Потенциал роста за год ~60%, с дивидендами за 2026 г. ~67% #BTBR Читать далее 👉 https://smartlab.news/i/205511 мы в max",25.09.2026,17:14,СМАРТЛАБ НОВОСТИ,25.09.2026 17:14:59,,,
Не важно,✴️#BTC #майнинг #крипто Майнинг BTC впервые за 280 дней перестал быть убыточным — JPMorgan,25.09.2026,17:17,MarketTwits,25.09.2026 17:17:48,,,
Важно,Российские миллиардеры изучают опыт Усманова и Фридмана для снятия санкций ЕС — Bloomberg Читать далее 👉 https://smartlab.news/i/205512 мы в max,25.09.2026,17:21,СМАРТЛАБ НОВОСТИ,25.09.2026 17:21:09,,,
Важно,Производство ракет Patriot на Украине не начнется быстро даже после выдачи лицензии — Марк Рютте Читать далее 👉 https://smartlab.news/i/205513 мы в max,25.09.2026,17:25,СМАРТЛАБ НОВОСТИ,25.09.2026 17:25:41,Украина,,
Возможно,"Официальные курсы валют на 26 сентября: ¥ — ₽12,5355, $ — ₽84,3414, € — ₽95,8709 Читать далее 👉 https://smartlab.news/i/205514 мы в max",25.09.2026,17:29,СМАРТЛАБ НОВОСТИ,25.09.2026 17:29:16,,,
Не важно,⚠️🇨🇺#куба #геополитика Сухопутные войска США планируют военную операцию против Кубы — CBS,25.09.2026,17:30,MarketTwits,25.09.2026 17:30:34,,,
Не важно,🇷🇺#fx #россия ЦБ установил официальные курсы валют на выходные,25.09.2026,17:33,MarketTwits,25.09.2026 17:33:11,,,
Не важно,"Хуситы пообещали ЕС не атаковать европейские суда в Красном море, но Европа и Саудовская Аравия обсуждают объединение военно-морских групп для защиты судоходства — FT Читать далее 👉 https://smartlab.news/i/205515 мы в max",25.09.2026,17:35,СМАРТЛАБ НОВОСТИ,25.09.2026 17:35:51,,,
Возможно,"Капзатраты Инарктики в I полугодии снизились на треть, до 1,32 млрд руб — отчет #AQUA Читать далее 👉 https://smartlab.news/i/205516 мы в max",25.09.2026,17:44,СМАРТЛАБ НОВОСТИ,25.09.2026 17:44:33,,,
Возможно,Россия может быстро вернуть до 80% черноморского экспорта зерна при прекращении огня — Reuters #NKHP #RAGR Читать далее 👉 https://smartlab.news/i/205517 мы в max,25.09.2026,17:48,СМАРТЛАБ НОВОСТИ,25.09.2026 17:48:36,,,
Возможно,"Три танкера, связанные с Ираном, захваченные ВМС США и перевозящие 6 млн баррелей иранской нефти стоимостью $600 млн, медленно пересекают Атлантический океан и направляются к американским портам — BBG Это часть военно-морской кампании США по блокаде иранских портов Читать далее 👉 https://smartlab.news/i/205518 мы в max",25.09.2026,17:53,СМАРТЛАБ НОВОСТИ,25.09.2026 17:53:56,,,
Не важно,"⚠️🇨🇳🇺🇸#китай #сша #бизнес Никто из крупных CEO китайского бизнеса не присутствовал на государственном ужине Трамп-Си в Белом доме. Это довольно удручающий показатель того, насколько плохи отношения США-КНР — NYT ———————————————— Торговый представитель США Грир обещает больше деталей в понедельник",25.09.2026,17:55,MarketTwits,25.09.2026 17:55:40,,,
Не важно,"⚠️🇺🇸#доходности #сша #облигации Продолжается пике в гособлигациях США сильнее всех падают опять именно ""длинные"" бонды, в которых Минфин США активнее всего покупает доходности продолжают расти U.S. 30-YEAR BOND YIELD TOPS 5.5% FOR FIRST TIME SINCE 2004 U.S. 10-YEAR TREASURY YIELD EXTENDED GAINS TO 5.23%, THE HIGHEST LEVEL SINCE 2007",25.09.2026,18:05,MarketTwits,25.09.2026 18:05:13,,,
Не важно,💥🇨🇳🇺🇸#китай #сша #событие ТРАМП: НА ВСТРЕЧАХ С КИТАЕМ МЫ ДОСТИГЛИ ОГРОМНЫХ УСПЕХОВ ДЛЯ ОБЕИХ СТРАН СИ ЦЗИНЬПИН: ПОЕЗДКА В США БЫЛА ОЧЕНЬ УСПЕШНОЙ СИ ЦЗИНЬПИН: ВИЖУ СВЕТЛОЕ КИТАЙСКО-АМЕРИКАНСКОЕ БУДУЩЕЕ СИ ЦЗИНЬПИН: У МЕНЯ ЕЩЕ ЕСТЬ 2 ВСТРЕЧИ С ТРАМПОМ СИ ЦЗИНЬПИН: БУДУ ПРИВЕТСТВОВАТЬ ТРАМПА В КИТАЕ,25.09.2026,18:08,MarketTwits,25.09.2026 18:08:05,,,
Важно,"ГК РБК - Отчёт компании за 1п2026: Доли в общем объеме российского рекламного рынка на различных площадках: 📉Интернет: 0,68% (-20,6% г/г, до 0,54%) 📉Пресса: 7,62% (снижение доли в 2,6 раза г/г, до 2,95%) 📉ТВ: 0,43% (-11,6% г/г, до 0,38%) 📈Радио: 0,03% (рост доли в 53 раза г/г, до 1,59%) #RBCM ""По итогам 6 месяцев отмечается небольшое снижение доли рынка по всем ключевым историческим сегментам. Это стало результатом перераспределения бюджетов клиентов между рекламными площадками и рост доли нового развивающегося сегмента Радио"" Читать далее 👉 https://smartlab.news/i/205521 мы в max",25.09.2026,18:28,СМАРТЛАБ НОВОСТИ,25.09.2026 18:28:08,ГК РБК,,
Важно,Пермский НПЗ остановлен после атаки дрона — источники Reuters #LKOH Материал основан на информации Reuters и отраслевых источников агентства. Часть данных на момент публикации официально не подтверждалась. Читать далее 👉 https://smartlab.news/i/205522 мы в max,25.09.2026,18:28,СМАРТЛАБ НОВОСТИ,25.09.2026 18:28:45,Лукойл,,
Не важно,"⬇️🇦🇷#fx #аргентина Аргентинский песо (ARS) обновил антирекорд против доллара США -99.9% против доллара с 2009г -78% против доллара с момента, как Милей пришел к власти в ноябре 2023г",25.09.2026,18:33,MarketTwits,25.09.2026 18:33:44,,,
Возможно,#Макро Уровень инфляции в еврозоне вскоре достигнет максимума с 2023 года — Bloomberg,25.09.2026,18:38,Сигналы РЦБ,25.09.2026 18:38:10,,,
Важно,"⚠️🇺🇦🇺🇸#трамп #today Жест Трампа после рукопожатия с Зеленским - это масонская защита от сглаза перед промежуточными выборами, говорят эксперты",25.09.2026,18:38,MarketTwits,25.09.2026 18:38:35,Украина,,
Не важно,"📈 Доходность 30-летних US Treasuries превысила 5,5% — максимум с 2004 года Читать далее 👉 https://smartlab.news/i/205524 мы в max",25.09.2026,18:39,СМАРТЛАБ НОВОСТИ,25.09.2026 18:39:46,,,
Возможно,Инфляция в еврозоне может достичь максимума за три года — Bloomberg Читать далее 👉 https://smartlab.news/i/205525 мы в max,25.09.2026,18:42,СМАРТЛАБ НОВОСТИ,25.09.2026 18:42:29,,,
Не важно,"#Нефтянка Три танкера, связанные с Ираном и перевозящие иранскую нефть на $600 млн, были захвачен ВМС США и сейчас направляются к американским портам — Bloomberg",25.09.2026,18:44,Сигналы РЦБ,25.09.2026 18:44:29,,,
Не важно,"✴️#BGB #крипто Многие думают, что CEO Bitget это мужик ...",25.09.2026,18:51,MarketTwits,25.09.2026 18:51:02,,,
Важно,"Группа ЛСР - отчёт компании за 1п2026: 📉Новые контракты (жилая недвижимость): 241,9 тыс. м2 (-5,1% г/г) на ₽68,1 млрд (-0,73% г/г) 📈Введено в эксплуатацию (жилая недвижимость): 371,3 тыс. м2 (+27,7% г/г) 📈Песок: 3 358 тыс. куб. м (+51,5% г/г) 📉Гранитный щебень: 2 464 тыс. куб. м (-2,1% г/г) 📉Кирпич: 139 млн штук (-12,2% г/г) 📉Газобетон: 312 тыс. куб. м (-2,2% г/г) #LSRG ""Результаты по сегменту строительных материалов соответствуют ожиданиям Группы"" Читать далее 👉 https://smartlab.news/i/205526 мы в max",25.09.2026,18:53,СМАРТЛАБ НОВОСТИ,25.09.2026 18:53:59,ЛСР,,
Не важно,"⚠️🇺🇸#дкп #сша ""Король бондов"" Джеффри Гундлах: ФРС стоит перед большой дилеммой: - повысит ставку, стоимость обслуживания стремительно растущего госдолга значительно вырастет - понизит ставку, разожжёт инфляцию",25.09.2026,18:58,MarketTwits,25.09.2026 18:58:36,,,
Возможно,Трамп призвал Си Цзиньпина прекратить поддержку Ирана — Axios Читать далее 👉 https://smartlab.news/i/205527 мы в max,25.09.2026,19:00,СМАРТЛАБ НОВОСТИ,25.09.2026 19:00:16,,,
Возможно,❗️🇮🇷🇺🇸#иран #геополитика #трамп ИРАН ПЕРЕДАЛ ЧЕРЕЗ КАТАР США УСЛОВИЯ ВОЗОБНОВЛЕНИЯ ПРОХОДА ЧЕРЕЗ ОРМУЗ — AXIOS Переговоры между Ираном и США переходят в техническую стадию — сообщает журналист Al Jazeera — CBS ТРАМП: ОБСУДИЛ ИРАН С СИ ⬇️#нефть BRENT < $104,25.09.2026,19:01,MarketTwits,25.09.2026 19:01:53,,,
Возможно,Переговоры Ирана и США в Нью-Йорке перешли от первоначальных дипломатических контактов к более детальной технической фазе — Al Jazeera Читать далее 👉 https://smartlab.news/i/205528 мы в max,25.09.2026,19:02,СМАРТЛАБ НОВОСТИ,25.09.2026 19:02:23,,,
Не важно,"Дна не видно⚡️Итоги дня 📉IMOEX-1.8% Рынок продолжает снижаться в ожидании новых сюрпризов. Переговорный процесс застопорился и мало верится, что кто-то из сторон готов пойти на уступки. РИА Новости сегодня выпустили статью про «ещё одну СВО, но уже с Литвой», но спустя час её удалили с сайта. Автор текста назвал Литву «страной-самоубийцей» и предрёк «очень короткую» СВО в случае размещения ядерного оружия. Также он отметил, что Россия может избежать сухопутной операции, сразу применив ракеты🤷‍♂️ Кстати, такой поворот событий вполне укладывается в логику снижения индекса на 35% с марта 2026 года. Просто так, индекс так сильно не падает🤔 Мне уже самому надоело писать плохие новости каждый день, но других нет🤷‍♂️ 📉Brent -4% Движение «Ансар Аллах» (хуситы) направило послание ЕС, в котором пообещало не наносить удары по европейскому судоходству в Красном море, сообщает в пятницу Financial Times (FT) со ссылкой на источники. Тегеран передал американским официальным лицам предложение, которое позволит открыть пролив и возобновить переговоры об урегулировании конфликта в течение семи дней, написала The Washington Post со ссылкой на главу МИД Ирана Аббаса Аракчи. Новое предложение похоже на меморандум о взаимопонимании, который стороны согласовали в июне, отмечает газета. 📉Распадская-2.5% Цены на металлургический уголь из России обвалились, сообщает Коммерсант. Ограниченный спрос и призывы регуляторов в Китае к восстановлению добычи привели к резкому снижению цен на российский металлургический уголь. С максимумов начала 2024 года котировки потеряли 7,7–15% за неделю😔 📉Газпром-2.5% Без мирных договорённостей возобновление поставок в ЕС кажется маловероятным👉 В Германии предложения использовать уцелевшую нитку «Северного потока — 2» для возобновления поставок российского газа приравниваются чуть ли не к госизмене, заявил Посол РФ в ФРГ Сергей Нечаев. А без возобновления поставок в ЕС, Газпром сейчас оценён справделиво (это в лучшем случае)😉 📉Т-Техно-2.5% СД 30 сентября установит цену размещения акций допэмиссии. Совет директоров также определит оценку имущества, вносимого в оплату размещаемых акций🧐 📈Полюс +1.8% Продолжается выкуп неприлично дешевого Полюса🤷‍♂️ 📉М.Видео-1.9% Снижаются после того как SberDevices подали иск к М.Видео на 6,6 млрд рублей. Комментарий пресс-службы М.Видео по иску от SberDevices: М.Видео находится в постоянном диалоге с контрагентом и продолжает эффективно взаимодействовать по рабочим вопросам. Мы занимаемся урегулированием спора и нацелены на выработку взаимоприемлемого решения. Для нас важно сохранить конструктивные партнёрские отношения, поэтому мы ведём предметную работу по возникшим разногласиям🧐 📈Магнит +2.9% Продолжается рост на ожиданиях погашения казначейских акций🤔 📉БСП-1.3% Акционеры одобрили погашение 6,25 млн обыкновенных акций. В результате общее количество обыкновенных акций сократится на 1,4% — с почти 445,4 млн до 439,1 млн. На собрании акционеры также одобрили выплату дивидендов (₽19,17 на обыкновенную и ₽0,22 на привилегированную акцию)🧐 Полная карта рынка: https://smart-lab.ru/q/map Билеты на нашу осеннюю конфу на 20% дешевле по промокоду LONG: https://confa.smart-lab.ru/msk26 СМАРТЛАБ | MAX | ВК",25.09.2026,19:14,СМАРТЛАБ НОВОСТИ,25.09.2026 19:14:14,,,
Возможно,"Предложение аренды квартир в России сокращается четвёртый месяц подряд, но остаётся выше среднего за последние 5 лет — Аналитика ДОМ.PФ #DOMRF Годовая стоимость аренды снизилась в большинстве крупных городов, кроме населённых пунктов с населением 100–500 тыс. человек Читать далее 👉 https://smartlab.news/i/205529 мы в max",25.09.2026,19:25,СМАРТЛАБ НОВОСТИ,25.09.2026 19:25:31,,,
Возможно,Иран не пойдёт на ядерные уступки даже при снятии блокады — высокопоставленный иранский чиновник Читать далее 👉 https://smartlab.news/i/205530 мы в max,25.09.2026,19:38,СМАРТЛАБ НОВОСТИ,25.09.2026 19:38:20,,,
Возможно,"⚠️🇮🇷#иран #геополитика Иран не пойдет на уступки в отношении своей ядерной программы Ормузский пролив останется закрытым, никаких переговоров по ядерной программе с США до тех пор, пока не будут выполнены условия Ирана -- заявление",25.09.2026,19:46,MarketTwits,25.09.2026 19:46:09,,,
Возможно,🚫🛢#ормуз #иран КСИР несколько минут назад запустил несколько ракет в направлении Ормуза.,25.09.2026,19:52,MarketTwits,25.09.2026 19:52:33,,,
Важно,Администрация Трампа обязуется потратить почти все $400 млн на помощь Украине до 30 сентября — Reuters Читать далее 👉 https://smartlab.news/i/205531 мы в max,25.09.2026,19:57,СМАРТЛАБ НОВОСТИ,25.09.2026 19:57:08,Украина,,
Не важно,"🇷🇺#russia #today Концерт Канье Уэста в Питере отменён, сообщили организаторы шоу рэпера Access Opera",25.09.2026,20:01,MarketTwits,25.09.2026 20:01:32,,,
Возможно,"Трамп: встреча с Си Цзиньпином была встречей, наполненной дружбой, силой и успехом — Truth Social Читать далее 👉 https://smartlab.news/i/205533 мы в max",25.09.2026,20:22,СМАРТЛАБ НОВОСТИ,25.09.2026 20:22:31,,,
Важно,Путин: после последних атак киевского режима Россия «как следует подумает» над своими решениями по мирному урегулированию Читать далее 👉 https://smartlab.news/i/205534 мы в max,25.09.2026,20:25,СМАРТЛАБ НОВОСТИ,25.09.2026 20:25:17,Украина,,
Возможно,На ракетi отменяется,25.09.2026,20:44,Сигналы РЦБ,25.09.2026 20:44:03,,,
Возможно,"Акцизы на алкоголь и табак в России могут вырасти на 6,1–6,8% в 2027 году — Ъ В 2026 году рост акцизов на отдельные категории алкоголя превысил 30%. #KLVZ #BELU Читать далее 👉 https://smartlab.news/i/205536 мы в max",25.09.2026,21:15,СМАРТЛАБ НОВОСТИ,25.09.2026 21:15:01,,,
Возможно,Fars News назвал ложными сообщения Axios и Al Jazeera о переговорах Ирана и США Читать далее 👉 https://smartlab.news/i/205537 мы в max,25.09.2026,21:29,СМАРТЛАБ НОВОСТИ,25.09.2026 21:29:39,,,
Возможно,❗️🇮🇷#иран #геополитика ИРАН ОПРОВЕРГАЕТ СООБЩЕНИЯ AXIOS И ОСТАЛЬНЫХ СМИ О ПЕРЕГОВОРАХ С США -- FARS (КСИР),25.09.2026,21:30,MarketTwits,25.09.2026 21:30:17,,,
Важно,14 сенаторов призвали Трампа отозвать приглашение Путину на G20 — Washington Post Читать далее 👉 https://smartlab.news/i/205538 мы в max,25.09.2026,21:44,СМАРТЛАБ НОВОСТИ,25.09.2026 21:44:55,,,
Не важно,❗️🛢🇺🇸#топливо #сша Трамп собирается объявить о политике в отношении дизельного топлива уже в пятницу — Politico,25.09.2026,21:48,MarketTwits,25.09.2026 21:48:20,,,
Возможно,Акциз формирует до 85% цены пачки сигарет в России — Ъ Читать далее 👉 https://smartlab.news/i/205540 мы в max,25.09.2026,21:53,СМАРТЛАБ НОВОСТИ,25.09.2026 21:53:33,,,
Возможно,"⚡️ОСТАЛОСЬ 5 ДНЕЙ… Уже скоро билеты на нашу конфу станут дороже. Если поездка на конференцию уже в планах, а покупка билета всё ещё откладывается — это самое лучше время зафиксировать текущую цену! Smart-Lab Conf — это редкая возможность вживую обсудить рынок с инвесторами, трейдерами, управляющими и аналитиками. Задать вопросы, сравнить подходы и завести знакомства, которые не заканчиваются обменом контактами. Прямо сейчас можно взять: Входной — 8.400₽ 7400₽ All-time — 86.990₽ 56.890₽ Промокод CONFMSK всё также работает и делает билет на 20% дешевле. Та же конференция, те же возможности — но дешевле, если не откладывать.",25.09.2026,21:58,СМАРТЛАБ НОВОСТИ,25.09.2026 21:58:31,,,
Не важно,"⚠️🧠#ии #warning Билл Гейтс : ИИ достаточно силен, чтобы стать причиной «миллиарда смертей».",25.09.2026,22:16,MarketTwits,25.09.2026 22:16:41,,,
Не важно,"⚠️🧠#ии #warning Мы вступаем в «эпоху низкого IQ», когда детям не нужно будет изучать основы математики. — CEO NVIDIA Хуанг",25.09.2026,22:20,MarketTwits,25.09.2026 22:20:52,,,
Не важно,"Билл Гейтс заявил, что ИИ обладает достаточной мощью, чтобы спровоцировать события, ведущие к «миллиарду смертей» Читать далее 👉 https://smartlab.news/i/205543 мы в max",25.09.2026,22:31,СМАРТЛАБ НОВОСТИ,25.09.2026 22:31:44,,,
Важно,"🚫✴️#крипто #биржи #санкции Bybit опубликовала список контрагентов в отношении которых введены ограничения. В список входят Garantex, Bitzlato, EXMO, Payeer, Nobitex, Bitpapa, Chatex, Cryptex, Grinex, Rapira, WhiteBird, OMPFinex, Ramzinex, HTX, Wallex, Tetherland, Bit24, QvaPay, Huione Guarantee, Xinbi Guarantee, Samourai Wallet, Bitcoin Fog, ChipMixer, Sinbad, Hydra Market. Туда же входят такие организации, как Lazarus Group, ХАМАС, ""Ансаралла"" (хуситы) и ИГИЛ (запрещенная в России террористическая организация) . В случае выявления транзакций, связанных с контрагентами из черного списка, биржа оставляет за собой право предпринять соответствующие действия для соблюдения ограничений или законов соответствующей юрисдикции, включая приостановку или закрытие счетов, блокировку транзакций или средств, подачу соответствующих нормативных отчетов в соответствующие органы. релиз",25.09.2026,22:46,MarketTwits,25.09.2026 22:46:56,,,
Не важно,"✴️#BNB #крипто CoinMarketCap, принадлежащий Binance, покупает платформу данных по криптодеривативам CoinGlass релиз",25.09.2026,22:51,MarketTwits,25.09.2026 22:51:47,,,
Возможно,Еврокомиссия призвала страны ЕС сокращать потребление газа и электроэнергии — ТАСС #GAZP Читать далее 👉 https://smartlab.news/i/205544 мы в max,25.09.2026,22:52,СМАРТЛАБ НОВОСТИ,25.09.2026 22:52:13,,,
Не важно,🚫🛢🇪🇺#газ #электроэнергия #европа Брюссель призывает страны ЕС сокращать потребление газа и электроэнергии из-за высоких цен — RTRS со ссылкой на письмо еврокомиссара по энергетике Йоргенсена,25.09.2026,22:53,MarketTwits,25.09.2026 22:53:17,,,
Не важно,"❗️✴️#хак #крипто #биржи #BGB CEO Bitget Грейси Чен сообщила, что инцидент с нарушением безопасности локализован и дальнейшие несанкционированные переводы активов невозможны. Bitget объявит о плане возобновления вывода средств 26 сентября в 4:00 утра UTC. Убыток составил около $387,5 млн. CZ заявил, что Binance, экосистема BNB Chain и сообщество сделают все возможное, чтобы помочь Bitget.",25.09.2026,23:00,MarketTwits,25.09.2026 23:00:29,,,
Возможно,#Политика СПЕЦПРЕДСТАВИТЕЛЬ ПРЕЗИДЕНТА РОССИИ ПО ИНВЕСТИЦИОННО-ЭКОНОМИЧЕСКОМУ СОТРУДНИЧЕСТВУ С ЗАРУБЕЖНЫМИ СТРАНАМИ КИРИЛЛ ДМИТРИЕВ ПРИБЫЛ НА ОЧЕРЕДНОЙ РАУНД ПЕРЕГОВОРОВ В НЬЮ-ЙОРКЕ — ТАСС,25.09.2026,23:03,Сигналы РЦБ,25.09.2026 23:03:15,,,
Возможно,❗️🇷🇺🇺🇸#россия #сша Кирилл Дмитриев прибыл на очередной раунд переговоров в Нью-Йорке — ТАСС,25.09.2026,23:03,MarketTwits,25.09.2026 23:03:20,,,
Возможно,Дмитриев прибыл на очередной раунд переговоров в Нью-Йорк — ТАСС Читать далее 👉 https://smartlab.news/i/205545 мы в max,25.09.2026,23:03,СМАРТЛАБ НОВОСТИ,25.09.2026 23:03:46,,,
Возможно,"❗️🇮🇷#иран #геополитика Министр иностранных дел Ирана Арагчи: Иран представил США конкретный план на 7 дней. Теперь выбор за США. Иран не поступится своими суверенными правами под давлением. Отсчет 7 дней начнется, когда США примут этот план. На седьмой день Тегеран будет готов начать переговоры с Вашингтоном. Действия, которые должны предпринять США, не новы, все они уже прописаны в меморандуме о взаимопонимании. В случае выполнения плана, навигация через Ормузский пролив будет восстановлена.",25.09.2026,23:21,MarketTwits,25.09.2026 23:21:28,,,
Возможно,"#Политика Иран передал США семидневный план по открытию Ормузского пролива, заявил глава МИД исламской республики Аббас Аракчи.",25.09.2026,23:26,Сигналы РЦБ,25.09.2026 23:26:10,,,
Возможно,"Глава МИД Ирана: - Иран передал США конкретный план на 7 дней. - Отсчёт 7 дней начнётся после того, как США одобрят план. - Они могут принять этот семидневный план, и в итоге Ормузский пролив будет открыт. - Действия, которые должны предпринять США, не являются чем-то новым — все они уже прописаны в меморандуме о взаимопонимании. - Теперь выбор за США. - Иран не откажется от своих суверенных прав под давлением. Читать далее 👉 https://smartlab.news/i/205546 мы в max",25.09.2026,23:26,СМАРТЛАБ НОВОСТИ,25.09.2026 23:26:53,,,
Не важно,"⚠️🇺🇸#ии #сша В ОpenaAI заявили, что их ии-агенты слили некоторые изображения пользователей. Компания разбирается, как это произошло.",25.09.2026,23:34,MarketTwits,25.09.2026 23:34:57,,,
Возможно,"❗️🇮🇷#иран #геополитика США ведут позитивные и конструктивные переговоры с Ираном при посредничестве третьих сторон по ядерным вопросам, заявил представитель США, комментируя план на 7 дней — CBS News US HAVING POSITIVE, CONSTRUCTIVE TALKS WITH IRAN VIA MEDIATORS ON NUCLEAR ISSUES, US OFFICIAL SAYS ON 7-DAY PLAN",26.09.2026,0:29,MarketTwits,26.09.2026 0:29:43,,,
Возможно,"⚠️🇮🇷#иран #геополитика США проигнорировали просьбы властей Йемена об авиаударах по хуситам, ограничившись передачей разведданных. В Йемене называют обещания Вашингтона ""пустыми разговорами"" на фоне успехов хуситов на побережье Красного моря. — WAPO",26.09.2026,0:51,MarketTwits,26.09.2026 0:51:06,,,
Не важно,"⚠️🇸🇦#саравия #геополитика Разведка США считает, что Саудовская Аравия может стремиться получить ядерное оружие. Это усилило беспокойство части законодателей по поводу заключённого Трампом соглашения о поддержке мирной ядерной программы королевства. — WAPO",26.09.2026,0:52,MarketTwits,26.09.2026 0:52:35,,,
Не важно,"❗️🛢🇺🇸#топливо #сша Представители администрации Трампа обсуждают различные меры по сдерживанию стремительного роста цен на дизель, в том числе приостановку его налогообложения и снятие ограничений на продажу дизельного топлива с примесями. Вэнс предлагает ввести запрет на экспорт дизеля, а министр энергетики Крис Райт работает с НПЗ, чтобы добиться добровольного ограничения экспорта. Некоторые губернаторы-республиканцы отменили ограничения на использование дизельного топлива, разрешив фермерам и лесозаготовителям использовать дизель для внедорожной техники на автомагистралях, чтобы хоть как-то снизить рекордно высокие цены. — BBG WHITE HOUSE MULLS RANGE OF OPTIONS TO LOWER SOARING DIESEL COSTS",26.09.2026,1:00,MarketTwits,26.09.2026 1:00:26,,,
Возможно,"🇺🇸🇨🇳🇷🇺#сша #китай #россия #геополитика Трамп на встрече с Си выступил за переговоры России, Китая и США по контролю над вооружениями — Белый дом",26.09.2026,9:51,MarketTwits,26.09.2026 9:51:10,,,
Возможно,"🛢🇺🇸🇮🇷#ормуз #сша #иран Трамп опять опубликовал карту, на которой Ормузский пролив обозначен как территория США Открытие Ормузского пролива надо осуществлять согласно меморандуму — президент Ирана Пезешкиан США для открытия Ормузского пролива нужно согласиться на выполнение положений меморандума. США не могут восстановить навигацию в Ормузском проливе, используя силу — глава МИД Ирана Арагчи",26.09.2026,9:55,MarketTwits,26.09.2026 9:55:33,,,
Возможно,"❗️⚠️🇮🇷#иран #ормуз #геополитика Трамп скептически отнесся к иранскому 7-дневному плану открытия Ормузского пролива, отвергает идею прекращения огня с Ираном и ожидает возобновления бомбардировок после промежуточных выборов — WSJ TRUMP REJECTS IRAN CEASEFIRE, EXPECTS RENEWED BOMBING AFTER MIDTERMS ———————————— Ранее ближневосточные эксперты и паблики сообщали, что Иран ожидает начала ""неизбежной"" новой волны конфликта, возможно уже в октябре. Один из органов безопасности страны заявил, что в число приоритетных целей противника войдут ядерные объекты и энергетическая инфраструктура. Al Hadath писал, что Израиль считает неизбежным возобновление ударов по Ирану",26.09.2026,10:03,MarketTwits,26.09.2026 10:03:21,,,
Возможно,"❗️🇩🇪#германия #геополитика По всей Германии прокатилась волна протестов школьников против призыва в армию и против войны с Россией. В акции приняли участие более 45 000 человек, охватив более 100 городов. Но Мерц говорит, что не сдастся.",26.09.2026,10:56,MarketTwits,26.09.2026 10:56:19,,,
Важно,"🚫🛢🇷🇺#топливо #россия В Краснодарском крае украинские БПЛА атаковали Ильский НПЗ. Это один из самых крупных НПЗ на юге России проектной мощностью около 6,6 млн тонн нефти в год.",26.09.2026,11:02,MarketTwits,26.09.2026 11:02:27,Украина,,
Не важно,"⚠️🧠#ии #warning ИИ-агенты OpenAI пытались получить данные с сайтов правительства США — NYT Они пытались взломать портал Министерства образования США для сбора данных, извлекли информацию из Бюро переписи населения с помощью найденных в интернете учетных данных, а также выложили на форум публичные сведения SEC.",26.09.2026,11:06,MarketTwits,26.09.2026 11:06:41,,,
Важно,"🇩🇪🇫🇷🇺🇦#выборы #германия #франция #украина #геополитика Европейские чиновники опасаются, что поддержка Украины может снизиться в случае победы партий ""АдГ"" в Германии и «Национального объединение» во Франции — RTRS обе партии выступают за прекращение финансовой поддержки Украины",26.09.2026,11:22,MarketTwits,26.09.2026 11:22:15,Украина,,
Не важно,"🧠#ии #прогноз ""Через 5 лет все мы будем счастливыми. У вас появится ИИ-ассистент, который будет очень хорошо вас знать."" — Цукерберг",26.09.2026,11:39,MarketTwits,26.09.2026 11:39:41,,,
Не важно,"❗️✴️#хак #крипто #биржи #BGB Биржа Bitget сообщила, что уязвимость, ставшая причиной инцидента с безопасностью 24 сентября, была выявлена и устранена. Вывод средств планируется возобновить поэтапно после завершения проверок безопасности. График следующий: 28 сентября — BTC 29 сентября — ETH 30 сентября — USDT 2 октября — другие токены, фиатные валюты и P2P-сервисы Bitget заявила, что балансы на счетах пользователей не пострадали, а Фонд защиты покроет все финансовые последствия инцидента.",26.09.2026,11:45,MarketTwits,26.09.2026 11:45:40,,,
Возможно,"❗️🇷🇺#EUTR Минэнерго предложило рассмотреть возможность применения к активам оператора сети АЗС «Трасса» механизма внешнего управления, предусмотренного новым указом президента о безопасности критической инфраструктуры - РБК",26.09.2026,13:28,MarketTwits,26.09.2026 13:28:49,,,
Важно,"🇷🇺🇷🇸#сербия #россия По инициативе сербской стороны состоялся телефонный разговор Владимира Путина с Президентом Сербии Александром Вучичем. Обсуждены различные аспекты дальнейшего развития российско-сербских отношений стратегического партнерства, в том числе в энергетике, нефтегазовой отрасли, транспорте и здравоохранении. — Кремль Вучич по телефону сообщил Путину о своей предстоящей отставке 27 сентября ———————————- Правящая Сербская прогрессивная партия (СПП) остается фаворитом досрочных парламентских выборов, которые пройдут 25 октября. В случае ее победы Александр Вучич сможет претендовать на пост премьер-министра и таким образом сохранить ключевую роль в политике страны. Главным конкурентом СПП становится «Студенческий список», выросший из протестного движения.",26.09.2026,13:32,MarketTwits,26.09.2026 13:32:10,,,
Не важно,"❗️🇨🇳🇺🇸#пошлины #сша #китай США и Китай договорились снизить пошлины на менее чувствительные товары на сумму $30 млрд в обоих направлениях. Об этом стороны заявили после саммита Си Цзиньпина и Трампа в Вашингтоне. Соглашение стало конкретным результатом встречи по вопросам торговли, в частности экспорта. релиз",26.09.2026,13:38,MarketTwits,26.09.2026 13:38:18,,,
Важно,"⚠️🇮🇷🇸🇦#геополитика #иран #саравия #йемен Глава Йемена призвал граждан к мобилизации из-за наступления хуситов Ранее возглавляемая Саудовской Аравией коалиция опять сообщила о перехвате ракет и беспилотников, выпущенных в сторону королевства.",26.09.2026,13:42,MarketTwits,26.09.2026 13:42:08,Украина,,
Возможно,"❗️🛢🇨🇳#ормуз #китай Лидеры Китая и США согласились, что ни одна страна или организация не должна взимать плату за проход через международные водные пути — Центральное телевидение Китая (CCTV) по итогам госвизита председателя КНР Си Цзиньпина в США",26.09.2026,13:52,MarketTwits,26.09.2026 13:52:50,,,
Не важно,"🇪🇺#космос #европа #спутники Евросоюз планирует увеличить количество запусков своих спутников к 2034 году в 6 раз. Число правительственных спутников Евросоюза вырастет с почти 70 до примерно 630, а коммерческих — почти удвоится. — FT",26.09.2026,13:57,MarketTwits,26.09.2026 13:57:09,,,
Не важно,"❗️🇨🇳🇺🇸#китай #сша #макро ВИЗИТ СИ ЦЗИНЬПИНА В США ОТКРЫВАЕТ ""НОВУЮ ГЛАВУ"" В КИТАЙСКО-АМЕРИКАНСКИХ ОТНОШЕНИЯХ — МИД КНР",26.09.2026,13:59,MarketTwits,26.09.2026 13:59:19,,,
Не важно,"🇨🇳🇺🇸#сша #китай #рзм #торговля США попали в критическую и недопустимую зависимость от поставок из Китая в сфере редкоземельных металлов, фармацевтики и судостроения. Выход из зависимости от КНР займет 1-2 года — посол США в КНР Дэвид Пердью",26.09.2026,14:21,MarketTwits,26.09.2026 14:21:13,,,
Важно,"❗️🛢🇩🇪🇷🇺#GAZP #сп #германия #выборы «Северный поток» должен быть отремонтирован, открыт и защищен». — сопредседатель «АдГ» Тино Крупалла",26.09.2026,14:22,MarketTwits,26.09.2026 14:22:41,Газпром,,
Возможно,⚠️🇮🇷#иран #геополитика ТРАМП: ИРАН НЕ ДОЛЖЕН ИМЕТЬ ЯДЕРНОГО ОРУЖИЯ!!!,26.09.2026,15:18,MarketTwits,26.09.2026 15:18:44,,,
Не важно,"❗️🇨🇳🇺🇸#торговля #сша #китай #уголь По данным Белого дома, Китай согласился импортировать не менее 10 миллионов метрических тонн угля из США в 2027 и 2028 годах, чтобы снизить напряжённость в торговых отношениях между двумя странами.",26.09.2026,15:56,MarketTwits,26.09.2026 15:56:08,,,
Возможно,Минэнерго предложило рассмотреть возможность применения к активам Евротранса механизма внешнего управления — РБК #EUTR Читать далее 👉 https://smartlab.news/i/205547 мы в max,26.09.2026,15:56,СМАРТЛАБ НОВОСТИ,26.09.2026 15:56:15,,,
Важно,❗️🇮🇷#иран #санкции #авиа первый пошел: Ирак ведет переговоры с США об исключении из иранских авиасанкций,26.09.2026,16:00,MarketTwits,26.09.2026 16:00:42,Иран,,
Возможно,ЕС рассматривает возможность ограничения спроса на энергоносители в условиях ценового кризиса — Bloomberg Читать далее 👉 https://smartlab.news/i/205548 мы в max,26.09.2026,16:11,СМАРТЛАБ НОВОСТИ,26.09.2026 16:11:50,,,
Возможно,🔥⚠️🇮🇷#иран #геополитика #трамп ТРАМП: Я ОТКЛОНЯЮ ПРЕДЛОЖЕНИЕ ИРАНА,26.09.2026,16:48,MarketTwits,26.09.2026 16:48:25,,,
Не важно,🇹🇼#тайвань #геополитика Трамп: Тайвань обсуждался с Си Цзиньпином. Си Цзиньпин понимает мою позицию по Тайваню.,26.09.2026,16:50,MarketTwits,26.09.2026 16:50:58,,,
Не важно,🇺🇸🇨🇳#ии #сша #китай #трамп Трамп: провел важную беседу с Си Цзиньпином на тему ИИ,26.09.2026,16:52,MarketTwits,26.09.2026 16:52:00,,,
Не важно,⚠️🇨🇺#куба #геополитика #трамп Трамп: мы хотим открыть Кубу для американцев,26.09.2026,16:54,MarketTwits,26.09.2026 16:54:07,,,
Не важно,"❗️🇨🇺#куба #геополитика #трамп Трамп: Куба и США заключат сделку, не ждите военного вмешательства",26.09.2026,17:25,MarketTwits,26.09.2026 17:25:33,,,
Важно,"Лавров встретился с главой МИД Германии, переговоры продлились 20 минут, комментариев для прессы не последовало Читать далее 👉 https://smartlab.news/i/205549 мы в max",26.09.2026,18:37,СМАРТЛАБ НОВОСТИ,26.09.2026 18:37:46,,,
Важно,"Президент Вучич после разговора с Путиным сообщил, что вероятно Сербия продолжит закупать газ у России по €318 за тыс кубов вместо рыночной цены €868 #GAZP Читать далее 👉 https://smartlab.news/i/205551 мы в max",26.09.2026,18:47,СМАРТЛАБ НОВОСТИ,26.09.2026 18:47:18,Газпром,,
Важно,Лавров: РФ настаивает на немедленном освобождении Николаса Мадуро и его супруги и неповторении подобных инцидентов Читать далее 👉 https://smartlab.news/i/205552 мы в max,26.09.2026,19:02,СМАРТЛАБ НОВОСТИ,26.09.2026 19:02:17,,,
Важно,"Лавров: Россия считает, что в Анкоридже была договоренность, и готова к ней вернуться Россия поддерживает регулярный диалог с администрацией Дональда Трампа, это соответствует нормальности Читать далее 👉 https://smartlab.news/i/205553 мы в max",26.09.2026,20:29,СМАРТЛАБ НОВОСТИ,26.09.2026 20:29:05,,,
Важно,"#Политика ЛАВРОВ ЗАЯВИЛ, ЧТО НЕ ИЗВЛЕК НИЧЕГО НОВОГО ИЗ РЕЧИ ВАДЕФУЛЯ НА ВСТРЕЧЕ НА ПОЛЯХ ГА ООН, ОН ПОЛНОСТЬЮ ПОВТОРИЛ ПОСТОЯННУЮ ПОЗИЦИЮ БЕРЛИНА Reuters сообщает, что Вадефуль призвал Россию заключить соглашение о возобновлении экспорта зерна через Черное море. ""Время имеет решающее значение: учитывая нехватку продовольствия во многих странах, особенно в странах Глобального Юга, все стороны должны быть готовы к конструктивному взаимодействию"", - передал слова Вадефуля источник Reuters в немецкой делегации.",26.09.2026,22:12,Сигналы РЦБ,26.09.2026 22:12:17,,,
Важно,"🇺🇦#украина #геополитика #трамп Трамп заявил, что работает над урегулированием украинского конфликта, назвав его сложным ""Я урегулировал восемь войн, к большинству из которых не имел никакого отношения. Я работаю над конфликтом между Россией и Украиной, который оказался самым сложным из всех""",27.09.2026,9:59,MarketTwits,27.09.2026 9:59:46,Украина,,
Не важно,"❗️🇩🇪#выборы #германия Рейтинг ХДС/ХСС (Мерц) упал до рекордно низких 19%, в то время как АдГ (#GAZP) укрепила лидерство с 29% — BILD",27.09.2026,10:08,MarketTwits,27.09.2026 10:08:51,,,
Не важно,"🚫🛢🇮🇷#ормуз #иран #нефть Иранские эксперты сообщают, что за последние 24 часа Иран значительно усилил контроль над Ормузом. Кол-во обстрелов нарушителей в проливе выросло кратно.",27.09.2026,10:15,MarketTwits,27.09.2026 10:15:15,,,
Важно,"❗️🇺🇦#украина #геополитика #ватикан Эмиссар Ватикана посетит Россию 28-30 сентября, чтобы обсудить гуманитарные аспекты украинского урегулирования. Спецпосланник Папы Римского Льва XIV кардинал Маттео Дзуппи сообщил ТАСС, что понтифик лично курирует его миссию по Украине. ——————————— *многие до сих пор считают, что Ватикан обладает сильнейшим мировым влиянием. Ловцы ""тайных смыслов"" надеются, что Ватикан ""все порешает""... —- мониторинг",27.09.2026,10:22,MarketTwits,27.09.2026 10:22:29,Украина,,
Не важно,"⚠️🧠#ии #warning OpenAI объявила о приостановке обучения своих самых мощных ИИ-моделей из-за неконтролируемого поведения моделей — AXIOS Случаи включают обход защитных механизмов, создание досок объявлений, выход из «песочниц», взлом веб-сайтов, самоподсказки и попытки обойти мониторы. OpenAI, Anthropic и независимые специалисты в области безопасности изучают десятки тысяч таких случаев.",27.09.2026,10:41,MarketTwits,27.09.2026 10:41:03,,,
Не важно,"❗️✴️🇺🇸#крипто #регулирования #сша SEC и CFTC начали понемногу выпускать новые гайдлайны по крипте, а также разъяснять старые, тем самым создавая почву для обновленного регулирования криптовалют в США — мониторинг ———————————- Ранее главы SEC и CFTC заявили, что собираются выпустить свой собственный свод правил для криптоиндустрии в США т.к. бесконечно ждать от Конгресса голосования по CLARITY Act больше нет сил..",27.09.2026,10:57,MarketTwits,27.09.2026 10:57:48,,,
Не важно,"✴️#BTC #прогноз #крипто CEO Coinbase сохраняет свой прогноз по BTC $400 000 к 2030 г, но с условием, если 4-летний цикл халвингов все еще работает — интервью MoneyRehabPodcast",27.09.2026,11:01,MarketTwits,27.09.2026 11:01:24,,,
Не важно,"🇷🇺#russia #today Минздрав России обновил стандарт лечения депрессии у взрослых людей, добавив в него удары электрошоком и походы к урологу.",27.09.2026,11:05,MarketTwits,27.09.2026 11:05:20,,,
Не важно,⚠️🇺🇸#BA Boeing обнаружил сбой в программном обеспечении самолетов 737 MAX — WSJ,27.09.2026,11:09,MarketTwits,27.09.2026 11:09:07,,,
Не важно,"🇨🇦#канада #торговля #макро Канада намерена диверсифицировать свои торговые связи и развивать экономические отношения с Индией, Китаем, европейскими и африканскими странами — глава МИД Канады Анита Ананд",27.09.2026,11:12,MarketTwits,27.09.2026 11:12:03,,,
Важно,"⚠️🇷🇺🇪🇺#россия #европа #нато #геополитика Если Европа, которая регулярно говорит о подготовке к войне, нападет на Россию, ""это будет уже совсем другая война, и она будет очень короткая"" — Лавров",27.09.2026,11:31,MarketTwits,27.09.2026 11:31:49,Украина,,
Важно,"⚠️🇷🇺#россия #геополитика #нато #макро Россия возродила систему «Мертвая рука» для ответного ядерного удара. — The Sunday Times В Уральских горах расширен секретный подземный командный комплекс «Объект 1335». Связанная с данным объектом советская система «Периметр», известная на Западе как «Мёртвая рука», вновь полностью функционирует. Командный комплекс «Объект 1335» предназначен для передачи сигнала специальным командным ракетам, которые, в случае ядерного удара по территории России, смогут отправить зашифрованный приказ уцелевшим ядерным шахтам для осуществления ответного пуска ракет.",27.09.2026,11:48,MarketTwits,27.09.2026 11:48:19,Украина,,
Возможно,"⚠️🇷🇺#россия #одкб #геополитика В России начались учения ОДКБ ""Взаимодействие-2026"", ""Поиск-2026"" и ""Эшелон-2026"" — МО РФ",27.09.2026,11:49,MarketTwits,27.09.2026 11:49:54,,,
Возможно,"🇷🇸#сербия #выборы Президент Сербии Вучич, как ожидается, сегодня подаст в отставку - чтобы после выборов перейти на пост премьер-министра и таким образом остаться у власти — BBG",27.09.2026,12:00,MarketTwits,27.09.2026 12:00:17,,,
Не важно,"✴️#BTC #крипто #обзор Сейчас отмечается всплеск притоков альткоинов на биржи. Также майнеры резко нарастили продажи BTC. Все это после резкого роста на рынке. — данные CryptoQuant = исторически bearish Тем не менее, приток стейблкоинов на биржи остается сильным, а в свежем росте рынка пока принимают участие в основном институционалы — данные CryptoQuant = исторически bullish",27.09.2026,12:12,MarketTwits,27.09.2026 12:12:33,,,
Важно,🇷🇺🇺🇸#G20 #россия Песков: решений о поездке Путина на саммит G20 в Майами пока не принималось,27.09.2026,12:23,MarketTwits,27.09.2026 12:23:09,,,
Важно,"⚠️🇷🇺🇺🇸🇺🇦#украина #геополитика #сша Предоставление данных Starlink для ударов вглубь России ""было бы очень пагубным, потенциально опасным и опрометчивым шагом"" — Песков ——————————- ранее Стубб призвал Маска расширить зону Starlink для ударов Украины по России",27.09.2026,12:24,MarketTwits,27.09.2026 12:24:40,Украина,,
Не важно,"🇺🇸#трамп #сми #сша NYT: основные телеканалы США вернутся к освещению событий с участием Трампа ABC, CBS, Fox News и NBC возобновят работу в пресс-пуле 27 сентября",27.09.2026,12:28,MarketTwits,27.09.2026 12:28:55,,,
Не важно,🛢#нефть #ормуз #логистика Около 13 млн баррелей нефти в день проходят через Ормузский пролив — глава Минэнерго США Крис Райт,27.09.2026,12:29,MarketTwits,27.09.2026 12:29:43,,,
Не важно,"🚫🛢🇪🇺#газ #европа Евросоюз предупредил страны-участницы о потенциальном кризисе цен на энергоносители, вызванном конфликтом на Ближнем Востоке. Глава Еврокомиссии по энергетике Дан Йоргенсен призвал страны-участницы рассмотреть меры по снижению спроса и продолжить заполнение газовых хранилищ в преддверии зимы. По словам Йоргенсена, хранилища в регионе заполнены чуть более чем на 70% при сезонной норме в 86% для этого времени года. EU FLOATS ENERGY DEMAND CURBS IN PRICE CRISIS LETTER TO MEMBERS",27.09.2026,12:32,MarketTwits,27.09.2026 12:32:37,,,
Не важно,🛢🇮🇳🇺🇸#спг #индия #сша Индия планирует увеличить закупки СПГ из США более чем на 25% в рамках годовых контрактов на 2027 год на фоне перебоев с поставками из региона Персидского залива — BBG,27.09.2026,12:37,MarketTwits,27.09.2026 12:37:07,,,
Не важно,"🛢🇺🇸#нефть #топливо #сша #регулирования #авто Администрация Трампа планирует смягчить более строгие требования к потреблению топлива в США, введенные при Байдене. Ожидается, что эти изменения станут большой победой для автомобильной и нефтяной промышленности. TRUMP SET TO ROLL BACK BIDEN-ERA AUTO FUEL ECONOMY STANDARDS",27.09.2026,12:44,MarketTwits,27.09.2026 12:44:12,,,
Не важно,"✴️🇺🇸#BTC #сша #крипто #макро ""BTC — единственный актив, который правительство США не хочет продавать"" — CEO Capital B (французский аналог Strategy) ——————————- BlackRock: рост госдолга США повышает привлекательность BTC в качестве защитного актива",27.09.2026,12:54,MarketTwits,27.09.2026 12:54:40,,,
Важно,"❗️🇨🇭#швейцария #геополитика В Швейцарии на сегодняшнем референдуме проголосуют против сохранения ""швейцарского нейтралитета"" — предварительные данные SRF ———————————————- Ранее СМИ писали, что в случае принятия нейтралитета, Швейцарии придется отменить действующие санкции против России т.к. стране больше нельзя будет вводить санкции против государств, участвующих в конфликте.",27.09.2026,13:31,MarketTwits,27.09.2026 13:31:42,,,
Не важно,✴️#крипто #разблокировки Крупнейшие разблокировки в октябре — данные DropsTab,27.09.2026,13:45,MarketTwits,27.09.2026 13:45:22,,,
Не важно,⬆️✴️#BTC #обзор #крипто Недельные притоки в американские спотовые BTC ETF обновили максимум этого года — Cryptorank,27.09.2026,13:51,MarketTwits,27.09.2026 13:51:15,,,
Важно,🗓#календарь КЛЮЧЕВЫЕ СОБЫТИЯ ЭТОЙ НЕДЕЛИ: понедельник 28 сентября: 🇻🇦эмиссар Ватикана в России для обсуждения гуманитарных аспектов украинского урегулирования - день 1 🇯🇵минутки с прошлого заседания ЦБ Японии - 02:50мск 🇨🇳прибыль промпредприятий КНР (авг) - 04:30мск 🇪🇺глава ЕЦБ Лагард - 16:30мск 🇺🇸США - Dallas Fed Mfg Business Index (сент) - 17:30мск вторник 29 сентября: 🇻🇦эмиссар Ватикана в России для обсуждения гуманитарных аспектов украинского урегулирования - день 2 🇫🇷🇪🇸Макрон с госвизитом в Испании - день 1 🇦🇺Австралия - ставка ЦБ - 07:30мск 🇪🇺Еврозона - Consumer Confidence (сент) - 12:00мск 🇪🇺Еврозона - инфляционные ожидания (сент) - 12:00мск 🇪🇺глава ЕЦБ Лагард - 14:00мск 🇨🇦Канада - ВВП (июль) - 15:30мск 🇺🇸США - SP-Case-Schiller Index (июль) - 16:00мск 🇺🇸США - CB Consumer Confidence (сент) - 17:00мск 🇺🇸США - число открытых вакансий на рынке труда JOLTS (авг) - 17:00мск 🛢нефть США - запасы API - 23:30мск среда 30 сентября: 🇻🇦эмиссар Ватикана в России для обсуждения гуманитарных аспектов украинского урегулирования - день 3 🇫🇷🇪🇸Макрон с госвизитом в Испании - день 2 🇯🇵Япония - промпроизводство (авг) - 02:50мск 🇨🇳КНР - Manufacturing/Services/Composite PMI (сент) - 04:30мск 🇬🇧Британия - ВВП (2кв 2026г) - 09:00мск 🇬🇧минутки с прошлого заседания Банка Англии - 12:30мск 🇩🇪Германия - потребинфляция CPI (сент-предв) - 15:00мск 🇺🇸США - ADP Nonfarm Employment (сент) - 15:15мск 🇺🇸США - ВВП (2кв 2026г) - 15:30мск 🇺🇸США -инфляция - PCE Price index (авг) - 15:30мск 🇺🇸США -торговый баланс (авг-предв) - 15:30мск 🇺🇸США - Chicago PMI (сент) - 16:45мск 🛢нефть США - запасы EIA - 17:30мск 🇷🇺РФ - потребинфляция CPI (нед) - 19:00мск четверг 1 октября: 🇭🇰Гонконг - нет торгов - National Day 🇨🇳КНР - нет торгов - National Day 🇦🇺Австралия - Manufacturing PMI (сент) - 02:00мск 🇯🇵Япония - Manufacturing PMI (сент) - 03:30мск 🇮🇳Индия - Manufacturing PMI (сент) - 08:00мск 🇷🇺РФ - Manufacturing PMI (сент) - 09:00мск 🇨🇭Швейцария - потребинфляция CPI (сент) - 09:30мск 🇩🇪Германия - Manufacturing PMI (сент) - 10:55мск 🇪🇺Еврозона - Manufacturing PMI (сент) - 11:00мск 🇬🇧глава Банка Англии Бэйли - 11:00мск 🇬🇧Британия - Manufacturing PMI (сент) - 11:30мск 🇺🇸США - Initial Jobless Claims - 15:30мск 🇧🇷Бразилия - Manufacturing PMI (сент) - 16:00мск 🇨🇦Канада - Manufacturing PMI (сент) - 16:30мск 🇪🇺глава ЕЦБ Лагард - 16:30мск 🇺🇸США - S&P Manufacturing PMI (сент) - 16:45мск 🇺🇸США - ISM Manufacturing PMI (сент) - 17:00мск 🛢натгаз США - запасы EIA - 17:30мск 🇨🇭глава ЦБ Швейцарии Шлегель - 18:30мск пятница 2 октября: 🇭🇰Гонконг - нет торгов - National Day 🇨🇳КНР - нет торгов - National Day 🇮🇳Индия - нет торгов - Mahatma Gandhi Jayanti 🇪🇺Еврозона - потребинфляция CPI (сент-предв) - 12:00мск 🇺🇸США - Non-Farm Payrolls (сент) - 15:30мск 🇺🇸США - безработица (сент) - 15:30мск 🇺🇸США - Factory Orders (авг) - 17:00мск суббота 3 октября: ——————— воскресенье 4 октября: 🛢заседание ОПЕК+ - 13:00мск,27.09.2026,14:11,MarketTwits,27.09.2026 14:11:51,Украина,,
Не важно,"❗️🇨🇭#швейцария #геополитика Швейцария проголосовала против ужесточения политики нейтралитета Против ужесточения выступили правительство, парламент и большинство основных политических партий страны. -------------------------- В случае принятия инициативы страна не смогла бы самостоятельно вводить санкции против государств, участвующих в вооруженных конфликтах.Также, нельзя бы было вступать в военные альянсы и сотрудничать с ними, кроме случаев нападения или непосредственной угрозы нападения на страну.",27.09.2026,16:13,MarketTwits,27.09.2026 16:13:18,,,
Не важно,"❗️🛢🇺🇸#ормуз #трамп #нефть Трамп заявил, что прошлой ночью через Ормузский пролив был транспортирован рекордный объем нефти, превышающий показатели перед войной с Ираном.",27.09.2026,16:23,MarketTwits,27.09.2026 16:23:36,,,
Возможно,"❗️🌎#климат #макро 2026 год станет самым тёплым за всю историю наблюдений, — отчет Berkeley Earth",27.09.2026,17:42,MarketTwits,27.09.2026 17:42:05,,,
Важно,"⚠️🇵🇱#польша #украина #нато #геополитика Польша предложила разместить у себя завод по производству ракет Patriot для Украины, чтобы тот находился в ""безопасной зоне"", заявила замминистра обороны страны Магдалена Собковьяк-Чернецкая",27.09.2026,17:46,MarketTwits,27.09.2026 17:46:18,Украина,,
Возможно,"⚠️🇮🇷#иран #геополитика Глава МИД Ирана Арагчи заявил в эфире NBC News о готовности Ирана даже к ""войне Судного дня"" против США.",27.09.2026,17:49,MarketTwits,27.09.2026 17:49:15,,,
Важно,🇺🇸🇺🇦#AAPL #украина В Киеве начались продажи iPhone 18 Pro Max с детектором дронов. Цена - $20 000.,27.09.2026,17:53,MarketTwits,27.09.2026 17:53:15,Украина,,
Возможно,"❗️🇮🇷#иран #геополитика #трамп ТРАМП ОЖИДАЕТ, ЧТО НА ЭТОЙ НЕДЕЛЕ АМЕРИКАНСКИЕ ПЕРЕГОВОРЩИКИ ПРОВЕДУТ ДОПОЛНИТЕЛЬНЫЕ ПЕРЕГОВОРЫ С ИРАНОМ — AXIOS очередной раунд переговоров ожидается 28 сентября #нефть",27.09.2026,17:59,MarketTwits,27.09.2026 17:59:55,,,
Не важно,💥🇨🇳🇺🇸#NVDA #китай #ии Китай рассматривает возможность разрешить ByteDance и Alibaba покупать новые чипы Nvidia — The Information,27.09.2026,18:07,MarketTwits,27.09.2026 18:07:41,,,
Не важно,"❗️✴️#ETH #крипто #макро Виталик Бутерин заявил, что Ethereum эволюционирует в сторону системы, которая принципиально отличается от традиционных блокчейнов. Он описал долгосрочную цель как создание «криптографического мирового компьютера», который объединит безопасность блокчейна с криптографической верификацией, конфиденциальностью и децентрализованными вычислениями вне блокчейна.",27.09.2026,18:18,MarketTwits,27.09.2026 18:18:06,,,
Не важно,🇺🇸#ии #сша #трамп CEO Anthropic Дарио Амодей посетит ужин в Белом доме с Трампом — Axios,27.09.2026,18:30,MarketTwits,27.09.2026 18:30:33,,,
Не важно,✴️#USDT #крипто #обзор Сеть TRON (#TRX) продолжает оставаться лидером по росту предложения стейблкоинов USDT — данные CryptoRank USDT TRC20 остается самым популярным стейблкоином в мире,27.09.2026,18:32,MarketTwits,27.09.2026 18:32:13,,,
Не важно,🇮🇹🇫🇷#LVMH #OR Модный дом Emporio Armani планирует начать официальные переговоры с LVMH и L'Oreal о продаже миноритарного пакета 15% акций — FT,27.09.2026,18:41,MarketTwits,27.09.2026 18:41:09,,,
Возможно,"❗️🇷🇺#авто #россия #макро Глава Минпромторга Алиханов заявил, что Россия восстановила выпуск авто во всех востребованных классах.",27.09.2026,18:44,MarketTwits,27.09.2026 18:44:33,,,
Не важно,🛢🇺🇸🇬🇧#топливо #сша #британия Запрет США на экспорт дизеля стал бы катастрофой для Британии. Рост цен может быстро распространиться на всю экономику и ускорить общую инфляцию — The Telegraph,27.09.2026,18:47,MarketTwits,27.09.2026 18:47:13,,,
Не важно,"✴️🇰🇿#крипто #казахстан #майнинг Казахстан хочет, чтобы майнеры криптовалют использовали газ, который в настоящее время сжигается на нефтяных месторождениях в качестве отходов. Из этого газа можно было бы производить около 1,2 ТВт·ч электроэнергии в год. Новая инициатива властей Казахстана предоставит криптомайнерам доступ к ""попутному газу"" релиз",27.09.2026,18:52,MarketTwits,27.09.2026 18:52:54,,,
Возможно,"❗️⚠️🇺🇸🇮🇷#иран #геополитика #сша #выборы Восточные журналисты сообщают, что в ходе последних договоренностей между Кушнером и принцем Бен-Салманом, направленных на сохранение позиции Трампа на предстоящих выборах в США, Эр-Рияд согласился на удары по ядерным объектам Ирана, а Вашингтон, сразу после этого, объявит об окончании войны, заявив о своей победе. Также было согласовано, что экономическая блокада Ирана будет продолжаться в любых условиях. ————————————— США находятся в уязвимом положении на Ближнем Востоке, а в случае их военной агрессии весь регион погрязнет в еще более масштабном конфликте, заявил представитель армии Ирана генерал Мохаммад Акраминия",27.09.2026,18:55,MarketTwits,27.09.2026 18:55:23,,,
Не важно,"⚠️🇺🇸#AAPL #суд Суд в Сан-Диего обязал Apple выплатить более $5,7 млрд компании Taction Technology за нарушение двух патентов на технологии тактильной отдачи — CNBC",27.09.2026,18:56,MarketTwits,27.09.2026 18:56:51,,,
Важно,Песков: Победа Единой России на выборах свидетельствует о консолидации граждан вокруг президента и общей поддержке его политики Читать далее 👉 https://smartlab.news/i/205555 мы в max,27.09.2026,18:59,СМАРТЛАБ НОВОСТИ,27.09.2026 18:59:33,,,
Возможно,"Трамп: Я ожидаю новых переговоров с Ираном на следующей неделе. Они хотят заключить сделку, но это не та сделка, которую хочу заключить я На вопрос о том, рассматривает ли он возможность возобновления ударов по Ирану, Трамп ответил: «Я постоянно об этом думаю». Читать далее 👉 https://smartlab.news/i/205556 мы в max",27.09.2026,19:02,СМАРТЛАБ НОВОСТИ,27.09.2026 19:02:18,,,
Возможно,"Сеть ""Магнит Косметик"" в 1п 2026г закрыла 97 магазинов, что в 4,6 раза больше г/г — данные Infoline #MGNT Читать далее 👉 https://smartlab.news/i/205557 мы в max",27.09.2026,19:09,СМАРТЛАБ НОВОСТИ,27.09.2026 19:09:37,,,
Возможно,Впервые в истории старые танкеры стали стоить дороже новых судов — FT #LKOH #ROSN #FLOT Читать далее 👉 https://smartlab.news/i/205558 мы в max,27.09.2026,19:19,СМАРТЛАБ НОВОСТИ,27.09.2026 19:19:47,,,
Возможно,Продажи охлажденной и замороженной свинины в натуральном выражении за 1п 2026г выросли на 13% г/г #RAGR Читать далее 👉 https://smartlab.news/i/205559 мы в max,27.09.2026,19:25,СМАРТЛАБ НОВОСТИ,27.09.2026 19:25:59,,,
Возможно,❗️🇷🇸#сербия #выборы Вучич объявил об отставке с поста президента Сербии Обязанности президента будет временно исполнять и.о. председателя Народной скупщины Ана Брнабич,27.09.2026,22:07,MarketTwits,27.09.2026 22:07:23,,,
Не важно,🇺🇸#космос #сша #прогноз Маск: промышленное производство на Луне и Марсе будет стремительно развиваться и ежегодно увеличиваться более чем в два раза.,27.09.2026,22:07,MarketTwits,27.09.2026 22:07:23,,,
Не важно,"🚫✴️🇺🇸#крипто #регулирование #сша #meme Губернатор Калифорнии Ньюсом подписал закон, запрещающий госуслужащим выпускать мемкоины.",27.09.2026,22:07,MarketTwits,27.09.2026 22:07:58,,,
Возможно,"⚠️🇮🇷#иран #геополитика Трамп рассматривает все варианты по Ирану — постпред США при ООН Майк Уолтц прокомментировал статью WSJ о том, что Трамп рассматривает возможность возобновления ударов по Ирану после ноябрьских промежуточных выборов в Конгресс Трамп заявил, что всегда раздумывает об ударах по Ирану",27.09.2026,22:14,MarketTwits,27.09.2026 22:14:15,,,
Не важно,"✴️#Kraken #крипто #биржи Материнская компания Kraken, Payward, вкладывает миллиарды в развитие финансовой инфраструктуры, а не только в криптобиржу. Группа объединяет трейдинг, платежи, управление активами и институциональные услуги в единую систему, заявил со-генеральный директор Арджун Сетхи",27.09.2026,22:30,MarketTwits,27.09.2026 22:30:09,,,
Возможно,"⚠️🇮🇱🇹🇷#геополитика #израиль #турция Нетаньяху планирует обратиться в МУС с обвинениями против Эрдогана — i24News —————————- Ранее Нетаньяху заявил, что его страна не потерпит военного присутствия Турции в Сирии, а бывший премьер-министр Израиля Нафтали Беннет назвал Турцию следующей целью после Ирана. Эрдоган заявлял, что правительство Израиля впало в зависимость от войн, а стамбульский суд объявил Нетаньяху в розыск через Интерпол как особо опасного преступника из-за преступлений против человечности. Некоторые СМИ пишут, что Израиль и Турция находятся на грани вооруженного конфликта.",27.09.2026,22:46,MarketTwits,27.09.2026 22:46:46,,,
Возможно,"⚠️🇮🇷#иран #геополитика #саравия #ормуз Школы Эр-Рияда на неделю перевели на дистанционное обучение на фоне атак хуситов, — AFP За последние двое суток ВС Ирана нанесли удары по 19 судам в Ормузском проливе — FARS",27.09.2026,22:51,MarketTwits,27.09.2026 22:51:55,,,
Не важно,"❗️🇰🇿#казахстан #геополитика #макро Президент Казахстана Токаев заявил, что армия Казахстана застыла в прошлом веке.. и что ее ждут крупные реформы.",27.09.2026,22:54,MarketTwits,27.09.2026 22:54:20,,,
Важно,⚠️🇮🇷🇦🇪#иран #геополитика #оаэ Нетаньяху тайно посетил Абу-Даби для встречи с президентом ОАЭ — AXIOS,27.09.2026,23:01,MarketTwits,27.09.2026 23:01:02,Иран,,
Не важно,"🇺🇸#акции #сша #обзор #cot В прошлую среду розничные инвесторы продали фондовых ETF на сумму $300 млрд, что стало крупнейшей дневной продажей за всю историю. Лидерами продаж стали ETF на бигтехи — JPMorgan",27.09.2026,23:05,MarketTwits,27.09.2026 23:05:02,,,
Не важно,"🇺🇸#акции #сша #обзор #концентрация На две крупнейшие компании из S&P 500, Nvidia и Apple, сейчас приходится 15% рыночной капитализации индекса, что является рекордным показателем для двух крупнейших акций из индекса за всю историю наблюдений — Baird На долю Nvidia приходится рекордные 8%, а на долю Apple — 7% #NVDA #AAPL",27.09.2026,23:12,MarketTwits,27.09.2026 23:12:59,,,
Возможно,"🚫🛢#топливо #кризис #макро Мировые рынки столкнулись с беспрецедентным сокращением поставок дизеля: В период с марта по август 2026 года поставки дизельного топлива с Ближнего Востока сократились в среднем на 835 000 баррелей в сутки по сравнению с аналогичным периодом 2025 года. В то же время поставки дизельного топлива из России сократились на 377 000 баррелей в сутки. — оценка Vortexa По оценкам Kpler, эти цифры составляют 750 000 и 361 000 соответственно. По оценкам Energy Aspects - 750 000 и 361 000. Таким образом, предполагаемые потери поставок дизеля c Ближнего Востока составляют в среднем 772 667 баррелей в сутки, из России — 348 333 баррелей в сутки, то есть в совокупности — 1,1 миллиона баррелей в сутки Кризис на мировом рынке дизельного топлива усугубляется, предупреждают аналитики",27.09.2026,23:22,MarketTwits,27.09.2026 23:22:50,,,
Возможно,"🛢🇺🇸🇮🇷#ормуз #сша #иран Трамп опять опубликовал карту, на которой Ормузский пролив обозначен как территория США это уже четвертая подобная публикация",27.09.2026,23:54,MarketTwits,27.09.2026 23:54:58,,,
Возможно,"⚠️🇺🇸🇮🇷#иран #нефть #геополитика #трамп Трамп сказал, что США одержат победу в военной и экономической войне с Ираном, опять заявив, что конфликт закончится «скоро», и цены на нефть упадут. Трамп не стал давать ответ на вопрос о возможном возобновлении ударов по Ирану до промежуточных выборов.",28.09.2026,0:12,MarketTwits,28.09.2026 0:12:15,,,
Не важно,"mt в max 🗓КАЛЕНДАРЬ НА СЕГОДНЯ — 2026.09.28 🇮🇷по сообщениям ""AXIOS"" со ""ссылкой"" на ""Трампа"", сегодня ""могут"" пройти непрямые переговоры США-Иран 🇻🇦эмиссар Ватикана в России для обсуждения гуманитарных аспектов украинского урегулирования - день 1 🇯🇵минутки с прошлого заседания ЦБ Японии - 02:50мск 🇨🇳прибыль промпредприятий КНР (авг) - 04:30мск 🇪🇺глава ЕЦБ Лагард - 16:30мск 🇺🇸США - Dallas Fed Mfg Business Index (сент) - 17:30мск 🇺🇸Трамп сегодня в Белом доме выступит с заявлением про ИИ 🇷🇺#VSEH ВИРУ - сд рассмотрит вопрос об добрении приобретения ООО «ВсеИнструменты.ру» обыкновенных акций 🇷🇺последний день с дивидендами: #OZPH 🇺🇸#SPCX SpaceX планирует провести первый орбитальный полет лунной ракеты Starship",28.09.2026,6:52,MarketTwits,28.09.2026 6:52:11,,,
Не важно,🌎#markets,28.09.2026,6:54,MarketTwits,28.09.2026 6:54:43,,,
Не важно,🌎#fx USDCNY = 6.71 USDTRUB = 87.80,28.09.2026,6:55,MarketTwits,28.09.2026 6:55:38,,,
Возможно,"Число предписаний, выданных ЦБ инвесторам за нарушение закона о манипулировании рынком за 9 мес 2026 г. составило 190 шт, что немного уступает количеству за весь 2025 год — Ъ Читать далее 👉 https://smartlab.news/i/205561 мы в max",28.09.2026,7:00,СМАРТЛАБ НОВОСТИ,28.09.2026 7:00:10,,,
Возможно,"❗️⚠️🇮🇷#иран #геополитика ИРАН НЕ ПЛАНИРУЕТ НОВЫЙ РАУНД ПЕРЕГОВОРОВ С США В НЬЮ-ЙОРКЕ — IRNA Глава МИД Ирана опять заявил, что США для открытия Ормузского пролива нужно выполнить условия меморандума —————————- на выходных издание AXIOS со ""ссылкой"" на ""Трампа"", сообщило, что сегодня пройдут непрямые переговоры США-Иран",28.09.2026,7:02,MarketTwits,28.09.2026 7:02:15,,,
Не важно,"❗️🇯🇵#дкп #япония #минутки Минутки с прошлого заседания ЦБ Японии: - инфляционные ожидания растут, как среди населения, так и у бизнеса - ожидается рост инфляции к концу года - ЦБ нужно быть готовым реагировать",28.09.2026,7:06,MarketTwits,28.09.2026 7:06:42,,,
Возможно,"Стоимость лома черных металлов в портах Балтики и Черного моря с начала года к 25 сентября выросла на 16-21% г/г, с конца августа - на 4-5% — Ъ #TRMK Читать далее 👉 https://smartlab.news/i/205562 мы в max",28.09.2026,7:07,СМАРТЛАБ НОВОСТИ,28.09.2026 7:07:40,,,
Не важно,⬇️🌕#золото Золото на минимуме за 2 месяца,28.09.2026,7:09,MarketTwits,28.09.2026 7:09:36,,,
Не важно,📉Фьючерс на золото опустился ниже $4250 за тройскую унцию впервые с 5 августа — данные Comex Читать далее 👉 https://smartlab.news/i/205563 мы в max,28.09.2026,7:12,СМАРТЛАБ НОВОСТИ,28.09.2026 7:12:52,,,
Не важно,⬆️🇷🇺#IMOEX = +0.1% на открытии,28.09.2026,7:12,MarketTwits,28.09.2026 7:12:52,,,
Не важно,"⬆️✴️#BTC #крипто #обзор Притоки в спотовые BTC ETF продолжаются, но замедляются — данные SoSoValue",28.09.2026,7:14,MarketTwits,28.09.2026 7:14:00,,,
Возможно,"Доля торговых центров, построенных жилыми девелоперами в Москве, вырастет вдвое: с 35% в 2025 году до 76% в 2026‑м — CORE.XP #PIKK #LSRG Читать далее 👉 https://smartlab.news/i/205564 мы в max",28.09.2026,7:16,СМАРТЛАБ НОВОСТИ,28.09.2026 7:16:50,,,
Не важно,⬇️🇺🇸#облигации #сша Продажи в гособлигациях США на азиатской сессии,28.09.2026,7:16,MarketTwits,28.09.2026 7:16:52,,,
Не важно,"Трамп: Мы обдумываем вопрос запрета на экспорт дизельного топлива из США. Не исключено, что мы введем такую меру Читать далее 👉 https://smartlab.news/i/205565 мы в max",28.09.2026,7:21,СМАРТЛАБ НОВОСТИ,28.09.2026 7:21:29,,,
Не важно,"⬆️🛢#нефть +2.5% Иранская IRNA опровергла сообщения Axios и сообщила о том, что Иран не планирует новых переговоров с США Трамп говорит, что постоянно размышляет о новых ударах по Ирану",28.09.2026,7:21,MarketTwits,28.09.2026 7:21:47,,,
Не важно,"Трамп: Мы очень скоро победим в войне с Ираном и цены на нефть вернутся к тем значениям, которые были до войны Читать далее 👉 https://smartlab.news/i/205566 мы в max",28.09.2026,7:24,СМАРТЛАБ НОВОСТИ,28.09.2026 7:24:33,,,
Не важно,"🇺🇸#акции #сша В SP500 идет проторговка на исторически рекордных уровнях Многие аналитики указывают на ""внутреннюю"" слабость рынка, отмечая, что все больше акций из индекса начинают торговаться ниже своих 50-100-200 дневок. Тем не менее, такая ситуация сохраняется уже давно, а SP500 все растет и растет. Трамп ранее неоднократно говорил, что фондовый рынок продолжит расти.",28.09.2026,7:27,MarketTwits,28.09.2026 7:27:49,,,
Возможно,"Первый испытательный полет ""укороченной"" версии МС-21 - МС-21-210 планируется в августе 2028 года — гендиректор Иркутского испытательного завода (ИАЗ) #UNAC #IRKT После подписания с Аэрофлотом контракта на 90 МС-21 мощности ИАЗ полностью загружены до 2032 года. Читать далее 👉 https://smartlab.news/i/205567 мы в max",28.09.2026,7:28,СМАРТЛАБ НОВОСТИ,28.09.2026 7:28:38,,,
Не важно,🇸🇦🇺🇸#саравия #сша #событие Министр иностранных дел Саудовской Аравии прибыл в Вашингтон для встречи с американским коллегой,28.09.2026,7:28,MarketTwits,28.09.2026 7:28:51,,,
Не важно,"🧠#ии #увольнения ТАСС: Треть опрошенных бухгалтеров допустили, что их может заменить ИИ",28.09.2026,7:33,MarketTwits,28.09.2026 7:33:04,,,
Возможно,"📈Шоу продолжается: акции Евротранса с открытия дорожают на 9,82% ко вчерашнему закрытию #EUTR Читать далее 👉 https://smartlab.news/i/205568 мы в max",28.09.2026,7:34,СМАРТЛАБ НОВОСТИ,28.09.2026 7:34:33,,,
Не важно,🇺🇸#ии #сша #трамп Трамп сегодня в Белом доме выступит с заявлением про ИИ Трамп сегодня встречается с главой Anthropic Дарио Амодеи,28.09.2026,7:34,MarketTwits,28.09.2026 7:34:52,,,
Возможно,Нерюнгринская ГРЭС после пожара выйдет на полную мощность к концу 2026 года — глава Якутии Айсен Николаев #HYDR Читать далее 👉 https://smartlab.news/i/205569 мы в max,28.09.2026,7:37,СМАРТЛАБ НОВОСТИ,28.09.2026 7:37:37,,,
Важно,"⬆️🇷🇺#EUTR = +10% = планка в субботу сообщалось, что Минэнерго предложило рассмотреть возможность применения к активам оператора сети АЗС «Трасса» механизма внешнего управления, предусмотренного новым указом президента о безопасности критической инфраструктуры",28.09.2026,7:38,MarketTwits,28.09.2026 7:38:18,ЕвроТранс,,
Важно,"❗️🇪🇺#европа #макро Распад Европы отменяется. ЕС разрабатывает поэтапные планы вступления в блок для четырех стран: Албании, Молдавии, Украины и Черногории — POLITICO",28.09.2026,7:42,MarketTwits,28.09.2026 7:42:10,Украина,,
Возможно,"⚠️🇮🇷#иран #геополитика Генерал Шекарчи в эфире IRIB News заявил, что даже если война закончится, Иран просто так ничего не оставит, и Трамп и Нетаньяху понесут ""заслуженное наказание"". Это неизбежно и это лишь вопрос времени.",28.09.2026,7:42,MarketTwits,28.09.2026 7:42:42,,,
Не важно,"⬆️✴️#ZEC #прогноз #крипто Сооснователь Zcash Эли Бен-Сассон заявил, что, по его прогнозам, цена ZEC достигнет $5000 к концу этого года.",28.09.2026,7:45,MarketTwits,28.09.2026 7:45:48,,,
Возможно,Минфин РФ обсуждает обязательное страхование киберрисков для бизнеса для критической инфраструктуры по аналогии с обязательным страхованием опасных объектов #RENI #RGSS Читать далее 👉 https://smartlab.news/i/205570 мы в max,28.09.2026,7:46,СМАРТЛАБ НОВОСТИ,28.09.2026 7:46:40,,,
Не важно,Мировые инвесторы перекладывают средства из гособлигаций США в корпоративные бумаги и облигации развивающихся стран — Ъ Читать далее 👉 https://smartlab.news/i/205571 мы в max,28.09.2026,7:53,СМАРТЛАБ НОВОСТИ,28.09.2026 7:53:07,,,
Не важно,"🛢🇪🇺#спг #европа #азия Этой зимой Европу ждет сильная конкуренция с Азией за СПГ. На фоне ограничений поставок с Б.Востока, Азиаты готовы платить намного больше — FT EUROPE BRACES FOR LNG TUG OF WAR WITH ASIA",28.09.2026,8:00,MarketTwits,28.09.2026 8:00:27,,,
Возможно,"Система гарантирования вкладов в России с 1 января 2027 года будет расширена на три новых вида страхования — замглавы Минфина Иван Чебесков «С 2027 года система гарантирования заработает для продуктов добровольного страхования жизни – это ДСЖ (долевое страхование жизни), страхование жизни с гарантированной и с расчетной доходностью», — сказал Чебесков. Читать далее 👉 https://smartlab.news/i/205572 мы в max",28.09.2026,8:00,СМАРТЛАБ НОВОСТИ,28.09.2026 8:00:28,,,
Не важно,"⚠️🇦🇺#дкп #австралия ЦБ Австралии повысит ставку на заседании 29 сентября на фоне ускоряющейся инфляции — аналитики, опрос BBG",28.09.2026,8:04,MarketTwits,28.09.2026 8:04:10,,,
Возможно,Российские активы 27 иностранных компаний и групп передавались во временное управление с апреля 2023 года — подсчеты РБК Читать далее 👉 https://smartlab.news/i/205574 мы в max,28.09.2026,8:06,СМАРТЛАБ НОВОСТИ,28.09.2026 8:06:00,,,
Возможно,Александр Вучич подписал документ о своей отставке с поста президента Сербии До конца декабря должны будут состояться президентские выборы. Читать далее 👉 https://smartlab.news/i/205575 мы в max,28.09.2026,8:08,СМАРТЛАБ НОВОСТИ,28.09.2026 8:08:20,,,
Не важно,"❗️🇨🇳#китай #экономика #отчетность Прибыль промпредприятий КНР выросла в августе на 4.2% г/г - это самый низкий темп роста в этом году — данные статбюро КНР с начала года рост составил +15.7% China posts weakest industrial profit growth this year, expanding 4.2% in August",28.09.2026,8:09,MarketTwits,28.09.2026 8:09:27,,,
Возможно,"Цены на бензин внесут дополнительно 2,4 п.п. в рост цен на непродовольственные товары по итогам 2026 г. — Минэкономразвития Читать далее 👉 https://smartlab.news/i/205576 мы в max",28.09.2026,8:14,СМАРТЛАБ НОВОСТИ,28.09.2026 8:14:52,,,
Не важно,"❗️🇨🇳#ии #warning #китай #макро Китай считает западные страшилки про ИИ-апокалипсис ""маркетингом страха"" для сдерживания конкуренции. Развитие ИИ тормозить не собирается, делает ставку на госконтроль, считая риск потери власти над ИИ маловероятным — NYT THE SURPRISING REASONS CHINA IS SKEPTICAL OF A.I. SAFETY CALLS",28.09.2026,8:16,MarketTwits,28.09.2026 8:16:15,,,
Возможно,Банки ждут ухудшения качества кредитов малому и среднему бизнесу — Ведомости #SBER #VTBR Читать далее 👉 https://smartlab.news/i/205577 мы в max,28.09.2026,8:20,СМАРТЛАБ НОВОСТИ,28.09.2026 8:20:19,,,
Возможно,VK Tech выступит IT‑интегратором при разработке единой цифровой платформы для недропользования — Ведомости #VKCO Читать далее 👉 https://smartlab.news/i/205578 мы в max,28.09.2026,8:25,СМАРТЛАБ НОВОСТИ,28.09.2026 8:25:33,,,
Возможно,🇷🇺#энергетика #россия Энергетики рассматривают проведение отборов вне зависимости от типа оборудования — от возобновляемой энергетики до сетевых проектов — более чем на шесть лет вперед. Такой механизм они предлагают назвать ДНК — долгосрочные нейтральные отборы. — Ъ,28.09.2026,8:30,MarketTwits,28.09.2026 8:30:15,,,
Возможно,"🛢🇷🇺#нефть #топливо #россия #прогноз Правительство пересмотрело прогноз добычи и экспорта углеводородов. Экспорт нефти из страны растет на фоне снижения переработки сырья — Ведомости Экспорт нефти по итогам года ожидается в объеме 244,7 млн т, что на 3% превосходит предыдущую оценку и на 6% – фактические отгрузки в 2025 г. Экспорт нефтепродуктов будет на 20% меньше по сравнению с майской оценкой и на 22% – по сравнению с 2025 г.: всего 98,5 млн т, следует из документа.",28.09.2026,8:33,MarketTwits,28.09.2026 8:33:24,,,
Не важно,"🇷🇺#VKCO В 2027 году появится цифровая платформа данных о недрах. На ее базе смогут работать до ИИ-30 агентов. VK Tech выступит в качестве IT-интегратора, который будет вести разработку на единой платформе.",28.09.2026,8:35,MarketTwits,28.09.2026 8:35:23,,,
Не важно,⬇️✴️#BTC < $83 000,28.09.2026,8:36,MarketTwits,28.09.2026 8:36:04,,,
Возможно,"Банкротств нет, но прибыль рыбной отрасли сильно снизилась — глава ВАРПЭ Герман Зверев в интервью ""Ведомости"" #AQUA - За три года ежегодные платежи банкам в отрасли выросли почти в 4 раза, операционный денежный поток за тот же период увеличился всего в 1,2 раза - Начиная с 2022 г. дебиторская задолженность составляет примерно 45–50% отраслевой выручки: отрасль в определенной степени утратила контроль над рынками сбыта и своими издержками. Читать далее 👉 https://smartlab.news/i/205579 мы в max",28.09.2026,8:36,СМАРТЛАБ НОВОСТИ,28.09.2026 8:36:40,,,
Не важно,🇺🇸#акции #сша #обзор #cot Иностранные инвесторы вложили $426 млрд в акции США во 2кв 2026г. Это крупнейший квартальный приток за всю историю — FT,28.09.2026,8:40,MarketTwits,28.09.2026 8:40:37,,,
Возможно,Продажа МФО долгов коллекторам во 2кв 2026г выросла на 52% кв/кв и на 32% г/г до 43 млрд руб — Известия #ZAYM Читать далее 👉 https://smartlab.news/i/205580 мы в max,28.09.2026,8:43,СМАРТЛАБ НОВОСТИ,28.09.2026 8:43:57,,,
Возможно,"Нефтегазовые доходы федерального бюджета в 2026 году могут составить 7,3 трлн руб (на 18% меньше плана) — Известия со ссылкой на доклад Счетной палаты Читать далее 👉 https://smartlab.news/i/205582 мы в max",28.09.2026,8:47,СМАРТЛАБ НОВОСТИ,28.09.2026 8:47:56,,,
Возможно,⬆️🇷🇺#металлы #россия Лом черных металлов в портах подорожал на 4–5% за месяц — Ъ Сокращение предложения стальных полуфабрикатов в условиях ограничения логистики на Черном море повысило спрос на лом черных металлов в Турции и привело к росту цен на это сырье.,28.09.2026,8:48,MarketTwits,28.09.2026 8:48:00,,,
Не важно,⚠️🧠#ии #warning Глав OpenAI и Anthropic вызвали в парламент Австралии из-за ИИ-взломов государственных органов Австралии и США.,28.09.2026,8:51,MarketTwits,28.09.2026 8:51:11,,,
Возможно,"Совладелец Лукойла Вагит Алекперов возглавил рейтинг россиян по версии Forbes с наибольшими выплаченными дивидендами за 2025 год - 106,2 млрд руб #LKOH #NVTK Читать далее 👉 https://smartlab.news/i/205583 мы в max",28.09.2026,8:53,СМАРТЛАБ НОВОСТИ,28.09.2026 8:53:16,,,
Не важно,"⚠️🧠#ии #warning Билл Гейтс продолжает предупреждать об опасности выхода ИИ из под контроля и призывает Конгресс принять соответствующее законодательство, а не ограничиваться саморегулированием — интервью NBC",28.09.2026,8:54,MarketTwits,28.09.2026 8:54:23,,,
Не важно,Baker Hughes пытается в госсуде РФ избежать взыскания 30 млн долларов в пользу Ямал СПГ — Ъ #NVTK #BKR Читать далее 👉 https://smartlab.news/i/205584 мы в max,28.09.2026,8:56,СМАРТЛАБ НОВОСТИ,28.09.2026 8:56:16,,,
Не важно,🔔 Доброе утро! Сегодня 28.09 ожидаем следующие события: 🇷🇺 ММЦБ: GEMA: закрытие реестра по дивидендам 2.74 руб 🇷🇺 HeadHunter (Хэдхантер): HEAD: закрытие реестра по дивидендам 200 руб 🇷🇺 ОЗОН Фармацевтика: OZPH: последний день с дивидендом 0.49 руб 🇷🇺 ВсеИнструменты.ру: СД рассмотрит покупку акций ВсеИнструменты.ру 📆 Полный календарь тут: https://smart-lab.ru/calendar/stocks/ ✊Удачных инвестиций!,28.09.2026,9:00,СМАРТЛАБ НОВОСТИ,28.09.2026 9:00:02,,,
Важно,"🇷🇺#бюджет #россия #обзор Дорогая нефть пока не спасает бюджет от снижения сырьевых доходов. По свежим оценкам Счетной палаты, в 2026 году они составят 7,3 трлн рублей — на 1,6 трлн меньше плана. Поступления налогов от добычи ожидаются ниже расчета. Влияет крепкий рубль, к тому же часть прибавки съедают расходы на доставку и страхование сырья. Вместе с тем для бюджета возрастает значение поступлений, не связанных с нефтью и газом, а они растут. — Известия",28.09.2026,9:03,MarketTwits,28.09.2026 9:03:21,ЦБ,,
Важно,"⚠️🇺🇦#налоги #украина Премьер-министр Украины Корецкий подтвердил, что НДС будет повышен на 1% в 2027 г — интервью телеканалу «ТСН. Новости»",28.09.2026,9:06,MarketTwits,28.09.2026 9:06:13,Украина,,
Возможно,"По бумагам Евротранса проводится дискретный аукцион из-за роста цены более, чем на 20%, возобновление торгов в 09:40 — Мосбиржа #EUTR Читать далее 👉 https://smartlab.news/i/205586 мы в max",28.09.2026,9:09,СМАРТЛАБ НОВОСТИ,28.09.2026 9:09:08,,,
Важно,"🇺🇦#украина #прогноз Украина встречает эту зиму лучше подготовленной, чем в прошлом году, — ПМ Украины Корецкий",28.09.2026,9:10,MarketTwits,28.09.2026 9:10:44,Украина,,
Не важно,"🛢🇩🇪#газ #германия #европа Германия вступает в зиму с необычно низким уровнем запасов природного газа, но непосредственных рисков для поставок нет благодаря более широкому и устойчивому портфелю импорта, чем во время энергетического кризиса 2022г, заявил глава немецкого импортера газа VNG German gas supply is secure despite low storage levels, VNG chief says",28.09.2026,9:14,MarketTwits,28.09.2026 9:14:46,,,
Возможно,"🇷🇺#мфо #россия МФО резко увеличили продажу проблемных долгов коллекторам: за апрель–июнь они уступили займов на 43 млрд рублей — в 1,5 раза больше, чем кварталом ранее, и на треть больше, чем год назад. Это максимум за 2 года — Известия Дисконт при продаже достиг 80%: коллекторы платят около 20 копеек за рубль номинального долга против 36 копеек годом ранее. Причина — ухудшение качества займов: доля просрочки свыше 90 дней выросла с 29 до 35% за год.",28.09.2026,9:18,MarketTwits,28.09.2026 9:18:02,,,
Возможно,"Налоговые инициативы Минфина негативно отразятся на привлекательности и капитализации отечественного фондового рынка — Алексей Тимофеев, президент НАУФОР Читать далее 👉 https://smartlab.news/i/205587 мы в max",28.09.2026,9:20,СМАРТЛАБ НОВОСТИ,28.09.2026 9:20:15,,,
Не важно,⚠️🇯🇵#доходности #облигации #япония Доходность 2-леток Японии обновляет высокие уровни 31-летней давности,28.09.2026,9:21,MarketTwits,28.09.2026 9:21:29,,,
Возможно,"🇷🇺#бизнес #россия #поддержка В России на год отменены проверки пострадавшего от атак бизнеса, сообщил вице-премьер Дмитрий Григоренко",28.09.2026,9:22,MarketTwits,28.09.2026 9:22:42,,,
Возможно,🇷🇺#LKOH #дивиденд Основатель «ЛУКОЙЛа» Вагит Алекперов возглавил рейтинг Forbes по наибольшим суммам дивидендов,28.09.2026,9:25,MarketTwits,28.09.2026 9:25:32,,,
Возможно,"Правительство поручило пересмотреть подходы к механизмам финансирования строительства энергообъектов — Максим Быстров, НП ""Совет рынка"" #HYDR #IRAO Читать далее 👉 https://smartlab.news/i/205588 мы в max",28.09.2026,9:27,СМАРТЛАБ НОВОСТИ,28.09.2026 9:27:27,,,
Важно,"Вице-премьер Григоренко: Правительство на год освободит от проверок коммерческие объекты, пострадавшие в результате атак БПЛА #OZON Читать далее 👉 https://smartlab.news/i/205589 мы в max",28.09.2026,9:30,СМАРТЛАБ НОВОСТИ,28.09.2026 9:30:10,Ozon,,
Важно,🇷🇺#ROLO #отчетность РУСОЛОВО УСТАНАВЛИВАЕТ НОВЫЙ ИСТОРИЧЕСКИЙ РЕКОРД: ПРОИЗВОДСТВО ОЛОВА В КОНЦЕНТРАТЕ ЗА 9 МЕСЯЦЕВ 2026 ГОДА ВПЕРВЫЕ ПРЕВЫСИЛО 3 000 ТОНН отчет,28.09.2026,9:30,MarketTwits,28.09.2026 9:30:57,Русолово,,
Возможно,"Русолово устанавливает новый исторический рекорд: производство олова в концентрате за 9 мес 2026 г. впервые превысило 3000 т #ROLO Одновременно выпуск меди в концентрате также преодолел важный рубеж, составив свыше 2 000 тонн (более, чем +15% г/г). Читать далее 👉 https://smartlab.news/i/205590 мы в max",28.09.2026,9:32,СМАРТЛАБ НОВОСТИ,28.09.2026 9:32:48,,,
Не важно,⬆️🇺🇸#акции #сша #доходности Акции США пока игнорируют стремительный рост доходностей — WSJ STOCKS ARE DEFYING SURGING BOND YIELDS,28.09.2026,9:34,MarketTwits,28.09.2026 9:34:02,,,
Не важно,⬆️✴️#SOL #крипто #обзор #cot Спотовые SOL ETF за неделю привлекли рекордные $188 млн — данные Farside,28.09.2026,9:37,MarketTwits,28.09.2026 9:37:09,,,
Возможно,Россияне с 1 октября смогут пополнять счета в банке через сторонние банкоматы Решение о внедрении такой услуги банки будут принимать самостоятельно. Читать далее 👉 https://smartlab.news/i/205591 мы в max,28.09.2026,9:39,СМАРТЛАБ НОВОСТИ,28.09.2026 9:39:20,,,
Возможно,"МНЕНИЕ: До конца года курс рубля, вероятно, сохранится в нынешних границах без резких колебаний — экономист Бадалов Читать далее 👉 https://smartlab.news/i/205592 мы в max",28.09.2026,9:41,СМАРТЛАБ НОВОСТИ,28.09.2026 9:41:38,,,
Возможно,🚫🛢🇶🇦#спг #катар #форсмажор КАТАР ПРОДЛИЛ ФОРС-МАЖОР ПО ПОСТАВКАМ СПГ В ПАКИСТАН ДО НОЯБРЯ,28.09.2026,9:42,MarketTwits,28.09.2026 9:42:36,,,
Важно,"Глава МИД Германии заявил, что его решение встретиться с Лавровым было продиктовано соображениями безопасности и необходимостью решить проблему растущего кризиса в сфере экспорта продовольствия Читать далее 👉 https://smartlab.news/i/205593 мы в max",28.09.2026,9:48,СМАРТЛАБ НОВОСТИ,28.09.2026 9:48:26,,,
Не важно,⬇️🇨🇳#акции #китай Shanghai Composite = -2%,28.09.2026,9:49,MarketTwits,28.09.2026 9:49:38,,,
Важно,"#Политика «Я разговаривал с президентом Зеленским. Я сказал, что вам нужно ослабить удары по нефтеперерабатывающим заводам. Он ответил: ""Мы, вероятно, так и сделаем, потому что мы создаем проблемы, мировые проблемы"". Есть и другие вещи, которые он может сделать», - сказал Трамп.",28.09.2026,9:50,Сигналы РЦБ,28.09.2026 9:50:06,Украина,,
Возможно,#Нефтянка Тем временем Трамп отказался открывать Ормуз в обмен на снятие блокады с Ирана,28.09.2026,9:52,Сигналы РЦБ,28.09.2026 9:52:12,,,
Возможно,"Экспорт сырой нефти от ключевых производителей на Ближнем Востоке вырос в сентябре до 12,8 млн б/с — максимальный показатель с начала войны в Иране — Reuters Читать далее 👉 https://smartlab.news/i/205594 мы в max",28.09.2026,9:53,СМАРТЛАБ НОВОСТИ,28.09.2026 9:53:00,,,
Не важно,"⚠️🌎#облигации #cot #em Крупные международные управляющие, такие как JPMorgan Asset Management и тд, сокращают вложения в самые рискованные облигации развивающихся стран из-за опасений дальнейшего обвала на фоне роста доходностей облигаций США. — BBG Emerging Market Investors Shun Riskiest Bonds as US Yields Soar",28.09.2026,9:54,MarketTwits,28.09.2026 9:54:00,,,
Не важно,⬇️🇷🇺#IMOEX = -0.6% после +0.3% с утра,28.09.2026,9:58,MarketTwits,28.09.2026 9:58:52,,,
Не важно,⬆️🇷🇺#EUTR = +18%,28.09.2026,9:59,MarketTwits,28.09.2026 9:59:15,,,
Важно,"🇷🇺#MGKL #отчетность МГКЛ продолжает генерировать положительный финансовый результат: бизнес наращивает выручку и остаётся прибыльным. Выручка растёт вместе с масштабом бизнеса. По предварительной оценке, за январь–август 2026 года она составила 34,3 млрд рублей — в 2,4 раза г/г — компания",28.09.2026,10:01,MarketTwits,28.09.2026 10:01:47,МГКЛ,,
Возможно,"#MGKL МГКЛ продолжает генерировать положительный финансовый результат: бизнес наращивает выручку и остаётся прибыльным. Выручка растёт вместе с масштабом бизнеса. По предварительной оценке, за январь–август 2026 года она составила 34,3 млрд рублей — в 2,4 раза г/г — компания",28.09.2026,10:04,Сигналы РЦБ,28.09.2026 10:04:43,,,
Возможно,"⚠️🇷🇺#недвижимость #россия Из-за выхода на рынок инвестиционных квартир сейчас сдается на 27% больше объектов, чем годом ранее. Спрос на жилье, как и платежеспособность арендаторов, в то же время ограничен. Средний дисконт на рынке долгосрочной аренды квартир вырос с 9% до 10,6% — Ъ",28.09.2026,10:05,MarketTwits,28.09.2026 10:05:50,,,